<?xml version='1.0' encoding='utf-8'?>
<kml xmlns="http://www.opengis.net/kml/2.2"><Document><Style id="4326_запретная_зона_normal"><PolyStyle><color>4d0000de</color><fill>1</fill><outline>1</outline></PolyStyle><LineStyle><color>ff232323</color><width>1.04</width></LineStyle></Style><Style id="4326_запретная_зона_highlight"><PolyStyle><color>4d0000de</color><fill>1</fill><outline>1</outline></PolyStyle><LineStyle><color>ff232323</color><width>1.56</width></LineStyle></Style><StyleMap id="4326_запретная_зона_map"><Pair><key>normal</key><styleUrl>#4326_запретная_зона_normal</styleUrl></Pair><Pair><key>highlight</key><styleUrl>#4326_запретная_зона_highlight</styleUrl></Pair></StyleMap><Style id="4326_пост_ограничение_normal"><PolyStyle><color>4d0060ef</color><fill>1</fill><outline>1</outline></PolyStyle><LineStyle><color>ff232323</color><width>1.04</width></LineStyle></Style><Style id="4326_пост_ограничение_highlight"><PolyStyle><color>4d0060ef</color><fill>1</fill><outline>1</outline></PolyStyle><LineStyle><color>ff232323</color><width>1.56</width></LineStyle></Style><StyleMap id="4326_пост_ограничение_map"><Pair><key>normal</key><styleUrl>#4326_пост_ограничение_normal</styleUrl></Pair><Pair><key>highlight</key><styleUrl>#4326_пост_ограничение_highlight</styleUrl></Pair></StyleMap><Style id="4326_врем_ограничение_normal"><PolyStyle><color>4d00ffff</color><fill>1</fill><outline>1</outline></PolyStyle><LineStyle><color>ff232323</color><width>1.04</width></LineStyle></Style><Style id="4326_врем_ограничение_highlight"><PolyStyle><color>4d00ffff</color><fill>1</fill><outline>1</outline></PolyStyle><LineStyle><color>ff232323</color><width>1.56</width></LineStyle></Style><StyleMap id="4326_врем_ограничение_map"><Pair><key>normal</key><styleUrl>#4326_врем_ограничение_normal</styleUrl></Pair><Pair><key>highlight</key><styleUrl>#4326_врем_ограничение_highlight</styleUrl></Pair></StyleMap><Style id="4326_svo_normal"><PolyStyle><color>4dff8c00</color><fill>1</fill><outline>1</outline></PolyStyle><LineStyle><color>ff232323</color><width>1.04</width></LineStyle></Style><Style id="4326_svo_highlight"><PolyStyle><color>4dff8c00</color><fill>1</fill><outline>1</outline></PolyStyle><LineStyle><color>ff232323</color><width>1.56</width></LineStyle></Style><StyleMap id="4326_svo_map"><Pair><key>normal</key><styleUrl>#4326_svo_normal</styleUrl></Pair><Pair><key>highlight</key><styleUrl>#4326_svo_highlight</styleUrl></Pair></StyleMap><Folder><name>4326</name><Placemark><styleUrl>#4326_врем_ограничение_map</styleUrl><name>UUR201</name><description>Некорректная геометрия! От 800 м (2700 фут) AMSL до FL90</description><ExtendedData><Data name="Name"><value>UUR201</value></Data><Data name="Altitudes"><value>Некорректная геометрия! От 800 м (2700 фут) AMSL до FL90</value></Data><Data name="Type"><value>врем_ограничение</value></Data></ExtendedData><MultiGeometry><Polygon><outerBoundaryIs><LinearRing><coordinates>35.6966666994502,56.3533333116694 35.8666666685943,56.0999999878445 35.4350000336001,56.2200000095985 35.3061111041076,56.3886111058249 35.3119444042366,56.4272222119619 35.7333333242336,56.4166666824646 35.6966666994502,56.3533333116694</coordinates></LinearRing></outerBoundaryIs></Polygon></MultiGeometry></Placemark><Placemark><styleUrl>#4326_врем_ограничение_map</styleUrl><name>UUR202</name><description>От FL280 до FL400</description><ExtendedData><Data name="Name"><value>UUR202</value></Data><Data name="Altitudes"><value>От FL280 до FL400</value></Data><Data name="Type"><value>врем_ограничение</value></Data></ExtendedData><MultiGeometry><Polygon><outerBoundaryIs><LinearRing><coordinates>41.7888888715712,51.7444444626973 42.1763888474748,51.9527777549616 42.6250000443473,51.9763889156635 42.5833333068609,51.5166666753462 42.9666666269822,50.7499999726254 42.7847222086627,50.6611111002424 41.7888888715712,51.7444444626973</coordinates></LinearRing></outerBoundaryIs></Polygon></MultiGeometry></Placemark><Placemark><styleUrl>#4326_врем_ограничение_map</styleUrl><name>UUR203</name><description>От 700 м (2300 фут) AMSL до FL280</description><ExtendedData><Data name="Name"><value>UUR203</value></Data><Data name="Altitudes"><value>От 700 м (2300 фут) AMSL до FL280</value></Data><Data name="Type"><value>врем_ограничение</value></Data></ExtendedData><MultiGeometry><Polygon><outerBoundaryIs><LinearRing><coordinates>40.433333353623,51.4666666526044 42.6499999790412,52.3000000231067 42.5833333068609,51.5166666753462 42.9666666269822,50.7499999726254 41.9666666341083,50.2499999761 40.7166666654738,50.8499999958337 40.433333353623,51.4666666526044</coordinates></LinearRing></outerBoundaryIs></Polygon></MultiGeometry></Placemark><Placemark><styleUrl>#4326_врем_ограничение_map</styleUrl><name>UUR204</name><description>От земли до FL160</description><ExtendedData><Data name="Name"><value>UUR204</value></Data><Data name="Altitudes"><value>От земли до FL160</value></Data><Data name="Type"><value>врем_ограничение</value></Data></ExtendedData><MultiGeometry><Polygon><outerBoundaryIs><LinearRing><coordinates>40.3000000092623,51.5333333523471 40.433333353623,51.4666666526044 40.7166666654738,50.8499999958337 41.9666666341083,50.2499999761 40.7833333376542,49.7000000043961 40.0883333026318,49.8999999817202 40.3166666323916,50.2933333620594 39.7016666938172,50.6666666697216 40.066666656631,51.0999999810813 40.3000000092623,51.5333333523471</coordinates></LinearRing></outerBoundaryIs></Polygon></MultiGeometry></Placemark><Placemark><styleUrl>#4326_врем_ограничение_map</styleUrl><name>UUR206</name><description>От земли до FL240</description><ExtendedData><Data name="Name"><value>UUR206</value></Data><Data name="Altitudes"><value>От земли до FL240</value></Data><Data name="Type"><value>врем_ограничение</value></Data></ExtendedData><MultiGeometry><Polygon><outerBoundaryIs><LinearRing><coordinates>38.21333334968,52.0099999764011 39.1499999590668,51.7333333103652 40.1333333288114,51.6166666607908 39.9999999844507,51.1833333269575 39.0999999998473,50.1000000187747 37.8666666543421,50.8166666574686 38.033333334793,51.5166666753462 37.4699999997848,51.6566666638401 38.21333334968,52.0099999764011</coordinates></LinearRing></outerBoundaryIs></Polygon></MultiGeometry></Placemark><Placemark><styleUrl>#4326_врем_ограничение_map</styleUrl><name>UUR207</name><description>От 1200 м (4000 фут) AMSL до FL250</description><ExtendedData><Data name="Name"><value>UUR207</value></Data><Data name="Altitudes"><value>От 1200 м (4000 фут) AMSL до FL250</value></Data><Data name="Type"><value>врем_ограничение</value></Data></ExtendedData><MultiGeometry><Polygon><outerBoundaryIs><LinearRing><coordinates>39.1499999590668,51.7333333103652 39.9333333122703,51.650000009722 39.9999999844507,51.1833333269575 39.8500000169606,49.7166666610323 39.0999999998473,50.1000000187747 39.2499999673374,51.566666675143 39.1499999590668,51.7333333103652</coordinates></LinearRing></outerBoundaryIs></Polygon></MultiGeometry></Placemark><Placemark><styleUrl>#4326_врем_ограничение_map</styleUrl><name>UUR208</name><description>От FL250 до FL400</description><ExtendedData><Data name="Name"><value>UUR208</value></Data><Data name="Altitudes"><value>От FL250 до FL400</value></Data><Data name="Type"><value>врем_ограничение</value></Data></ExtendedData><MultiGeometry><Polygon><outerBoundaryIs><LinearRing><coordinates>38.9500000323573,51.050000000971 39.8500000169606,49.9666666454735 38.3000000235145,50.3499999754665 38.0833332940126,50.6666666697216 38.9500000323573,51.050000000971</coordinates></LinearRing></outerBoundaryIs></Polygon></MultiGeometry></Placemark><Placemark><styleUrl>#4326_врем_ограничение_map</styleUrl><name>UUR209</name><description>От 1000 м (3300 фут) AMSL до FL150</description><ExtendedData><Data name="Name"><value>UUR209</value></Data><Data name="Altitudes"><value>От 1000 м (3300 фут) AMSL до FL150</value></Data><Data name="Type"><value>врем_ограничение</value></Data></ExtendedData><MultiGeometry><Polygon><outerBoundaryIs><LinearRing><coordinates>33.2666666332233,55.6166666430035 34.7666666674499,55.4500000138987 34.7749999790146,55.3783333286953 33.2466666315692,55.2799999969025 33.2666666332233,55.6166666430035</coordinates></LinearRing></outerBoundaryIs></Polygon></MultiGeometry></Placemark><Placemark><styleUrl>#4326_врем_ограничение_map</styleUrl><name>UUR210</name><description>От 1000 м (3300 фут) AMSL до FL170</description><ExtendedData><Data name="Name"><value>UUR210</value></Data><Data name="Altitudes"><value>От 1000 м (3300 фут) AMSL до FL170</value></Data><Data name="Type"><value>врем_ограничение</value></Data></ExtendedData><MultiGeometry><Polygon><outerBoundaryIs><LinearRing><coordinates>33.2466666315692,55.2799999969025 34.7749999790146,55.3783333286953 34.8499999627596,54.849999984071 33.8833333059759,54.8833333204587 33.7366666271791,54.9249999924415 33.716666625525,55.0333333411688 33.2833333461841,55.0333333411688 33.2466666315692,55.2799999969025</coordinates></LinearRing></outerBoundaryIs></Polygon></MultiGeometry></Placemark><Placemark><styleUrl>#4326_врем_ограничение_map</styleUrl><name>UUR211</name><description>От 1000 м (3300 фут) AMSL до FL270</description><ExtendedData><Data name="Name"><value>UUR211</value></Data><Data name="Altitudes"><value>От 1000 м (3300 фут) AMSL до FL270</value></Data><Data name="Type"><value>врем_ограничение</value></Data></ExtendedData><MultiGeometry><Polygon><outerBoundaryIs><LinearRing><coordinates>35.4094444010714,55.2104247773763 35.4278744171035,55.2095939571514 35.4458484482973,55.2071220946505 35.4629217387557,55.203070277968 35.4786723497898,55.1975387864223 35.4927114007131,55.1906644251821 35.5046928604781,55.1826171036137 35.5143221715032,55.1735955470603 35.5213630768686,55.1638224935813 35.5256439085235,55.1535390590012 35.5270613602103,55.1429987769054 35.5255827332527,55.1324612564254 35.5212466552078,55.1221858657683 35.514161822225,55.1124252860687 35.504504483763,55.1034194517133 35.492513322193,55.0953895206326 35.4784838832432,55.0885325497658 35.4627613894775,55.0830167802323 35.4457319368049,55.0789774886383 35.4278132418326,55.0765136185083 35.4094444010714,55.0756855598247 35.3910755603102,55.0765136185083 35.3731568653379,55.0789774886383 35.3561274126653,55.0830167802323 35.3404049188996,55.0885325497658 35.3263754799498,55.0953895206326 35.3143843183798,55.1034194517133 35.3047269799178,55.1124252860687 35.297642146935,55.1221858657683 35.2933060688901,55.1324612564254 35.2918274419325,55.1429987769054 35.2932448936193,55.1535390590012 35.2975257252742,55.1638224935813 35.3045666306396,55.1735955470603 35.3141959416647,55.1826171036137 35.3261774014297,55.1906644251821 35.3402164523529,55.1975387864223 35.3559670633871,55.203070277968 35.3730403538455,55.2071220946505 35.3910143850393,55.2095939571514 35.4094444010714,55.2104247773763</coordinates></LinearRing></outerBoundaryIs></Polygon></MultiGeometry></Placemark><Placemark><styleUrl>#4326_врем_ограничение_map</styleUrl><name>UUR212</name><description>Oт FL140 до FL260</description><ExtendedData><Data name="Name"><value>UUR212</value></Data><Data name="Altitudes"><value>Oт FL140 до FL260</value></Data><Data name="Type"><value>врем_ограничение</value></Data></ExtendedData><MultiGeometry><Polygon><outerBoundaryIs><LinearRing><coordinates>41.4711110974553,55.4694444293229 43.7000000209662,55.4819444428567 44.223888870838,55.3466666804657 44.0527777755189,55.1277777948822 43.3511110732784,55.1197221981585 43.2133333140495,55.1016666740508 42.9799999614183,54.9755555545252 42.9588889234208,54.8652777775716 42.9919444105936,54.6866666432185 42.2500000357906,54.8166666621756 41.8230555747504,54.7852777925791 41.6611110682536,55.3416666502561 41.4711110974553,55.4694444293229</coordinates></LinearRing></outerBoundaryIs></Polygon></MultiGeometry></Placemark><Placemark><styleUrl>#4326_врем_ограничение_map</styleUrl><name>UUR213</name><description>От 1200 м (4000 фут) AMSL до FL240</description><ExtendedData><Data name="Name"><value>UUR213</value></Data><Data name="Altitudes"><value>От 1200 м (4000 фут) AMSL до FL240</value></Data><Data name="Type"><value>врем_ограничение</value></Data></ExtendedData><MultiGeometry><Polygon><outerBoundaryIs><LinearRing><coordinates>39.7016666938172,50.6666666697216 40.3166666323916,50.2933333620594 40.0883333026318,49.8999999817202 39.3666666885688,50.1166666862934 39.3833333116981,50.2333333452793 39.7016666938172,50.6666666697216</coordinates></LinearRing></outerBoundaryIs></Polygon></MultiGeometry></Placemark><Placemark><styleUrl>#4326_врем_ограничение_map</styleUrl><name>UUR214</name><description>От земли до 1850 м (6100 фут) AMSL</description><ExtendedData><Data name="Name"><value>UUR214</value></Data><Data name="Altitudes"><value>От земли до 1850 м (6100 фут) AMSL</value></Data><Data name="Type"><value>врем_ограничение</value></Data></ExtendedData><MultiGeometry><Polygon><outerBoundaryIs><LinearRing><coordinates>35.3999999633318,55.0166666527406 36.2166666526255,55.1833333484683 36.2166666526255,55.0833333407224 36.2833333248058,55.0333333411688 36.6999999810173,54.9666666740625 36.5666666366566,54.8833333204587 36.2833333248058,54.7666666883597 35.5833333567436,54.7499999781097 35.3999999633318,55.0166666527406</coordinates></LinearRing></outerBoundaryIs></Polygon></MultiGeometry></Placemark><Placemark><styleUrl>#4326_врем_ограничение_map</styleUrl><name>UUR215</name><description>От FL150 до FL980</description><ExtendedData><Data name="Name"><value>UUR215</value></Data><Data name="Altitudes"><value>От FL150 до FL980</value></Data><Data name="Type"><value>врем_ограничение</value></Data></ExtendedData><MultiGeometry><Polygon><outerBoundaryIs><LinearRing><coordinates>38.0744444642762,55.6041666591023 38.1861110728047,55.5916666414227 39.0630555261465,55.4672222267451 39.4919444804507,55.4502777584036 39.4666666968393,55.2166666729211 38.6466666290209,55.0583333438942 38.1866666808079,55.3466666804657 38.0050000215743,55.4866666848579 37.9999999987029,55.5577777997194 38.0744444642762,55.6041666591023</coordinates></LinearRing></outerBoundaryIs></Polygon></MultiGeometry></Placemark><Placemark><styleUrl>#4326_врем_ограничение_map</styleUrl><name>UUR216</name><description>От земли до FL980</description><ExtendedData><Data name="Name"><value>UUR216</value></Data><Data name="Altitudes"><value>От земли до FL980</value></Data><Data name="Type"><value>врем_ограничение</value></Data></ExtendedData><MultiGeometry><Polygon><outerBoundaryIs><LinearRing><coordinates>39.3000000163884,55.4583333324516 39.9574999697068,55.4297222209189 41.376388871142,55.4638888656381 41.5666666908577,55.3333333257119 41.633333363038,55.11666667585 39.4666666968393,55.2166666729211 39.3000000163884,55.4583333324516</coordinates></LinearRing></outerBoundaryIs></Polygon></MultiGeometry></Placemark><Placemark><styleUrl>#4326_врем_ограничение_map</styleUrl><name>UUR217</name><description>От FL130 до FL980</description><ExtendedData><Data name="Name"><value>UUR217</value></Data><Data name="Altitudes"><value>От FL130 до FL980</value></Data><Data name="Type"><value>врем_ограничение</value></Data></ExtendedData><MultiGeometry><Polygon><outerBoundaryIs><LinearRing><coordinates>41.1833333707363,54.7333333401047 41.7666667073987,54.6999999973398 43.2166666925743,54.6266666704393 43.8499999884562,54.6333333461937 43.9166666606366,54.0333333238548 42.3833332903198,53.8499999893294 41.0999999855951,54.0666666504766 41.1833333707363,54.7333333401047</coordinates></LinearRing></outerBoundaryIs></Polygon></MultiGeometry></Placemark><Placemark><styleUrl>#4326_врем_ограничение_map</styleUrl><name>UUR218</name><description>От земли до FL980</description><ExtendedData><Data name="Name"><value>UUR218</value></Data><Data name="Altitudes"><value>От земли до FL980</value></Data><Data name="Type"><value>врем_ограничение</value></Data></ExtendedData><MultiGeometry><Polygon><outerBoundaryIs><LinearRing><coordinates>39.4666666968393,55.2166666729211 41.633333363038,55.11666667585 41.7666667073987,54.6999999973398 41.1833333707363,54.7333333401047 39.7666666318194,54.8333333307138 39.4666666968393,55.2166666729211</coordinates></LinearRing></outerBoundaryIs></Polygon></MultiGeometry></Placemark><Placemark><styleUrl>#4326_врем_ограничение_map</styleUrl><name>UUR219</name><description>От FL100 до FL980</description><ExtendedData><Data name="Name"><value>UUR219</value></Data><Data name="Altitudes"><value>От FL100 до FL980</value></Data><Data name="Type"><value>врем_ограничение</value></Data></ExtendedData><MultiGeometry><Polygon><outerBoundaryIs><LinearRing><coordinates>38.6466666290209,55.0583333438942 39.4666666968393,55.2166666729211 39.7666666318194,54.8333333307138 38.8833333601769,54.7666666883597 38.6466666290209,55.0583333438942</coordinates></LinearRing></outerBoundaryIs></Polygon></MultiGeometry></Placemark><Placemark><styleUrl>#4326_врем_ограничение_map</styleUrl><name>UUR220</name><description>От земли до 450 м (1500 фут) AMSL</description><ExtendedData><Data name="Name"><value>UUR220</value></Data><Data name="Altitudes"><value>От земли до 450 м (1500 фут) AMSL</value></Data><Data name="Type"><value>врем_ограничение</value></Data></ExtendedData><MultiGeometry><Polygon><outerBoundaryIs><LinearRing><coordinates>36.105000044097,52.9266666470906 36.109722218051,52.9175000143811 36.1074999657012,52.9163889015636 36.0988888950507,52.9161111053081 36.0938888721793,52.9244444312137 36.105000044097,52.9266666470906</coordinates></LinearRing></outerBoundaryIs></Polygon></MultiGeometry></Placemark><Placemark><styleUrl>#4326_врем_ограничение_map</styleUrl><name>UUR221</name><description>От FL070 до FL280</description><ExtendedData><Data name="Name"><value>UUR221</value></Data><Data name="Altitudes"><value>От FL070 до FL280</value></Data><Data name="Type"><value>врем_ограничение</value></Data></ExtendedData><MultiGeometry><Polygon><outerBoundaryIs><LinearRing><coordinates>46.5458333763155,57.4588888714588 46.1708333677589,57.1302777817348 43.1383333303045,56.688055541839 42.3722222082336,56.8472222123849 46.5458333763155,57.4588888714588</coordinates></LinearRing></outerBoundaryIs></Polygon></MultiGeometry></Placemark><Placemark><styleUrl>#4326_врем_ограничение_map</styleUrl><name>UUR222</name><description>От земли до 1500 м (5000 фут) AMSL</description><ExtendedData><Data name="Name"><value>UUR222</value></Data><Data name="Altitudes"><value>От земли до 1500 м (5000 фут) AMSL</value></Data><Data name="Type"><value>врем_ограничение</value></Data></ExtendedData><MultiGeometry><Polygon><outerBoundaryIs><LinearRing><coordinates>35.8363888621116,54.0150477110357 35.8375820943035,54.0149923719806 35.838745861754,54.0148277828243 35.8398515980373,54.0145580160261 35.8408720842,54.0141896828396 35.8417821674144,54.0137318277417 35.8425593897982,54.0131958229284 35.8431846172359,54.0125947337683 35.8436424885362,54.0119434778634 35.8439217747581,54.0112580317348 35.8440155588737,54.010555272333 35.8439215052635,54.0098525539192 35.8436420393786,54.0091671790127 35.8431839884152,54.0085159750395 35.8425585813144,54.0079149767033 35.8417813589306,54.0073790024391 35.8408713655478,54.0069212307957 35.8398509692166,54.0065529355228 35.8387454125964,54.0062832206577 35.8375818248089,54.0061187027234 35.8363888621116,54.0060634046541 35.8351958994142,54.0061187027234 35.8340323116267,54.0062832206577 35.8329267550066,54.0065529355228 35.8319063586753,54.0069212307957 35.8309963652925,54.0073790024391 35.8302191429087,54.0079149767033 35.8295937358079,54.0085159750395 35.8291356848445,54.0091671790127 35.8288562189596,54.0098525539192 35.8287621653494,54.010555272333 35.8288559494651,54.0112580317348 35.8291352356869,54.0119434778634 35.8295931069872,54.0125947337683 35.8302183344249,54.0131958229284 35.8309955568088,54.0137318277417 35.8319056400231,54.0141896828396 35.8329261261859,54.0145580160261 35.8340318624691,54.0148277828243 35.8351956299197,54.0149923719806 35.8363888621116,54.0150477110357</coordinates></LinearRing></outerBoundaryIs></Polygon></MultiGeometry></Placemark><Placemark><styleUrl>#4326_врем_ограничение_map</styleUrl><name>UUR223</name><description>От FL070 до FL380</description><ExtendedData><Data name="Name"><value>UUR223</value></Data><Data name="Altitudes"><value>От FL070 до FL380</value></Data><Data name="Type"><value>врем_ограничение</value></Data></ExtendedData><MultiGeometry><Polygon><outerBoundaryIs><LinearRing><coordinates>46.1708333677589,57.1302777817348 45.3500000226829,56.5333333139073 43.4333333322447,56.3000000005071 43.1383333303045,56.688055541839 46.1708333677589,57.1302777817348</coordinates></LinearRing></outerBoundaryIs></Polygon></MultiGeometry></Placemark><Placemark><styleUrl>#4326_врем_ограничение_map</styleUrl><name>UUR224</name><description>От FL130 до FL400</description><ExtendedData><Data name="Name"><value>UUR224</value></Data><Data name="Altitudes"><value>От FL130 до FL400</value></Data><Data name="Type"><value>врем_ограничение</value></Data></ExtendedData><MultiGeometry><Polygon><outerBoundaryIs><LinearRing><coordinates>40.6125000014209,57.4833333472146 42.2574999802662,57.3474999983103 42.1233333586479,56.8541666422831 40.5000000258034,56.9897222152789 40.6125000014209,57.4833333472146</coordinates></LinearRing></outerBoundaryIs></Polygon></MultiGeometry></Placemark><Placemark><styleUrl>#4326_врем_ограничение_map</styleUrl><name>UUR225</name><description>От FL300 до FL320</description><ExtendedData><Data name="Name"><value>UUR225</value></Data><Data name="Altitudes"><value>От FL300 до FL320</value></Data><Data name="Type"><value>врем_ограничение</value></Data></ExtendedData><MultiGeometry><Polygon><outerBoundaryIs><LinearRing><coordinates>40.3347222306133,53.5980555429205 42.1191667028656,53.3841666427295 41.976944438937,52.9494444523555 40.2063889091239,53.1527777830547 40.3347222306133,53.5980555429205</coordinates></LinearRing></outerBoundaryIs></Polygon></MultiGeometry></Placemark><Placemark><styleUrl>#4326_врем_ограничение_map</styleUrl><name>UUR226</name><description>От земли до 450 м (1500 фут) AMSL</description><ExtendedData><Data name="Name"><value>UUR226</value></Data><Data name="Altitudes"><value>От земли до 450 м (1500 фут) AMSL</value></Data><Data name="Type"><value>врем_ограничение</value></Data></ExtendedData><MultiGeometry><Polygon><outerBoundaryIs><LinearRing><coordinates>38.5911111287582,58.0402777812819 38.5916666469299,58.0399999932262 38.5886111173225,58.0386111157288 38.5883333582367,58.0388888669765 38.5911111287582,58.0402777812819</coordinates></LinearRing></outerBoundaryIs></Polygon></MultiGeometry></Placemark><Placemark><styleUrl>#4326_врем_ограничение_map</styleUrl><name>UUR227</name><description>От земли до 750 м (2500 фут) AMSL</description><ExtendedData><Data name="Name"><value>UUR227</value></Data><Data name="Altitudes"><value>От земли до 750 м (2500 фут) AMSL</value></Data><Data name="Type"><value>врем_ограничение</value></Data></ExtendedData><MultiGeometry><Polygon><outerBoundaryIs><LinearRing><coordinates>38.0666666708832,50.3833333479592 38.1499999661929,50.3833333479592 38.1499999661929,50.2499999761 38.0666666708832,50.2499999761 38.0666666708832,50.3833333479592</coordinates></LinearRing></outerBoundaryIs></Polygon></MultiGeometry></Placemark><Placemark><styleUrl>#4326_врем_ограничение_map</styleUrl><name>UUR228</name><description>От FL200 до FL370</description><ExtendedData><Data name="Name"><value>UUR228</value></Data><Data name="Altitudes"><value>От FL200 до FL370</value></Data><Data name="Type"><value>врем_ограничение</value></Data></ExtendedData><MultiGeometry><Polygon><outerBoundaryIs><LinearRing><coordinates>34.730833319924,52.6997222173355 35.2716666418425,52.6025000112509 35.3105555189758,52.2088888885384 34.4380555703336,52.0347222254987 34.150555512869,52.292500003131 34.730833319924,52.6997222173355</coordinates></LinearRing></outerBoundaryIs></Polygon></MultiGeometry></Placemark><Placemark><styleUrl>#4326_врем_ограничение_map</styleUrl><name>UUR229</name><description>От земли до 450м (1500 фут) AMSL</description><ExtendedData><Data name="Name"><value>UUR229</value></Data><Data name="Altitudes"><value>От земли до 450м (1500 фут) AMSL</value></Data><Data name="Type"><value>врем_ограничение</value></Data></ExtendedData><MultiGeometry><Polygon><outerBoundaryIs><LinearRing><coordinates>40.0486111482409,57.6069444502335 40.0483332993236,57.605555551409 40.0416666321055,57.6052777556076 40.0416666321055,57.6063888778086 40.0486111482409,57.6069444502335</coordinates></LinearRing></outerBoundaryIs></Polygon></MultiGeometry></Placemark><Placemark><styleUrl>#4326_врем_ограничение_map</styleUrl><name>UUR230</name><description>От 400 м (1400 фут) AMSL до FL200</description><ExtendedData><Data name="Name"><value>UUR230</value></Data><Data name="Altitudes"><value>От 400 м (1400 фут) AMSL до FL200</value></Data><Data name="Type"><value>врем_ограничение</value></Data></ExtendedData><MultiGeometry><Polygon><outerBoundaryIs><LinearRing><coordinates>35.5963889320938,55.2930555518469 36.1111111033118,55.2338888955762 36.0833333082648,55.1575000093204 35.7380555880192,55.0905555748296 35.5963889320938,55.2930555518469</coordinates></LinearRing></outerBoundaryIs></Polygon></MultiGeometry></Placemark><Placemark><styleUrl>#4326_врем_ограничение_map</styleUrl><name>UUR231</name><description>От земли до 450 м (1500 фут) AMSL</description><ExtendedData><Data name="Name"><value>UUR231</value></Data><Data name="Altitudes"><value>От земли до 450 м (1500 фут) AMSL</value></Data><Data name="Type"><value>врем_ограничение</value></Data></ExtendedData><MultiGeometry><Polygon><outerBoundaryIs><LinearRing><coordinates>36.435000026474,50.731439116269 36.436107918714,50.7313837566681 36.4371884123377,50.7312191028008 36.4382150968759,50.7309492014702 36.4391626398376,50.7305806644711 36.4400075951938,50.7301225547781 36.4407292118616,50.7295862157776 36.4413097930297,50.7289848154538 36.4417348758221,50.7283331756436 36.4419942194447,50.7276473732007 36.4420812661957,50.726944227061 36.4419940397816,50.7262411273308 36.441734516496,50.7255553511189 36.441309164209,50.724903777392 36.4407285830409,50.7243024306786 36.4400068765416,50.723766138732 36.4391619211854,50.7233081331111 36.4382145578867,50.722939649724 36.4371880530116,50.7226697574592 36.4361076492194,50.7225051298234 36.435000026474,50.722449816632 36.4338924037287,50.7225051298234 36.4328119999365,50.7226697574592 36.4317854950614,50.722939649724 36.4308381317627,50.7233081331111 36.4299931764065,50.723766138732 36.4292714699072,50.7243024306786 36.4286908887391,50.724903777392 36.4282655364521,50.7255553511189 36.4280060131665,50.7262411273308 36.4279187867524,50.726944227061 36.4280058335034,50.7276473732007 36.4282651771259,50.7283331756436 36.4286902599184,50.7289848154538 36.4292708410865,50.7295862157776 36.4299924577543,50.7301225547781 36.4308374131105,50.7305806644711 36.4317849560722,50.7309492014702 36.4328116406104,50.7312191028008 36.4338921342341,50.7313837566681 36.435000026474,50.731439116269</coordinates></LinearRing></outerBoundaryIs></Polygon></MultiGeometry></Placemark><Placemark><styleUrl>#4326_врем_ограничение_map</styleUrl><name>UUR232</name><description>От FL200 до FL630</description><ExtendedData><Data name="Name"><value>UUR232</value></Data><Data name="Altitudes"><value>От FL200 до FL630</value></Data><Data name="Type"><value>врем_ограничение</value></Data></ExtendedData><MultiGeometry><Polygon><outerBoundaryIs><LinearRing><coordinates>36.8527778088605,52.227499986337 36.9263889073447,51.651388874831 36.3397221921575,50.4716666762419 35.8949999818131,50.5544444367794 35.7705555570203,52.030000015182 36.8527778088605,52.227499986337</coordinates></LinearRing></outerBoundaryIs></Polygon></MultiGeometry></Placemark><Placemark><styleUrl>#4326_врем_ограничение_map</styleUrl><name>UUR233</name><description>От 400 м (1400 фут) AMSL до FL200</description><ExtendedData><Data name="Name"><value>UUR233</value></Data><Data name="Altitudes"><value>От 400 м (1400 фут) AMSL до FL200</value></Data><Data name="Type"><value>врем_ограничение</value></Data></ExtendedData><MultiGeometry><Polygon><outerBoundaryIs><LinearRing><coordinates>34.730833319924,52.6997222173355 36.8430555222035,52.3036111128251 36.9263889073447,51.651388874831 36.6883332909279,51.0799999766384 36.0641666736997,50.9347222253895 35.4049999862032,51.275833309746 34.4866666442924,51.3288888817521 34.5563888460801,51.9277777956948 34.150555512869,52.292500003131 34.730833319924,52.6997222173355</coordinates></LinearRing></outerBoundaryIs></Polygon></MultiGeometry></Placemark><Placemark><styleUrl>#4326_врем_ограничение_map</styleUrl><name>UUR234</name><description>От FL200 до FL370</description><ExtendedData><Data name="Name"><value>UUR234</value></Data><Data name="Altitudes"><value>От FL200 до FL370</value></Data><Data name="Type"><value>врем_ограничение</value></Data></ExtendedData><MultiGeometry><Polygon><outerBoundaryIs><LinearRing><coordinates>35.3361111515045,51.9475000008673 35.4049999862032,51.275833309746 34.4866666442924,51.3288888817521 34.5399999820367,51.787222217562 35.3361111515045,51.9475000008673</coordinates></LinearRing></outerBoundaryIs></Polygon></MultiGeometry></Placemark><Placemark><styleUrl>#4326_врем_ограничение_map</styleUrl><name>UUR235</name><description>От земли до FL260
Исключая границы района аэродрома Липецк в период выполнения полетов в районе аэродрома Липецк</description><ExtendedData><Data name="Name"><value>UUR235</value></Data><Data name="Altitudes"><value>От земли до FL260
Исключая границы района аэродрома Липецк в период выполнения полетов в районе аэродрома Липецк</value></Data><Data name="Type"><value>врем_ограничение</value></Data></ExtendedData><MultiGeometry><Polygon><outerBoundaryIs><LinearRing><coordinates>38.8333333111259,53.4416666619808 39.6333333772902,53.4166666864598 39.9833333613213,53.2499999968782 40.1166667056821,53.0666666506666 40.3333333453525,52.0333333399994 40.0450000106303,51.9624999904462 39.1666666720277,52.3999999753701 38.8333333111259,53.4416666619808</coordinates></LinearRing></outerBoundaryIs></Polygon></MultiGeometry></Placemark><Placemark><styleUrl>#4326_врем_ограничение_map</styleUrl><name>UUR236</name><description>От 2150 м (7100 фут) AMSL до FL260</description><ExtendedData><Data name="Name"><value>UUR236</value></Data><Data name="Altitudes"><value>От 2150 м (7100 фут) AMSL до FL260</value></Data><Data name="Type"><value>врем_ограничение</value></Data></ExtendedData><MultiGeometry><Polygon><outerBoundaryIs><LinearRing><coordinates>38.3183332909905,52.411666642955 37.4233333292585,53.4799999950836 38.3633333171701,53.4633333523884 38.6750000320711,52.4949999775088 38.3183332909905,52.411666642955</coordinates></LinearRing></outerBoundaryIs></Polygon></MultiGeometry></Placemark><Placemark><styleUrl>#4326_врем_ограничение_map</styleUrl><name>UUR237</name><description>От FL260 до FL510</description><ExtendedData><Data name="Name"><value>UUR237</value></Data><Data name="Altitudes"><value>От FL260 до FL510</value></Data><Data name="Type"><value>врем_ограничение</value></Data></ExtendedData><MultiGeometry><Polygon><outerBoundaryIs><LinearRing><coordinates>38.3183332909905,52.411666642955 37.4233333292585,53.4799999950836 38.3633333171701,53.4633333523884 38.6750000320711,52.4949999775088 38.3183332909905,52.411666642955</coordinates></LinearRing></outerBoundaryIs></Polygon></MultiGeometry></Placemark><Placemark><styleUrl>#4326_врем_ограничение_map</styleUrl><name>UUR238</name><description>От FL100 до FL360</description><ExtendedData><Data name="Name"><value>UUR238</value></Data><Data name="Altitudes"><value>От FL100 до FL360</value></Data><Data name="Type"><value>врем_ограничение</value></Data></ExtendedData><MultiGeometry><Polygon><outerBoundaryIs><LinearRing><coordinates>42.4216666492814,54.6666666645791 42.41666662641,53.9166666585475 40.9666666412344,54.0833333291763 40.1616666420302,54.2033333579119 39.1116666899368,54.4633333396093 38.9666666554866,54.6166666839435 39.033333327667,54.6666666645791 39.916666689141,54.7999999855499 40.0050000073221,54.7499999781097 41.0833333624658,54.6166666839435 42.4216666492814,54.6666666645791</coordinates></LinearRing></outerBoundaryIs></Polygon></MultiGeometry></Placemark><Placemark><styleUrl>#4326_врем_ограничение_map</styleUrl><name>UUR239</name><description>От земли до 650 м (2200 фут) AMSL</description><ExtendedData><Data name="Name"><value>UUR239</value></Data><Data name="Altitudes"><value>От земли до 650 м (2200 фут) AMSL</value></Data><Data name="Type"><value>врем_ограничение</value></Data></ExtendedData><MultiGeometry><Polygon><outerBoundaryIs><LinearRing><coordinates>35.9447221819468,54.5744444549352 35.951111090079,54.5783333388447 35.9536111015147,54.5766666752271 35.9475000422999,54.5727777881238 35.9447221819468,54.5744444549352</coordinates></LinearRing></outerBoundaryIs></Polygon></MultiGeometry></Placemark><Placemark><styleUrl>#4326_врем_ограничение_map</styleUrl><name>UUR240</name><description>От 1200 м (4000 фут) AMSL до FL140</description><ExtendedData><Data name="Name"><value>UUR240</value></Data><Data name="Altitudes"><value>От 1200 м (4000 фут) AMSL до FL140</value></Data><Data name="Type"><value>врем_ограничение</value></Data></ExtendedData><MultiGeometry><Polygon><outerBoundaryIs><LinearRing><coordinates>39.7166666725999,53.4166666864598 40.4833333128425,53.7833333526292 40.9166666820149,53.6166666885861 41.0500000263756,53.2333333199625 40.9666666412344,52.8666666416846 41.1833333707363,52.1333333491891 40.433333353623,52.0833333526286 40.3333333453525,52.2333333552488 40.2166666241211,53.1666666434642 39.7166666725999,53.4166666864598</coordinates></LinearRing></outerBoundaryIs></Polygon></MultiGeometry></Placemark><Placemark><styleUrl>#4326_врем_ограничение_map</styleUrl><name>UUR241</name><description>От земли до 450 м (1500 фут) AMSL
По согласованию со старшим авиационным начальником аэродрома Владимир (Семязино)</description><ExtendedData><Data name="Name"><value>UUR241</value></Data><Data name="Altitudes"><value>От земли до 450 м (1500 фут) AMSL
По согласованию со старшим авиационным начальником аэродрома Владимир (Семязино)</value></Data><Data name="Type"><value>врем_ограничение</value></Data></ExtendedData><MultiGeometry><Polygon><outerBoundaryIs><LinearRing><coordinates>40.3366666340457,56.2035276122561 40.3374227460204,56.2034944642561 40.3381603527002,56.2033957711733 40.3388610386218,56.2032339359976 40.3395077357948,56.2030130138523 40.3400844542072,56.2027384617264 40.340577090309,56.2024169382981 40.3409733371809,56.2020564542885 40.3412634930176,56.2016658217824 40.3414405509601,56.2012547044212 40.3415000194319,56.2008332169005 40.3414404611286,56.2004117247287 40.3412633133546,56.200000643946 40.3409730676863,56.1996100404921 40.3405767309829,56.1992495800686 40.3400841847126,56.198928077349 40.3395074663002,56.1986535459378 40.3388607691272,56.1984326473775 40.3381600832056,56.1982708412511 40.3374226561888,56.1981721847497 40.3366666340457,56.1981389820222 40.3359106119026,56.1981721847497 40.3351731848859,56.1982708412511 40.3344724989643,56.1984326473775 40.3338258017912,56.1986535459378 40.3332490833788,56.198928077349 40.3327565371086,56.1992495800686 40.3323602004052,56.1996100404921 40.3320699547369,56.200000643946 40.3318928069629,56.2004117247287 40.3318332486595,56.2008332169005 40.3318927171313,56.2012547044212 40.3320697750738,56.2016658217824 40.3323599309106,56.2020564542885 40.3327561777824,56.2024169382981 40.3332488138842,56.2027384617264 40.3338255322967,56.2030130138523 40.3344722294697,56.2032339359976 40.3351729153913,56.2033957711733 40.3359105220711,56.2034944642561 40.3366666340457,56.2035276122561</coordinates></LinearRing></outerBoundaryIs></Polygon></MultiGeometry></Placemark><Placemark><styleUrl>#4326_врем_ограничение_map</styleUrl><name>UUR242</name><description>От 2150 м (7100 фут) AMSL до FL820</description><ExtendedData><Data name="Name"><value>UUR242</value></Data><Data name="Altitudes"><value>От 2150 м (7100 фут) AMSL до FL820</value></Data><Data name="Type"><value>врем_ограничение</value></Data></ExtendedData><MultiGeometry><Polygon><outerBoundaryIs><LinearRing><coordinates>45.5166667031338,58.3666666764816 46.2500000072862,58.283333317721 46.6999999995879,57.9666666473286 46.5458333763155,57.4588888714588 42.3722222082336,56.8472222123849 42.41666662641,57.6166666484766 43.6499999719151,58.0833333393821 45.5166667031338,58.3666666764816</coordinates></LinearRing></outerBoundaryIs></Polygon></MultiGeometry></Placemark><Placemark><styleUrl>#4326_врем_ограничение_map</styleUrl><name>UUR243</name><description>От земли до 500 м (1700 фут) AMSL
По согласованию со старшим авиационным начальником аэродрома Рязань (Дягилево)</description><ExtendedData><Data name="Name"><value>UUR243</value></Data><Data name="Altitudes"><value>От земли до 500 м (1700 фут) AMSL
По согласованию со старшим авиационным начальником аэродрома Рязань (Дягилево)</value></Data><Data name="Type"><value>врем_ограничение</value></Data></ExtendedData><MultiGeometry><Polygon><outerBoundaryIs><LinearRing><coordinates>39.6911111299027,54.5979077785875 39.6915952320093,54.5978856635509 39.6920673865226,54.5978198399507 39.692515915344,54.5977119766411 39.6929299488584,54.5975646290546 39.6932991564402,54.5973815521922 39.6936145549365,54.5971671269297 39.6938682391727,54.5969267251834 39.6940540107735,54.5966662926962 39.6941673781623,54.5963921404474 39.6942053768988,54.5961110490117 39.6941672883308,54.5958300077878 39.6940539209419,54.5955558498837 39.6938680595096,54.5952954085899 39.6936143752734,54.5950549957443 39.6932990666087,54.594840610338 39.6929298590269,54.5946575211738 39.6925158255125,54.5945102146478 39.6920672966911,54.5944023425321 39.6915951421778,54.5943365132761 39.6911111299027,54.5943143962913 39.6906271176276,54.5943365132761 39.6901549631143,54.5944023425321 39.6897064342929,54.5945102146478 39.6892924007785,54.5946575211738 39.6889231931967,54.594840610338 39.688607884532,54.5950549957443 39.6883542002957,54.5952954085899 39.6881683388634,54.5955558498837 39.6880549714746,54.5958300077878 39.6880168829065,54.5961110490117 39.688054881643,54.5963921404474 39.6881682490319,54.5966662926962 39.6883540206327,54.5969267251834 39.6886077048689,54.5971671269297 39.6889231033652,54.5973815521922 39.6892923109469,54.5975646290546 39.6897063444614,54.5977119766411 39.6901548732827,54.5978198399507 39.6906270277961,54.5978856635509 39.6911111299027,54.5979077785875</coordinates></LinearRing></outerBoundaryIs></Polygon></MultiGeometry></Placemark><Placemark><styleUrl>#4326_врем_ограничение_map</styleUrl><name>UUR244</name><description>Некорректная геометрия! От земли до FL100</description><ExtendedData><Data name="Name"><value>UUR244</value></Data><Data name="Altitudes"><value>Некорректная геометрия! От земли до FL100</value></Data><Data name="Type"><value>врем_ограничение</value></Data></ExtendedData><MultiGeometry><Polygon><outerBoundaryIs><LinearRing><coordinates>40.1666666649016,54.7333333401047 41.0833333624658,54.6166666839435 40.9666666412344,54.0833333291763 40.1616666420302,54.2033333579119 39.5894444772855,54.2833333549539 39.5716666381497,54.6416666843848 40.1666666649016,54.7333333401047</coordinates></LinearRing></outerBoundaryIs></Polygon></MultiGeometry></Placemark><Placemark><styleUrl>#4326_врем_ограничение_map</styleUrl><name>UUR245</name><description>От FL360 до FL400</description><ExtendedData><Data name="Name"><value>UUR245</value></Data><Data name="Altitudes"><value>От FL360 до FL400</value></Data><Data name="Type"><value>врем_ограничение</value></Data></ExtendedData><MultiGeometry><Polygon><outerBoundaryIs><LinearRing><coordinates>42.4216666492814,54.6666666645791 42.41666662641,53.9166666585475 40.9666666412344,54.0833333291763 40.1616666420302,54.2033333579119 39.0999999998473,54.3500000105405 38.9666666554866,54.6166666839435 39.033333327667,54.6666666645791 39.916666689141,54.7999999855499 40.0050000073221,54.7499999781097 41.0833333624658,54.6166666839435 42.4216666492814,54.6666666645791</coordinates></LinearRing></outerBoundaryIs></Polygon></MultiGeometry></Placemark><Placemark><styleUrl>#4326_врем_ограничение_map</styleUrl><name>UUR246</name><description>От земли до FL140</description><ExtendedData><Data name="Name"><value>UUR246</value></Data><Data name="Altitudes"><value>От земли до FL140</value></Data><Data name="Type"><value>врем_ограничение</value></Data></ExtendedData><MultiGeometry><Polygon><outerBoundaryIs><LinearRing><coordinates>41.5333333547675,55.7333333129179 43.1333333074331,55.6666666863949 43.7000000209662,55.4819444428567 44.223888870838,55.3466666804657 44.0527777755189,55.1277777948822 43.4333333322447,55.1499999796177 43.1999999796135,55.1833333484683 42.9799999614183,54.9755555545252 42.9588889234208,54.8652777775716 42.9919444105936,54.6866666432185 42.2500000357906,54.8166666621756 41.8230555747504,54.7852777925791 41.6611110682536,55.3416666502561 41.2500000429167,55.6166666430035 41.5333333547675,55.7333333129179</coordinates></LinearRing></outerBoundaryIs></Polygon></MultiGeometry></Placemark><Placemark><styleUrl>#4326_врем_ограничение_map</styleUrl><name>UUR247</name><description>От 800 м (2700 фут) AMSL до FL100</description><ExtendedData><Data name="Name"><value>UUR247</value></Data><Data name="Altitudes"><value>От 800 м (2700 фут) AMSL до FL100</value></Data><Data name="Type"><value>врем_ограничение</value></Data></ExtendedData><MultiGeometry><Polygon><outerBoundaryIs><LinearRing><coordinates>33.8666666828465,53.3166666489906 33.5166666988154,52.9999999738419 32.4833333698513,52.9833333571508 32.5833333781219,53.2666666693404 32.7833333048314,53.2999999749791 32.7833333048314,53.3333333463615 33.8666666828465,53.3166666489906</coordinates></LinearRing></outerBoundaryIs></Polygon></MultiGeometry></Placemark><Placemark><styleUrl>#4326_врем_ограничение_map</styleUrl><name>UUR248</name><description>От 800 м (2700 фут) AMSL до FL140</description><ExtendedData><Data name="Name"><value>UUR248</value></Data><Data name="Altitudes"><value>От 800 м (2700 фут) AMSL до FL140</value></Data><Data name="Type"><value>врем_ограничение</value></Data></ExtendedData><MultiGeometry><Polygon><outerBoundaryIs><LinearRing><coordinates>33.6191666286901,53.9899999749879 34.1166666586071,53.5499999926895 33.8508333369748,53.3024999758144 32.7833333048314,53.325833343383 32.7833333048314,53.4666666602826 32.5505555602034,53.7686111150565 33.6191666286901,53.9899999749879</coordinates></LinearRing></outerBoundaryIs></Polygon></MultiGeometry></Placemark><Placemark><styleUrl>#4326_врем_ограничение_map</styleUrl><name>UUR249</name><description>От 400 м (1400 фут) AMSL до FL140</description><ExtendedData><Data name="Name"><value>UUR249</value></Data><Data name="Altitudes"><value>От 400 м (1400 фут) AMSL до FL140</value></Data><Data name="Type"><value>врем_ограничение</value></Data></ExtendedData><MultiGeometry><Polygon><outerBoundaryIs><LinearRing><coordinates>35.6927778027537,57.4333333367875 36.8341666924671,57.1944444323045 36.9644444173889,56.9988888734014 36.5999999727468,56.7005555467075 35.2741666532782,56.5169444240267 35.1752777711826,56.7349999851016 35.1925000023151,56.923333332317 35.6927778027537,57.4333333367875</coordinates></LinearRing></outerBoundaryIs></Polygon></MultiGeometry></Placemark><Placemark><styleUrl>#4326_врем_ограничение_map</styleUrl><name>UUR250</name><description>От земли до 500 м (1700 фут) AGL</description><ExtendedData><Data name="Name"><value>UUR250</value></Data><Data name="Altitudes"><value>От земли до 500 м (1700 фут) AGL</value></Data><Data name="Type"><value>врем_ограничение</value></Data></ExtendedData><MultiGeometry><Polygon><outerBoundaryIs><LinearRing><coordinates>37.918055588654,56.1544444470562 37.8536110789919,56.1616666760708 37.873611080646,56.1777777731137 37.9202777511723,56.1591666429127 37.918055588654,56.1544444470562</coordinates></LinearRing></outerBoundaryIs></Polygon></MultiGeometry></Placemark><Placemark><styleUrl>#4326_врем_ограничение_map</styleUrl><name>UUR251</name><description>От 2150 м (7100 фут) AMSL до FL270</description><ExtendedData><Data name="Name"><value>UUR251</value></Data><Data name="Altitudes"><value>От 2150 м (7100 фут) AMSL до FL270</value></Data><Data name="Type"><value>врем_ограничение</value></Data></ExtendedData><MultiGeometry><Polygon><outerBoundaryIs><LinearRing><coordinates>35.7455555324948,57.0761111133717 36.5491666464382,56.7644444385405 36.2911111181988,56.5658333299293 35.4916666600377,56.8772222251853 35.7455555324948,57.0761111133717</coordinates></LinearRing></outerBoundaryIs></Polygon></MultiGeometry></Placemark><Placemark><styleUrl>#4326_врем_ограничение_map</styleUrl><name>UUR253</name><description>От земли до 400 м (1400 фут) AMSL</description><ExtendedData><Data name="Name"><value>UUR253</value></Data><Data name="Altitudes"><value>От земли до 400 м (1400 фут) AMSL</value></Data><Data name="Type"><value>врем_ограничение</value></Data></ExtendedData><MultiGeometry><Polygon><outerBoundaryIs><LinearRing><coordinates>44.1811110970082,56.3672681794119 44.182376733412,56.3672128872805 44.1836111982754,56.3670484064245 44.1847841285419,56.3667787240848 44.1858665086277,56.3664105190907 44.186831838232,56.3659528629761 44.1876562221683,56.3654170208769 44.1883194483425,56.3648162026052 44.1888051674167,56.3641651641383 44.1891013419658,56.363480008512 44.1892007854678,56.3627775378858 44.1891010724713,56.3620750542613 44.188804538596,56.3613899107778 44.1883186398588,56.3607389631497 44.187655323853,56.3601382204393 44.1868309399168,56.3596024458661 44.1858656103124,56.3591448572775 44.1847833200581,56.3587767278431 44.1836106592863,56.3585071363455 44.1823764639174,56.3583426676365 44.1811110970082,56.3582873625042 44.179845730099,56.3583426676365 44.1786115347301,56.3585071363455 44.1774388739582,56.3587767278431 44.1763565837039,56.3591448572775 44.1753912540996,56.3596024458661 44.1745668701634,56.3601382204393 44.1739035541576,56.3607389631497 44.1734176554204,56.3613899107778 44.1731211215451,56.3620750542613 44.1730214085486,56.3627775378858 44.1731208520505,56.363480008512 44.1734170265997,56.3641651641383 44.1739027456738,56.3648162026052 44.1745659718481,56.3654170208769 44.1753903557843,56.3659528629761 44.1763556853886,56.3664105190907 44.1774380654745,56.3667787240848 44.178610995741,56.3670484064245 44.1798454606044,56.3672128872805 44.1811110970082,56.3672681794119</coordinates></LinearRing></outerBoundaryIs></Polygon></MultiGeometry></Placemark><Placemark><styleUrl>#4326_врем_ограничение_map</styleUrl><name>UUR254</name><description>От 400 м (1400 фут) AMSL до FL200</description><ExtendedData><Data name="Name"><value>UUR254</value></Data><Data name="Altitudes"><value>От 400 м (1400 фут) AMSL до FL200</value></Data><Data name="Type"><value>врем_ограничение</value></Data></ExtendedData><MultiGeometry><Polygon><outerBoundaryIs><LinearRing><coordinates>34.4999999787284,57.2166666621093 34.5500000277795,57.19999998109 34.4999999787284,57.1166666698437 34.4166666834188,57.1166666698437 34.4999999787284,57.2166666621093</coordinates></LinearRing></outerBoundaryIs></Polygon></MultiGeometry></Placemark><Placemark><styleUrl>#4326_врем_ограничение_map</styleUrl><name>UUR255</name><description>от FL100 до FL400</description><ExtendedData><Data name="Name"><value>UUR255</value></Data><Data name="Altitudes"><value>от FL100 до FL400</value></Data><Data name="Type"><value>врем_ограничение</value></Data></ExtendedData><MultiGeometry><Polygon><outerBoundaryIs><LinearRing><coordinates>41.0488889002007,53.2333333199625 42.5780555249036,53.1316666436124 42.7447222053545,52.5983333313775 41.1700000363003,52.2047222086836 40.9647222378019,52.8666666416846 41.0488889002007,53.2333333199625</coordinates></LinearRing></outerBoundaryIs></Polygon></MultiGeometry></Placemark><Placemark><styleUrl>#4326_врем_ограничение_map</styleUrl><name>UUR256</name><description>От земли до 650 м (2200 фут) AMSL</description><ExtendedData><Data name="Name"><value>UUR256</value></Data><Data name="Altitudes"><value>От земли до 650 м (2200 фут) AMSL</value></Data><Data name="Type"><value>врем_ограничение</value></Data></ExtendedData><MultiGeometry><Polygon><outerBoundaryIs><LinearRing><coordinates>35.9447221819468,54.5744444549352 35.951111090079,54.5783333388447 35.9536111015147,54.5766666752271 35.9475000422999,54.5727777881238 35.9447221819468,54.5744444549352</coordinates></LinearRing></outerBoundaryIs></Polygon></MultiGeometry></Placemark><Placemark><styleUrl>#4326_врем_ограничение_map</styleUrl><name>UUR257</name><description>От земли до 500 м (1700 фут) AMSL</description><ExtendedData><Data name="Name"><value>UUR257</value></Data><Data name="Altitudes"><value>От земли до 500 м (1700 фут) AMSL</value></Data><Data name="Type"><value>врем_ограничение</value></Data></ExtendedData><MultiGeometry><Polygon><outerBoundaryIs><LinearRing><coordinates>35.6916666765788,51.7250000127256 35.6947222061862,51.7255555544371 35.698055584711,51.7255555544371 35.6986111028827,51.7252777844391 35.6952778141894,51.7241666872921 35.6922221947505,51.7233333464191 35.6916666765788,51.7250000127256</coordinates></LinearRing></outerBoundaryIs></Polygon></MultiGeometry></Placemark><Placemark><styleUrl>#4326_врем_ограничение_map</styleUrl><name>UUR258</name><description>От земли до FL260</description><ExtendedData><Data name="Name"><value>UUR258</value></Data><Data name="Altitudes"><value>От земли до FL260</value></Data><Data name="Type"><value>врем_ограничение</value></Data></ExtendedData><MultiGeometry><Polygon><outerBoundaryIs><LinearRing><coordinates>33.6122222023862,57.7511111250993 34.7158333411413,57.6080555695123 34.7069444215734,56.9933333321228 34.5925000425234,56.9583333427206 33.6122222023862,57.7511111250993</coordinates></LinearRing></outerBoundaryIs></Polygon></MultiGeometry></Placemark><Placemark><styleUrl>#4326_врем_ограничение_map</styleUrl><name>UUR259</name><description>От 500 м (1700 фут) AMSL до FL510
Исключая границы района аэродрома Андреаполь в период выполнения полетов в районе аэродрома Андреаполь</description><ExtendedData><Data name="Name"><value>UUR259</value></Data><Data name="Altitudes"><value>От 500 м (1700 фут) AMSL до FL510
Исключая границы района аэродрома Андреаполь в период выполнения полетов в районе аэродрома Андреаполь</value></Data><Data name="Type"><value>врем_ограничение</value></Data></ExtendedData><MultiGeometry><Polygon><outerBoundaryIs><LinearRing><coordinates>32.3347221977905,58.0811110921201 33.579999992471,57.7763889014519 34.5925000425234,56.9583333427206 34.1350000159146,56.8163888965301 31.1669444881223,56.9166666768496 31.2508333016037,57.1694444474345 32.5166667059415,57.4499999994167 32.6083333128158,57.6416666643212 32.3347221977905,58.0811110921201</coordinates></LinearRing></outerBoundaryIs></Polygon></MultiGeometry></Placemark><Placemark><styleUrl>#4326_врем_ограничение_map</styleUrl><name>UUR260</name><description>От 500 м (1700 фут) AMSL до FL170
Исключая границы района аэродромов Андреаполь, Ржев в период выполнения полетов в районе аэродромов Андреаполь, Ржев</description><ExtendedData><Data name="Name"><value>UUR260</value></Data><Data name="Altitudes"><value>От 500 м (1700 фут) AMSL до FL170
Исключая границы района аэродромов Андреаполь, Ржев в период выполнения полетов в районе аэродромов Андреаполь, Ржев</value></Data><Data name="Type"><value>врем_ограничение</value></Data></ExtendedData><MultiGeometry><Polygon><outerBoundaryIs><LinearRing><coordinates>31.1669444881223,56.9166666768496 34.1350000159146,56.8163888965301 34.7069444215734,56.9933333321228 34.6383333459606,56.0566666856005 32.9538888819788,56.0191666818838 31.1408333374219,56.7852777807618 31.1669444881223,56.9166666768496</coordinates></LinearRing></outerBoundaryIs></Polygon></MultiGeometry></Placemark><Placemark><styleUrl>#4326_врем_ограничение_map</styleUrl><name>UUR261</name><description>От FL170 до FL250
Исключая границы района аэродромов Андреаполь, Ржев в период выполнения полетов в районе аэродромов Андреаполь, Ржев</description><ExtendedData><Data name="Name"><value>UUR261</value></Data><Data name="Altitudes"><value>От FL170 до FL250
Исключая границы района аэродромов Андреаполь, Ржев в период выполнения полетов в районе аэродромов Андреаполь, Ржев</value></Data><Data name="Type"><value>врем_ограничение</value></Data></ExtendedData><MultiGeometry><Polygon><outerBoundaryIs><LinearRing><coordinates>31.1669444881223,56.9166666768496 34.1350000159146,56.8163888965301 34.1666667076582,56.3666666425636 32.9538888819788,56.0191666818838 31.1408333374219,56.7852777807618 31.1669444881223,56.9166666768496</coordinates></LinearRing></outerBoundaryIs></Polygon></MultiGeometry></Placemark><Placemark><styleUrl>#4326_врем_ограничение_map</styleUrl><name>UUR262</name><description>От земли до FL400</description><ExtendedData><Data name="Name"><value>UUR262</value></Data><Data name="Altitudes"><value>От земли до FL400</value></Data><Data name="Type"><value>врем_ограничение</value></Data></ExtendedData><MultiGeometry><Polygon><outerBoundaryIs><LinearRing><coordinates>35.0000000200812,58.8333333397119 36.0000000129551,58.6666666551171 36.3333333738569,58.2500000203441 35.3144444156723,57.9994444325803 34.5833333638697,58.4166666668388 35.0000000200812,58.8333333397119</coordinates></LinearRing></outerBoundaryIs></Polygon></MultiGeometry></Placemark><Placemark><styleUrl>#4326_врем_ограничение_map</styleUrl><name>UUR263</name><description>От 1850 м (6100 фут) AMSL до FL670</description><ExtendedData><Data name="Name"><value>UUR263</value></Data><Data name="Altitudes"><value>От 1850 м (6100 фут) AMSL до FL670</value></Data><Data name="Type"><value>врем_ограничение</value></Data></ExtendedData><MultiGeometry><Polygon><outerBoundaryIs><LinearRing><coordinates>33.083333329643,59.4069444567224 34.0994444274746,59.3841666794791 37.6666666378011,58.6666666551171 37.4422222047377,57.8697222190015 36.4294444854309,57.5547222456033 35.8741667029015,57.6727777876865 33.0777777885999,59.2236110959133 33.083333329643,59.4069444567224</coordinates></LinearRing></outerBoundaryIs></Polygon></MultiGeometry></Placemark><Placemark><styleUrl>#4326_врем_ограничение_map</styleUrl><name>UUR264</name><description>От земли до 500 м (1700 фут) AMSL</description><ExtendedData><Data name="Name"><value>UUR264</value></Data><Data name="Altitudes"><value>От земли до 500 м (1700 фут) AMSL</value></Data><Data name="Type"><value>врем_ограничение</value></Data></ExtendedData><MultiGeometry><Polygon><outerBoundaryIs><LinearRing><coordinates>32.8863889325409,57.8347222358939 32.935747404816,57.8347791581077 32.9851060567542,57.834816866629 33.0344647086924,57.8348354573466 33.0838234504621,57.8348348823761 33.1331821922318,57.8348151417166 33.1825408441699,57.8347762353363 33.2318993164451,57.8347181631731 33.2812576090571,57.8346409730484 33.3306157220061,57.8345445690096 33.379973475629,57.8344289988167 33.4293308699258,57.8342943101994 33.4786879048965,57.8341404550276 33.528044580541,57.8339673851392 33.5774006273649,57.8337751960878 33.6267561351995,57.8335638396502 33.676111104045,57.833333315488 33.6244007525246,57.8116357623762 33.5727526542533,57.7899171339822 33.5211667193997,57.7681776029988 33.4696427683007,57.746417102411 33.4181808907878,57.72463570926 33.3667809970295,57.7028335008087 33.3154429073628,57.6810104583028 33.2641667116191,57.6591666592744 33.264444470705,57.6200000212556 33.2736111493587,57.581111109361 33.2891666463131,57.5427778033015 33.3111111412312,57.5052777782973 33.3386110873609,57.4691666559718 33.3719444234511,57.4341666499036 33.4108333005844,57.4011110886543 33.4547222005891,57.3697222362165 33.5036111234652,57.3405555561638 33.5566667021236,57.3138888643562 33.5811111186459,57.3041666782172 33.5417354444602,57.2854942584758 33.5023998351361,57.2668095489893 33.4631040211791,57.248112591301 33.4238480924207,57.2294033783333 33.3846320488609,57.2106819517523 33.3454557108367,57.1919483045534 33.3063190783481,57.1732024297316 33.2672222412265,57.1544444667385 33.2272437076536,57.1743118963596 33.1872222346101,57.1941666596605 33.1516881159053,57.2163939309794 33.1161111475615,57.2386111300157 33.0840484784407,57.2623652117331 33.0519444868169,57.2861111246217 33.0237692770881,57.3112531661229 32.9955555296336,57.3363888895142 32.9715450892251,57.3627800722494 32.9474999738466,57.3891666689319 32.9277925534806,57.4166682115899 32.9080555785416,57.4441666651497 32.8927896086033,57.4723620216672 32.877500012973,57.5005555751551 32.8668140136792,57.5294449089677 32.8561111260581,57.5583333468789 32.8500049177458,57.5875001324544 32.843888917797,57.6166666484766 32.8427786899373,57.64611110574 32.8416666654471,57.6755555715278 32.8451360489059,57.7048611706192 32.848611091751,57.7341666708549 32.8569377557826,57.763333614885 32.8652778047119,57.7925000175216 32.8863889325409,57.8347222358939</coordinates></LinearRing></outerBoundaryIs></Polygon></MultiGeometry></Placemark><Placemark><styleUrl>#4326_врем_ограничение_map</styleUrl><name>UUR265</name><description>От 500 м (1700 фут) AMSL до FL130</description><ExtendedData><Data name="Name"><value>UUR265</value></Data><Data name="Altitudes"><value>От 500 м (1700 фут) AMSL до FL130</value></Data><Data name="Type"><value>врем_ограничение</value></Data></ExtendedData><MultiGeometry><Polygon><outerBoundaryIs><LinearRing><coordinates>33.4999999858545,58.4166666668388 34.5833333638697,58.4166666668388 35.3144444156723,57.9994444325803 34.7158333411413,57.6080555695123 33.7499999616151,57.7341666708549 33.4999999858545,58.4166666668388</coordinates></LinearRing></outerBoundaryIs></Polygon></MultiGeometry></Placemark><Placemark><styleUrl>#4326_врем_ограничение_map</styleUrl><name>UUR266</name><description>От земли до 450 м (1500 фут) AMSL</description><ExtendedData><Data name="Name"><value>UUR266</value></Data><Data name="Altitudes"><value>От земли до 450 м (1500 фут) AMSL</value></Data><Data name="Type"><value>врем_ограничение</value></Data></ExtendedData><MultiGeometry><Polygon><outerBoundaryIs><LinearRing><coordinates>38.0408333691002,55.8230555531402 38.0441666577934,55.8219444587013 38.0447222657966,55.8116666775487 38.0374999905754,55.8116666775487 38.0275000346641,55.8149999907831 38.0275000346641,55.8233333344133 38.0408333691002,55.8230555531402</coordinates></LinearRing></outerBoundaryIs></Polygon></MultiGeometry></Placemark><Placemark><styleUrl>#4326_врем_ограничение_map</styleUrl><name>UUR269</name><description>Некорректная геометрия! От 1850 м (6100 фут) AMSL до FL400
Исключая границы района аэродрома Киржач в период выполнения полетов в районе аэродрома Киржач</description><ExtendedData><Data name="Name"><value>UUR269</value></Data><Data name="Altitudes"><value>Некорректная геометрия! От 1850 м (6100 фут) AMSL до FL400
Исключая границы района аэродрома Киржач в период выполнения полетов в районе аэродрома Киржач</value></Data><Data name="Type"><value>врем_ограничение</value></Data></ExtendedData><MultiGeometry><Polygon><outerBoundaryIs><LinearRing><coordinates>39.5000000329295,57.2833333209145 39.8833333530508,57.2500000064154 40.3333333453525,56.5499999901744 39.4499999838784,56.1333333310757 38.6022222108445,56.1102777722428 38.4497222319187,56.2038888835328 38.5499999992751,56.2766666505214 38.4333333678752,56.4166666824646 38.3266666923866,56.4049999986484 38.2158333611157,56.2877777663931 38.1436111478923,56.1272222080327 38.0633332923585,55.8799999783197 37.9541666952657,56.1241666822282 38.0027777692244,56.3419444346148 38.0499999579224,56.5499999901744 39.5000000329295,57.2833333209145</coordinates></LinearRing></outerBoundaryIs></Polygon></MultiGeometry></Placemark><Placemark><styleUrl>#4326_врем_ограничение_map</styleUrl><name>UUR270</name><description>От 700 м (2300 фут) AMSL до FL240</description><ExtendedData><Data name="Name"><value>UUR270</value></Data><Data name="Altitudes"><value>От 700 м (2300 фут) AMSL до FL240</value></Data><Data name="Type"><value>врем_ограничение</value></Data></ExtendedData><MultiGeometry><Polygon><outerBoundaryIs><LinearRing><coordinates>33.8716667057179,54.6250000124195 34.8949999889392,54.6383333361293 34.4500000195089,53.8666666886273 34.233333290007,53.6099999967983 33.7883333205767,53.986666692718 33.8966666404119,54.0716666466891 33.8716667057179,54.6250000124195</coordinates></LinearRing></outerBoundaryIs></Polygon></MultiGeometry></Placemark><Placemark><styleUrl>#4326_врем_ограничение_map</styleUrl><name>UUR271</name><description>От земли до FL170</description><ExtendedData><Data name="Name"><value>UUR271</value></Data><Data name="Altitudes"><value>От земли до FL170</value></Data><Data name="Type"><value>врем_ограничение</value></Data></ExtendedData><MultiGeometry><Polygon><outerBoundaryIs><LinearRing><coordinates>31.7166666397772,54.300000025811 31.9166666563182,54.5333333098882 32.7166666326511,54.6499999740207 33.766666674576,54.6499999740207 33.766666674576,54.5999999942562 33.766666674576,54.0666666504766 32.3166666894004,53.7666666873866 31.7166666397772,54.300000025811</coordinates></LinearRing></outerBoundaryIs></Polygon></MultiGeometry></Placemark><Placemark><styleUrl>#4326_врем_ограничение_map</styleUrl><name>UUR273</name><description>От земли до 450 м (1500 фут) AMSL</description><ExtendedData><Data name="Name"><value>UUR273</value></Data><Data name="Altitudes"><value>От земли до 450 м (1500 фут) AMSL</value></Data><Data name="Type"><value>врем_ограничение</value></Data></ExtendedData><MultiGeometry><Polygon><outerBoundaryIs><LinearRing><coordinates>37.7433333557242,54.2527777947449 37.742777747721,54.2519444251334 37.7277777689383,54.2541666539063 37.7283333769415,54.2561111040294 37.7433333557242,54.2527777947449</coordinates></LinearRing></outerBoundaryIs></Polygon></MultiGeometry></Placemark><Placemark><styleUrl>#4326_врем_ограничение_map</styleUrl><name>UUR274</name><description>От земли до 450 м (1500 фут) AMSL</description><ExtendedData><Data name="Name"><value>UUR274</value></Data><Data name="Altitudes"><value>От земли до 450 м (1500 фут) AMSL</value></Data><Data name="Type"><value>врем_ограничение</value></Data></ExtendedData><MultiGeometry><Polygon><outerBoundaryIs><LinearRing><coordinates>41.5458333221145,52.6124999928028 41.5472222073752,52.6124999928028 41.5469444482894,52.6091666471591 41.5458333221145,52.6091666471591 41.5458333221145,52.6124999928028</coordinates></LinearRing></outerBoundaryIs></Polygon></MultiGeometry></Placemark><Placemark><styleUrl>#4326_врем_ограничение_map</styleUrl><name>UUR275</name><description>От земли до 600 м (2000 фут) AMSL</description><ExtendedData><Data name="Name"><value>UUR275</value></Data><Data name="Altitudes"><value>От земли до 600 м (2000 фут) AMSL</value></Data><Data name="Type"><value>врем_ограничение</value></Data></ExtendedData><MultiGeometry><Polygon><outerBoundaryIs><LinearRing><coordinates>34.5086111392105,53.2877777908856 34.5119444279037,53.2880555542138 34.5133333131645,53.2866666655968 34.5116666688179,53.2855555651069 34.5119444279037,53.2838889137726 34.5097222653854,53.2824999967376 34.5052777606857,53.2838889137726 34.5086111392105,53.2877777908856</coordinates></LinearRing></outerBoundaryIs></Polygon></MultiGeometry></Placemark><Placemark><styleUrl>#4326_врем_ограничение_map</styleUrl><name>UUR318</name><description>От земли до 700 м (2300 фут) AMSL</description><ExtendedData><Data name="Name"><value>UUR318</value></Data><Data name="Altitudes"><value>От земли до 700 м (2300 фут) AMSL</value></Data><Data name="Type"><value>врем_ограничение</value></Data></ExtendedData><MultiGeometry><Polygon><outerBoundaryIs><LinearRing><coordinates>35.8427777702437,55.5313888751122 35.8591666342872,55.4963888709817 35.7869444210638,55.4972222362447 35.7747222128026,55.515833354016 35.8427777702437,55.5313888751122</coordinates></LinearRing></outerBoundaryIs></Polygon></MultiGeometry></Placemark><Placemark><styleUrl>#4326_врем_ограничение_map</styleUrl><name>UUR341</name><description>От земли до FL140</description><ExtendedData><Data name="Name"><value>UUR341</value></Data><Data name="Altitudes"><value>От земли до FL140</value></Data><Data name="Type"><value>врем_ограничение</value></Data></ExtendedData><MultiGeometry><Polygon><outerBoundaryIs><LinearRing><coordinates>36.9333333336486,55.5833333469165 36.9666666697388,55.57333335853 36.9666666697388,55.5333333458613 36.8166667022487,55.4250000235113 36.8005555972911,55.4088888829588 36.7302777875001,55.4133333250871 36.6999999810173,55.4666666692033 36.701666625364,55.5350000164559 36.9333333336486,55.5833333469165</coordinates></LinearRing></outerBoundaryIs></Polygon></MultiGeometry></Placemark><Placemark><styleUrl>#4326_врем_ограничение_map</styleUrl><name>UUR342</name><description>От 1200 м (4000 фут) AMSL до FL130</description><ExtendedData><Data name="Name"><value>UUR342</value></Data><Data name="Altitudes"><value>От 1200 м (4000 фут) AMSL до FL130</value></Data><Data name="Type"><value>врем_ограничение</value></Data></ExtendedData><MultiGeometry><Polygon><outerBoundaryIs><LinearRing><coordinates>37.1966666438453,57.0850000098976 37.4299999964765,57.0083333235957 37.435000019348,56.7716666450811 37.3150000094233,56.7349999851016 37.1099999700108,56.7600000010579 36.9816666485215,57.0299999885234 37.1966666438453,57.0850000098976</coordinates></LinearRing></outerBoundaryIs></Polygon></MultiGeometry></Placemark><Placemark><styleUrl>#4326_врем_ограничение_map</styleUrl><name>UUR343</name><description>От земли до 1200 м (4000 фут) AMSL</description><ExtendedData><Data name="Name"><value>UUR343</value></Data><Data name="Altitudes"><value>От земли до 1200 м (4000 фут) AMSL</value></Data><Data name="Type"><value>врем_ограничение</value></Data></ExtendedData><MultiGeometry><Polygon><outerBoundaryIs><LinearRing><coordinates>36.7591667087221,55.5611111272616 36.7991666221988,55.5580555454324 36.8124999566349,55.5263889028182 36.8005555972911,55.5241666635516 36.7588888598047,55.5549999795452 36.7591667087221,55.5611111272616</coordinates></LinearRing></outerBoundaryIs></Polygon></MultiGeometry></Placemark><Placemark><styleUrl>#4326_врем_ограничение_map</styleUrl><name>UUR344_1</name><description>От земли до 3500 м (11500 фут) AGL</description><ExtendedData><Data name="Name"><value>UUR344_1</value></Data><Data name="Altitudes"><value>От земли до 3500 м (11500 фут) AGL</value></Data><Data name="Type"><value>врем_ограничение</value></Data></ExtendedData><MultiGeometry><Polygon><outerBoundaryIs><LinearRing><coordinates>37.1416666617543,56.2400000070364 37.1869444470198,56.2238888655227 37.2499999815896,56.2233333532355 37.268333338897,56.2016666730562 37.2366666471535,56.1666666532103 37.1416666617543,56.1583333123499 37.1416666617543,56.2400000070364</coordinates></LinearRing></outerBoundaryIs></Polygon></MultiGeometry></Placemark><Placemark><styleUrl>#4326_врем_ограничение_map</styleUrl><name>UUR344_2</name><description>От земли до 1200 м (4000 фут) AGL</description><ExtendedData><Data name="Name"><value>UUR344_2</value></Data><Data name="Altitudes"><value>От земли до 1200 м (4000 фут) AGL</value></Data><Data name="Type"><value>врем_ограничение</value></Data></ExtendedData><MultiGeometry><Polygon><outerBoundaryIs><LinearRing><coordinates>37.1416666617543,56.2400000070364 37.1416666617543,56.1583333123499 37.0986111288387,56.1811110957631 37.0736111043132,56.1975000116935 37.0644444256595,56.2186111222555 37.1416666617543,56.2400000070364</coordinates></LinearRing></outerBoundaryIs></Polygon></MultiGeometry></Placemark><Placemark><styleUrl>#4326_врем_ограничение_map</styleUrl><name>UUR344_3</name><description>От земли до 2400 м (7900) AGL</description><ExtendedData><Data name="Name"><value>UUR344_3</value></Data><Data name="Altitudes"><value>От земли до 2400 м (7900) AGL</value></Data><Data name="Type"><value>врем_ограничение</value></Data></ExtendedData><MultiGeometry><Polygon><outerBoundaryIs><LinearRing><coordinates>37.1416666617543,56.2400000070364 37.2163888864135,56.2508333088346 37.2499999815896,56.2233333532355 37.1869444470198,56.2238888655227 37.1416666617543,56.2400000070364</coordinates></LinearRing></outerBoundaryIs></Polygon></MultiGeometry></Placemark><Placemark><styleUrl>#4326_врем_ограничение_map</styleUrl><name>UUR345</name><description>От земли до 1850 м (6100 фут) AMSL</description><ExtendedData><Data name="Name"><value>UUR345</value></Data><Data name="Altitudes"><value>От земли до 1850 м (6100 фут) AMSL</value></Data><Data name="Type"><value>врем_ограничение</value></Data></ExtendedData><MultiGeometry><Polygon><outerBoundaryIs><LinearRing><coordinates>38.5266667089277,56.0283333428948 38.536666664839,56.0016666823422 38.5150000188383,55.9333333438106 38.4916666386594,55.8966666871658 38.4583333025692,55.9383333306246 38.3733333629129,55.9583333492496 38.3783332959528,55.985000021494 38.3983332976069,55.9999999936315 38.4433333237865,56.0249999900691 38.5266667089277,56.0283333428948</coordinates></LinearRing></outerBoundaryIs></Polygon></MultiGeometry></Placemark><Placemark><styleUrl>#4326_врем_ограничение_map</styleUrl><name>UUR346</name><description>От земли до FL310</description><ExtendedData><Data name="Name"><value>UUR346</value></Data><Data name="Altitudes"><value>От земли до FL310</value></Data><Data name="Type"><value>врем_ограничение</value></Data></ExtendedData><MultiGeometry><Polygon><outerBoundaryIs><LinearRing><coordinates>41.1683333021221,56.381666669181 41.2316666856092,56.3999999876447 41.259999998828,56.3899999801131 41.2216666398664,56.3750000082007 41.1733333249935,56.343333321143 41.1250000101206,56.3683333224776 41.116666698556,56.3699999790641 41.1683333021221,56.381666669181</coordinates></LinearRing></outerBoundaryIs></Polygon></MultiGeometry></Placemark><Placemark><styleUrl>#4326_врем_ограничение_map</styleUrl><name>UUR347</name><description>От земли до 750 м (2500 фут) AMSL</description><ExtendedData><Data name="Name"><value>UUR347</value></Data><Data name="Altitudes"><value>От земли до 750 м (2500 фут) AMSL</value></Data><Data name="Type"><value>врем_ограничение</value></Data></ExtendedData><MultiGeometry><Polygon><outerBoundaryIs><LinearRing><coordinates>38.4963889024449,50.262500019848 38.5233333304029,50.2302777561297 38.3044444383827,50.1999999745581 38.2905555857749,50.2297221995065 38.4963889024449,50.262500019848</coordinates></LinearRing></outerBoundaryIs></Polygon></MultiGeometry></Placemark><Placemark><styleUrl>#4326_врем_ограничение_map</styleUrl><name>UUR348</name><description>От земли до 1750 м (5800 фут) AMSL</description><ExtendedData><Data name="Name"><value>UUR348</value></Data><Data name="Altitudes"><value>От земли до 1750 м (5800 фут) AMSL</value></Data><Data name="Type"><value>врем_ограничение</value></Data></ExtendedData><MultiGeometry><Polygon><outerBoundaryIs><LinearRing><coordinates>31.6499999675968,54.6333333461937 31.733333352738,54.5499999871203 31.683333303687,54.5499999871203 31.6333333444675,54.6333333461937 31.6499999675968,54.6333333461937</coordinates></LinearRing></outerBoundaryIs></Polygon></MultiGeometry></Placemark><Placemark><styleUrl>#4326_врем_ограничение_map</styleUrl><name>UUR349</name><description>От земли до 2000 м (6600 фут) AMSL</description><ExtendedData><Data name="Name"><value>UUR349</value></Data><Data name="Altitudes"><value>От земли до 2000 м (6600 фут) AMSL</value></Data><Data name="Type"><value>врем_ограничение</value></Data></ExtendedData><MultiGeometry><Polygon><outerBoundaryIs><LinearRing><coordinates>40.5955555293742,57.7597221985665 40.625833335857,57.7597221985665 40.6427778079037,57.740833313516 40.6586111537755,57.7058333441335 40.6905555147734,57.6683333512736 40.6741666507299,57.6552777866278 40.6249999687679,57.6650000020839 40.6000000340739,57.6816666561703 40.5883333439845,57.6949999937401 40.5813889176806,57.7136110871819 40.5788889062449,57.7552777565308 40.5955555293742,57.7597221985665</coordinates></LinearRing></outerBoundaryIs></Polygon></MultiGeometry></Placemark><Placemark><styleUrl>#4326_врем_ограничение_map</styleUrl><name>UUR350</name><description>От земли до FL150</description><ExtendedData><Data name="Name"><value>UUR350</value></Data><Data name="Altitudes"><value>От земли до FL150</value></Data><Data name="Type"><value>врем_ограничение</value></Data></ExtendedData><MultiGeometry><Polygon><outerBoundaryIs><LinearRing><coordinates>41.4299999679721,56.7749999938618 41.4166666335361,56.7849999825982 41.4250000349323,56.7883333256391 41.440000013715,56.7783333413018 41.4299999679721,56.7749999938618</coordinates></LinearRing></outerBoundaryIs></Polygon></MultiGeometry></Placemark><Placemark><styleUrl>#4326_врем_ограничение_map</styleUrl><name>UUR351</name><description>От земли до 1200 м (4000 фут) AMSL</description><ExtendedData><Data name="Name"><value>UUR351</value></Data><Data name="Altitudes"><value>От земли до 1200 м (4000 фут) AMSL</value></Data><Data name="Type"><value>врем_ограничение</value></Data></ExtendedData><MultiGeometry><Polygon><outerBoundaryIs><LinearRing><coordinates>42.1883332966501,57.4051356384092 42.1922369257173,57.404969765846 42.196044435049,57.4044762165694 42.1996617710351,57.4036670993897 42.2029999106309,57.4025624681336 42.2059766579879,57.4011894513337 42.2085185309158,57.3995819159134 42.210563186334,57.3977795008335 42.2120600490919,57.3958266021886 42.2129725577575,57.3937712609167 42.2132782544487,57.3916641953246 42.2129697729802,57.3895572506626 42.2120546592002,57.3875022840762 42.2105557303171,57.3855499029109 42.2085099070891,57.3837481533933 42.205967495172,57.3821414024036 42.2029912868042,57.3807691700374 42.1996544048498,57.3796652043561 42.1960390451573,57.3788566531445 42.1922341409399,57.3783634300579 42.1883332966501,57.3781976784336 42.1844324523604,57.3783634300579 42.1806275481429,57.3788566531445 42.1770121884505,57.3796652043561 42.1736753064961,57.3807691700374 42.1706990981283,57.3821414024036 42.1681566862112,57.3837481533933 42.1661108629831,57.3855499029109 42.1646119341,57.3875022840762 42.1636968203201,57.3895572506626 42.1633883388515,57.3916641953246 42.1636940355427,57.3937712609167 42.1646065442083,57.3958266021886 42.1661034069662,57.3977795008335 42.1681480623844,57.3995819159134 42.1706899353124,57.4011894513337 42.1736666826694,57.4025624681336 42.1770048222651,57.4036670993897 42.1806221582512,57.4044762165694 42.184429667583,57.404969765846 42.1883332966501,57.4051356384092</coordinates></LinearRing></outerBoundaryIs></Polygon></MultiGeometry></Placemark><Placemark><styleUrl>#4326_врем_ограничение_map</styleUrl><name>UUR352</name><description>От земли до FL110</description><ExtendedData><Data name="Name"><value>UUR352</value></Data><Data name="Altitudes"><value>От земли до FL110</value></Data><Data name="Type"><value>врем_ограничение</value></Data></ExtendedData><MultiGeometry><Polygon><outerBoundaryIs><LinearRing><coordinates>36.4300000036026,51.7883333162638 36.4399999595139,51.7266666730611 36.4066666234237,51.7283333274203 36.3966666675125,51.7783333291272 36.4300000036026,51.7883333162638</coordinates></LinearRing></outerBoundaryIs></Polygon></MultiGeometry></Placemark><Placemark><styleUrl>#4326_врем_ограничение_map</styleUrl><name>UUR353</name><description>На всех высотах</description><ExtendedData><Data name="Name"><value>UUR353</value></Data><Data name="Altitudes"><value>На всех высотах</value></Data><Data name="Type"><value>врем_ограничение</value></Data></ExtendedData><MultiGeometry><Polygon><outerBoundaryIs><LinearRing><coordinates>42.8000000363628,56.3866666561723 42.8383333054929,56.3866666561723 42.8916666432372,56.468333324987 42.9666666269822,56.4883333097708 43.0033333415972,56.5216666763711 43.0533333008167,56.4533333551967 43.0416667005588,56.3750000082007 43.0550000349948,56.3066666493398 43.0416667005588,56.2833333393315 43.0066666302904,56.249999975629 42.9883333628145,56.2550000016742 42.9883333628145,56.2733333182818 43.0066666302904,56.2900000101957 42.833333372453,56.3183333323602 42.8000000363628,56.3866666561723</coordinates></LinearRing></outerBoundaryIs></Polygon></MultiGeometry></Placemark><Placemark><styleUrl>#4326_врем_ограничение_map</styleUrl><name>UUR354</name><description>От земли до 1600 м (5300 фут) AMSL</description><ExtendedData><Data name="Name"><value>UUR354</value></Data><Data name="Altitudes"><value>От земли до 1600 м (5300 фут) AMSL</value></Data><Data name="Type"><value>врем_ограничение</value></Data></ExtendedData><MultiGeometry><Polygon><outerBoundaryIs><LinearRing><coordinates>43.5283333176439,56.3116666808213 43.4666666683349,56.3083333162975 43.4666666683349,56.3583333420698 43.5283333176439,56.3616666623633 43.5283333176439,56.3116666808213</coordinates></LinearRing></outerBoundaryIs></Polygon></MultiGeometry></Placemark><Placemark><styleUrl>#4326_врем_ограничение_map</styleUrl><name>UUR355</name><description>От земли до 400 м (1400 фут) AMSL</description><ExtendedData><Data name="Name"><value>UUR355</value></Data><Data name="Altitudes"><value>От земли до 400 м (1400 фут) AMSL</value></Data><Data name="Type"><value>врем_ограничение</value></Data></ExtendedData><MultiGeometry><Polygon><outerBoundaryIs><LinearRing><coordinates>43.7666666931465,56.343333321143 43.7366666457496,56.3333333426105 43.7333333570564,56.3549999784971 43.7783332934045,56.3533333116694 43.7666666931465,56.343333321143</coordinates></LinearRing></outerBoundaryIs></Polygon></MultiGeometry></Placemark><Placemark><styleUrl>#4326_врем_ограничение_map</styleUrl><name>UUR357</name><description>От земли до FL150</description><ExtendedData><Data name="Name"><value>UUR357</value></Data><Data name="Altitudes"><value>От земли до FL150</value></Data><Data name="Type"><value>врем_ограничение</value></Data></ExtendedData><MultiGeometry><Polygon><outerBoundaryIs><LinearRing><coordinates>39.5188889084087,54.9836110924126 39.5480555887165,54.9872222172609 39.6066667084181,54.9708333131312 39.6880556002953,54.9480555318018 39.6955555447709,54.8922222301933 39.6458333446372,54.8863888788186 39.5286111052341,54.9066666739003 39.514444403709,54.967777782365 39.5188889084087,54.9836110924126</coordinates></LinearRing></outerBoundaryIs></Polygon></MultiGeometry></Placemark><Placemark><styleUrl>#4326_врем_ограничение_map</styleUrl><name>UUR358</name><description>От земли до 1200 м (4000 фут) AMSL</description><ExtendedData><Data name="Name"><value>UUR358</value></Data><Data name="Altitudes"><value>От земли до 1200 м (4000 фут) AMSL</value></Data><Data name="Type"><value>врем_ограничение</value></Data></ExtendedData><MultiGeometry><Polygon><outerBoundaryIs><LinearRing><coordinates>33.1466666232986,54.6233333379322 33.1483333574768,54.6266666704393 33.1599999577347,54.6266666704393 33.1533332905167,54.6233333379322 33.1466666232986,54.6233333379322</coordinates></LinearRing></outerBoundaryIs></Polygon></MultiGeometry></Placemark><Placemark><styleUrl>#4326_врем_ограничение_map</styleUrl><name>UUR359</name><description>От земли до FL360</description><ExtendedData><Data name="Name"><value>UUR359</value></Data><Data name="Altitudes"><value>От земли до FL360</value></Data><Data name="Type"><value>врем_ограничение</value></Data></ExtendedData><MultiGeometry><Polygon><outerBoundaryIs><LinearRing><coordinates>41.6666666991282,52.6999999876144 41.7499999944379,52.691666652302 41.7333333713086,52.6183333491771 41.583333313987,52.516666688173 41.5166666418066,52.6499999769759 41.5499999778968,52.6833333560594 41.6000000269478,52.7033333106708 41.6666666991282,52.6999999876144</coordinates></LinearRing></outerBoundaryIs></Polygon></MultiGeometry></Placemark><Placemark><styleUrl>#4326_врем_ограничение_map</styleUrl><name>UUR360</name><description>От земли до FL090</description><ExtendedData><Data name="Name"><value>UUR360</value></Data><Data name="Altitudes"><value>От земли до FL090</value></Data><Data name="Type"><value>врем_ограничение</value></Data></ExtendedData><MultiGeometry><Polygon><outerBoundaryIs><LinearRing><coordinates>35.6300000272698,56.8249999798068 35.6999999881434,56.7833333474818 35.6500000289239,56.7333333422628 35.5566666878714,56.7499999854529 35.4999999716023,56.7333333422628 35.4999999716023,56.7833333474818 35.5333333076925,56.8000000009809 35.5833333567436,56.8166666583416 35.6300000272698,56.8249999798068</coordinates></LinearRing></outerBoundaryIs></Polygon></MultiGeometry></Placemark><Placemark><styleUrl>#4326_врем_ограничение_map</styleUrl><name>UUR361</name><description>От земли до 500 м (1700 фут) AMSL</description><ExtendedData><Data name="Name"><value>UUR361</value></Data><Data name="Altitudes"><value>От земли до 500 м (1700 фут) AMSL</value></Data><Data name="Type"><value>врем_ограничение</value></Data></ExtendedData><MultiGeometry><Polygon><outerBoundaryIs><LinearRing><coordinates>40.4644444373634,56.918055563738 40.4713888636672,56.9119444271092 40.4669444487991,56.9105555576283 40.460277781581,56.9169444288982 40.4644444373634,56.918055563738</coordinates></LinearRing></outerBoundaryIs></Polygon></MultiGeometry></Placemark><Placemark><styleUrl>#4326_врем_ограничение_map</styleUrl><name>UUR363</name><description>От земли до FL090</description><ExtendedData><Data name="Name"><value>UUR363</value></Data><Data name="Altitudes"><value>От земли до FL090</value></Data><Data name="Type"><value>врем_ограничение</value></Data></ExtendedData><MultiGeometry><Polygon><outerBoundaryIs><LinearRing><coordinates>40.4866666913673,57.711666652397 40.5499999850229,57.7000000062408 40.5883333439845,57.6949999937401 40.6000000340739,57.6816666561703 40.6249999687679,57.6650000020839 40.5333333618936,57.6433333216147 40.4250000420584,57.6666666429144 40.3877778092717,57.6883333391857 40.4866666913673,57.711666652397</coordinates></LinearRing></outerBoundaryIs></Polygon></MultiGeometry></Placemark><Placemark><styleUrl>#4326_врем_ограничение_map</styleUrl><name>UUR366</name><description>От земли до FL180</description><ExtendedData><Data name="Name"><value>UUR366</value></Data><Data name="Altitudes"><value>От земли до FL180</value></Data><Data name="Type"><value>врем_ограничение</value></Data></ExtendedData><MultiGeometry><Polygon><outerBoundaryIs><LinearRing><coordinates>37.4999999573501,54.4166666490799 37.5750000309267,54.4416666919748 37.6166666785816,54.4083333197518 37.6027777361423,54.3666666923276 37.5666666295305,54.3500000105405 37.4999999573501,54.4166666490799</coordinates></LinearRing></outerBoundaryIs></Polygon></MultiGeometry></Placemark><Placemark><styleUrl>#4326_врем_ограничение_map</styleUrl><name>UUR367</name><description>От земли до FL820</description><ExtendedData><Data name="Name"><value>UUR367</value></Data><Data name="Altitudes"><value>От земли до FL820</value></Data><Data name="Type"><value>врем_ограничение</value></Data></ExtendedData><MultiGeometry><Polygon><outerBoundaryIs><LinearRing><coordinates>43.0016666972505,56.6166666611973 43.1183333286504,56.5666666907709 43.3349999683208,56.4166666824646 43.368333304411,56.2861110983404 43.0016666972505,56.2694444535287 43.0016666972505,56.6166666611973</coordinates></LinearRing></outerBoundaryIs></Polygon></MultiGeometry></Placemark><Placemark><styleUrl>#4326_врем_ограничение_map</styleUrl><name>UUR369</name><description>От земли до 2150 м (7100 фут) AMSL</description><ExtendedData><Data name="Name"><value>UUR369</value></Data><Data name="Altitudes"><value>От земли до 2150 м (7100 фут) AMSL</value></Data><Data name="Type"><value>врем_ограничение</value></Data></ExtendedData><MultiGeometry><Polygon><outerBoundaryIs><LinearRing><coordinates>38.9999999915768,57.5166666854242 38.9666666554866,57.5499999954266 39.0666666637571,57.6000000021183 39.0999999998473,57.5666666671813 38.9999999915768,57.5166666854242</coordinates></LinearRing></outerBoundaryIs></Polygon></MultiGeometry></Placemark><Placemark><styleUrl>#4326_врем_ограничение_map</styleUrl><name>UUR370</name><description>От земли до 3350 м (11000 фут) AMSL</description><ExtendedData><Data name="Name"><value>UUR370</value></Data><Data name="Altitudes"><value>От земли до 3350 м (11000 фут) AMSL</value></Data><Data name="Type"><value>врем_ограничение</value></Data></ExtendedData><MultiGeometry><Polygon><outerBoundaryIs><LinearRing><coordinates>38.4558332911335,55.5016666878465 38.5311111237959,55.5372222014962 38.5922222549332,55.4958333182982 38.5216666860563,55.4619444699443 38.4583333025692,55.4783333082277 38.4558332911335,55.5016666878465</coordinates></LinearRing></outerBoundaryIs></Polygon></MultiGeometry></Placemark><Placemark><styleUrl>#4326_врем_ограничение_map</styleUrl><name>UUR372</name><description>От земли до FL140</description><ExtendedData><Data name="Name"><value>UUR372</value></Data><Data name="Altitudes"><value>От земли до FL140</value></Data><Data name="Type"><value>врем_ограничение</value></Data></ExtendedData><MultiGeometry><Polygon><outerBoundaryIs><LinearRing><coordinates>38.7500000158162,55.0200000002088 38.8166666879965,55.0583333438942 38.9166666962671,54.9833333119843 38.8666666472161,54.9500000156816 38.7500000158162,55.0200000002088</coordinates></LinearRing></outerBoundaryIs></Polygon></MultiGeometry></Placemark><Placemark><styleUrl>#4326_врем_ограничение_map</styleUrl><name>UUR373</name><description>От земли до FL140</description><ExtendedData><Data name="Name"><value>UUR373</value></Data><Data name="Altitudes"><value>От земли до FL140</value></Data><Data name="Type"><value>врем_ограничение</value></Data></ExtendedData><MultiGeometry><Polygon><outerBoundaryIs><LinearRing><coordinates>41.4283333236255,58.4133333448493 41.446666680933,58.4183333269552 41.4433333024082,58.4033333183074 41.4366666351902,58.4000000033208 41.4600000153691,58.3966666548939 41.4416666580616,58.3916666522333 41.4066666776248,58.3966666548939 41.4050000332781,58.4033333183074 41.409999966318,58.4083333104587 41.4133333448428,58.4099999891466 41.4283333236255,58.4133333448493</coordinates></LinearRing></outerBoundaryIs></Polygon></MultiGeometry></Placemark><Placemark><styleUrl>#4326_врем_ограничение_map</styleUrl><name>UUR374</name><description>От земли до 450 м (1500 фут) AMSL</description><ExtendedData><Data name="Name"><value>UUR374</value></Data><Data name="Altitudes"><value>От земли до 450 м (1500 фут) AMSL</value></Data><Data name="Type"><value>врем_ограничение</value></Data></ExtendedData><MultiGeometry><Polygon><outerBoundaryIs><LinearRing><coordinates>40.6783333065122,56.9830819400118 40.6806489836516,56.9829824256581 40.6829075279389,56.9826862842715 40.6850534234896,56.9822008682088 40.6870337595335,56.981538137748 40.6887997575505,56.9807143676799 40.6903078492495,56.9797498541251 40.6915210240407,56.9786684252774 40.6924093680252,56.9774966578265 40.6929510521415,56.9762634365966 40.6931327813235,56.9749991215297 40.6929500639947,56.9737348614869 40.6924074815631,56.9725017604897 40.6915184189264,56.9713301907204 40.6903047949776,56.9702490070166 40.6887965236155,56.969284761019 40.6870307052615,56.9684612585147 40.6850508183753,56.9677987732034 40.6829056414769,56.9673135548237 40.6806479955048,56.9670175336587 40.6783333065122,56.9669180743352 40.6760186175196,56.9670175336587 40.6737609715476,56.9673135548237 40.6716157946491,56.9677987732034 40.6696359077629,56.9684612585147 40.6678700894089,56.969284761019 40.6663618180469,56.9702490070166 40.665148194098,56.9713301907204 40.6642591314613,56.9725017604897 40.6637165490297,56.9737348614869 40.6635338317009,56.9749991215297 40.6637155608829,56.9762634365966 40.6642572449992,56.9774966578265 40.6651455889837,56.9786684252774 40.6663587637749,56.9797498541251 40.6678668554739,56.9807143676799 40.6696328534909,56.981538137748 40.6716131895348,56.9822008682088 40.6737590850855,56.9826862842715 40.6760176293728,56.9829824256581 40.6783333065122,56.9830819400118</coordinates></LinearRing></outerBoundaryIs></Polygon></MultiGeometry></Placemark><Placemark><styleUrl>#4326_врем_ограничение_map</styleUrl><name>UUR375</name><description>От земли до FL200</description><ExtendedData><Data name="Name"><value>UUR375</value></Data><Data name="Altitudes"><value>От земли до FL200</value></Data><Data name="Type"><value>врем_ограничение</value></Data></ExtendedData><MultiGeometry><Polygon><outerBoundaryIs><LinearRing><coordinates>41.3383333610978,51.2066666635264 41.8983333175813,51.3000000229548 41.9316666536715,51.1833333269575 41.6616666762568,51.1266666587467 41.4666666825871,51.0833333581475 41.3383333610978,51.2066666635264</coordinates></LinearRing></outerBoundaryIs></Polygon></MultiGeometry></Placemark><Placemark><styleUrl>#4326_врем_ограничение_map</styleUrl><name>UUR378</name><description>От земли до 1500 м (5000 фут) AMSL</description><ExtendedData><Data name="Name"><value>UUR378</value></Data><Data name="Altitudes"><value>От земли до 1500 м (5000 фут) AMSL</value></Data><Data name="Type"><value>врем_ограничение</value></Data></ExtendedData><MultiGeometry><Polygon><outerBoundaryIs><LinearRing><coordinates>33.5250000103801,54.8886157303761 33.5323132849396,54.8882836938449 33.5394460879586,54.8872959051608 33.5462224394728,54.8856766040749 33.5524754325025,54.8834657996214 33.5580507364819,54.8807180362882 33.5628110888355,54.8775010588682 33.5666392594187,54.8738941676972 33.569441284453,54.8699862629839 33.5711483529874,54.8658736805309 33.5717186933613,54.8616577140477 33.5711387410138,54.8574421339597 33.5694229588212,54.8533308058488 33.5666141065908,54.8494248900871 33.5627814444311,54.8458205038211 33.5580195649415,54.8426062758856 33.5524457880981,54.8398612620317 33.5461972866448,54.8376529624658 33.5394277623268,54.8360356503145 33.5323035831345,54.8350491160123 33.5250000103801,54.8347175176557 33.5176964376256,54.8350491160123 33.5105722584333,54.8360356503145 33.5038027341153,54.8376529624658 33.497554232662,54.8398612620317 33.4919804558186,54.8426062758856 33.487218576329,54.8458205038211 33.4833859141693,54.8494248900871 33.480577061939,54.8533308058488 33.4788612797463,54.8574421339597 33.4782813273989,54.8616577140477 33.4788516677728,54.8658736805309 33.4805587363072,54.8699862629839 33.4833607613414,54.8738941676972 33.4871889319247,54.8775010588682 33.4919492842783,54.8807180362882 33.4975245882576,54.8834657996214 33.5037775812873,54.8856766040749 33.5105539328015,54.8872959051608 33.5176867358205,54.8882836938449 33.5250000103801,54.8886157303761</coordinates></LinearRing></outerBoundaryIs></Polygon></MultiGeometry></Placemark><Placemark><styleUrl>#4326_врем_ограничение_map</styleUrl><name>UUR379</name><description>От земли до FL200</description><ExtendedData><Data name="Name"><value>UUR379</value></Data><Data name="Altitudes"><value>От земли до FL200</value></Data><Data name="Type"><value>врем_ограничение</value></Data></ExtendedData><MultiGeometry><Polygon><outerBoundaryIs><LinearRing><coordinates>33.5100000315974,54.9664961211924 33.5344241461942,54.9653877165441 33.5582428861211,54.9620900233184 33.5808662378995,54.9566847475713 33.6017342816126,54.9493057268078 33.6203313842875,54.9401357749274 33.6361991356347,54.9294017948903 33.6489472176631,54.9173691796139 33.6582638251378,54.9043352280952 33.6639222232809,54.8906217173159 33.6657865868216,54.8765668237908 33.6638151440991,54.8625167469823 33.6580601770629,54.8488173393141 33.6486669432945,54.8358053263295 33.6358696335885,54.8238003632859 33.619984993914,54.8130970542244 33.6014047795664,54.8039577212176 33.5805859635308,54.7966064040062 33.5580392380462,54.7912230663644 33.5343170670124,54.7879394758866 33.5100000315974,54.7868359395661 33.4856829961824,54.7879394758866 33.4619608251485,54.7912230663644 33.4394140996639,54.7966064040062 33.4185952836283,54.8039577212176 33.4000150692808,54.8130970542244 33.3841304296063,54.8238003632859 33.3713331199002,54.8358053263295 33.3619398861318,54.8488173393141 33.3561849190957,54.8625167469823 33.3542134763731,54.8765668237908 33.3560778399138,54.8906217173159 33.3617362380569,54.9043352280952 33.3710528455316,54.9173691796139 33.3838009275601,54.9294017948903 33.3996686789072,54.9401357749274 33.4182657815821,54.9493057268078 33.4391338252953,54.9566847475713 33.4617571770736,54.9620900233184 33.4855759170005,54.9653877165441 33.5100000315974,54.9664961211924</coordinates></LinearRing></outerBoundaryIs></Polygon></MultiGeometry></Placemark><Placemark><styleUrl>#4326_врем_ограничение_map</styleUrl><name>UUR380</name><description>От земли до 2150 м (7100 фут) AMSL</description><ExtendedData><Data name="Name"><value>UUR380</value></Data><Data name="Altitudes"><value>От земли до 2150 м (7100 фут) AMSL</value></Data><Data name="Type"><value>врем_ограничение</value></Data></ExtendedData><MultiGeometry><Polygon><outerBoundaryIs><LinearRing><coordinates>33.4216666235847,55.0133333366294 33.6966666238709,55.0116666774469 33.7133333368317,54.9300000045378 33.8000000106662,54.8749999784064 34.9116667019001,54.831666684391 34.7783333575393,54.7116666416888 33.2666666332233,54.6999999973398 33.213333295479,54.9316666572185 33.4216666235847,55.0133333366294</coordinates></LinearRing></outerBoundaryIs></Polygon></MultiGeometry></Placemark><Placemark><styleUrl>#4326_врем_ограничение_map</styleUrl><name>UUR384</name><description>От земли до 400 м (1400 фут) AGL</description><ExtendedData><Data name="Name"><value>UUR384</value></Data><Data name="Altitudes"><value>От земли до 400 м (1400 фут) AGL</value></Data><Data name="Type"><value>врем_ограничение</value></Data></ExtendedData><MultiGeometry><Polygon><outerBoundaryIs><LinearRing><coordinates>36.4041667018196,56.8527736959585 36.4118586162714,56.8524417672111 36.4193607167036,56.8514542321752 36.4264879501678,56.8498354036532 36.4330645163629,56.8476252193019 36.43892826938,56.8448782177069 36.443934849953,56.8416621723548 36.4479609193933,56.8380563329905 36.4509075731883,56.8341496175959 36.452702586789,56.8300383105153 36.4533020325781,56.8258236592945 36.4526917171741,56.8216094677982 36.4508868221052,56.8174994879894 36.4479323529673,56.8135949056499 36.4439012529613,56.8099917724951 36.4388930554208,56.806778680904 36.4330310092028,56.8040346823246 36.4264594735733,56.8018271548981 36.4193400554521,56.8002104594433 36.4118477466564,56.799224251688 36.4041667018196,56.7988928319301 36.3964856569827,56.799224251688 36.388993348187,56.8002104594433 36.3818739300658,56.8018271548981 36.3753023944364,56.8040346823246 36.3694403482183,56.806778680904 36.3644321506778,56.8099917724951 36.3604010506719,56.8135949056499 36.3574465815339,56.8174994879894 36.3556416864651,56.8216094677982 36.355031371061,56.8258236592945 36.3556308168501,56.8300383105153 36.3574258304509,56.8341496175959 36.3603724842458,56.8380563329905 36.3643985536862,56.8416621723548 36.3694051342592,56.8448782177069 36.3752688872763,56.8476252193019 36.3818454534713,56.8498354036532 36.3889726869355,56.8514542321752 36.3964747873678,56.8524417672111 36.4041667018196,56.8527736959585</coordinates></LinearRing></outerBoundaryIs></Polygon></MultiGeometry></Placemark><Placemark><styleUrl>#4326_врем_ограничение_map</styleUrl><name>UUR385</name><description>От земли до 700 м (2300 фут) AMSL</description><ExtendedData><Data name="Name"><value>UUR385</value></Data><Data name="Altitudes"><value>От земли до 700 м (2300 фут) AMSL</value></Data><Data name="Type"><value>врем_ограничение</value></Data></ExtendedData><MultiGeometry><Polygon><outerBoundaryIs><LinearRing><coordinates>41.3102778069649,55.5038888776922 41.2841666562644,55.4938888729243 41.3822222611025,55.4808333285116 41.3727777335314,55.5030555521404 41.3102778069649,55.5038888776922</coordinates></LinearRing></outerBoundaryIs></Polygon></MultiGeometry></Placemark><Placemark><styleUrl>#4326_врем_ограничение_map</styleUrl><name>UUR388</name><description>От земли до FL140</description><ExtendedData><Data name="Name"><value>UUR388</value></Data><Data name="Altitudes"><value>От земли до FL140</value></Data><Data name="Type"><value>врем_ограничение</value></Data></ExtendedData><MultiGeometry><Polygon><outerBoundaryIs><LinearRing><coordinates>36.0450000391347,57.3333333173833 36.3750000215117,57.1966666842401 36.0966666427008,57.0966666869291 35.7333333242336,57.1611110871751 35.7333333242336,57.2166666621093 36.0450000391347,57.3333333173833</coordinates></LinearRing></outerBoundaryIs></Polygon></MultiGeometry></Placemark><Placemark><styleUrl>#4326_врем_ограничение_map</styleUrl><name>UUR389</name><description>От земли до FL160</description><ExtendedData><Data name="Name"><value>UUR389</value></Data><Data name="Altitudes"><value>От земли до FL160</value></Data><Data name="Type"><value>врем_ограничение</value></Data></ExtendedData><MultiGeometry><Polygon><outerBoundaryIs><LinearRing><coordinates>39.9833333613213,53.2499999968782 40.1166667056821,53.0666666506666 40.1516666861189,52.8733333489519 39.7516666530367,52.7900000133493 39.556666659367,53.0466666836039 39.5600000378918,53.225000015554 39.9833333613213,53.2499999968782</coordinates></LinearRing></outerBoundaryIs></Polygon></MultiGeometry></Placemark><Placemark><styleUrl>#4326_врем_ограничение_map</styleUrl><name>UUR390</name><description>От земли до 2450 м (8100 фут) AMSL</description><ExtendedData><Data name="Name"><value>UUR390</value></Data><Data name="Altitudes"><value>От земли до 2450 м (8100 фут) AMSL</value></Data><Data name="Type"><value>врем_ограничение</value></Data></ExtendedData><MultiGeometry><Polygon><outerBoundaryIs><LinearRing><coordinates>38.5433333320571,55.4549999823744 38.4583333025692,55.4783333082277 38.4533333695293,55.5249999989407 38.5133333744917,55.5500000173577 38.5883333582367,55.5483333231839 38.6033333370194,55.4683333182424 38.5433333320571,55.4549999823744</coordinates></LinearRing></outerBoundaryIs></Polygon></MultiGeometry></Placemark><Placemark><styleUrl>#4326_врем_ограничение_map</styleUrl><name>UUR394</name><description>От земли до 700 м (2300 фут) AMSL</description><ExtendedData><Data name="Name"><value>UUR394</value></Data><Data name="Altitudes"><value>От земли до 700 м (2300 фут) AMSL</value></Data><Data name="Type"><value>врем_ограничение</value></Data></ExtendedData><MultiGeometry><Polygon><outerBoundaryIs><LinearRing><coordinates>34.1000000354778,56.2720552344919 34.1015150442045,56.2719889075153 34.1029927728468,56.2717914753643 34.1043966599729,56.2714678343715 34.1056923899387,56.2710259787544 34.1068478030571,56.2704768010608 34.1078346023967,56.2698337427572 34.1086284436133,56.2691127447761 34.1092097434337,56.2683314982695 34.1095643084763,56.2675092451365 34.1096833352514,56.2666662785371 34.1095638593186,56.2658233432783 34.1092090247814,56.2650011859912 34.108627365635,56.2642200051534 34.1078333447553,56.26349910091 34.1068464555842,56.2628561748023 34.1056910424658,56.2623070793214 34.1043955819945,56.2618653174398 34.1029919643631,56.2615417921071 34.1015145950468,56.2613444558045 34.1000000354778,56.2612781101801 34.0984854759088,56.2613444558045 34.0970081065925,56.2615417921071 34.0956044889611,56.2618653174398 34.0943090284899,56.2623070793214 34.0931536153714,56.2628561748023 34.0921667262003,56.26349910091 34.0913727053207,56.2642200051534 34.0907910461742,56.2650011859912 34.090436211637,56.2658233432783 34.0903167357042,56.2666662785371 34.0904357624793,56.2675092451365 34.090790327522,56.2683314982695 34.0913716273423,56.2691127447761 34.0921654685589,56.2698337427572 34.0931522678985,56.2704768010608 34.0943076810169,56.2710259787544 34.0956034109827,56.2714678343715 34.0970072981088,56.2717914753643 34.0984850267511,56.2719889075153 34.1000000354778,56.2720552344919</coordinates></LinearRing></outerBoundaryIs></Polygon></MultiGeometry></Placemark><Placemark><styleUrl>#4326_врем_ограничение_map</styleUrl><name>UUR407</name><description>От земли до FL400</description><ExtendedData><Data name="Name"><value>UUR407</value></Data><Data name="Altitudes"><value>От земли до FL400</value></Data><Data name="Type"><value>врем_ограничение</value></Data></ExtendedData><MultiGeometry><Polygon><outerBoundaryIs><LinearRing><coordinates>39.9999999844507,54.7499999781097 40.6166666572033,54.6666666645791 40.4666666897132,54.5499999871203 39.8833333530508,54.6833333587094 39.9999999844507,54.7499999781097</coordinates></LinearRing></outerBoundaryIs></Polygon></MultiGeometry></Placemark><Placemark><styleUrl>#4326_врем_ограничение_map</styleUrl><name>UUR408</name><description>От 1850 м (6100 фут) AMSL до 3050 м (10100 фут) AMSL</description><ExtendedData><Data name="Name"><value>UUR408</value></Data><Data name="Altitudes"><value>От 1850 м (6100 фут) AMSL до 3050 м (10100 фут) AMSL</value></Data><Data name="Type"><value>врем_ограничение</value></Data></ExtendedData><MultiGeometry><Polygon><outerBoundaryIs><LinearRing><coordinates>36.6500000217978,55.6116666821691 36.7233333611962,55.6466666795965 36.7833333661586,55.6050000209262 36.6366666873618,55.5366666670591 36.5766666823994,55.5766666838167 36.6500000217978,55.6116666821691</coordinates></LinearRing></outerBoundaryIs></Polygon></MultiGeometry></Placemark><Placemark><styleUrl>#4326_врем_ограничение_map</styleUrl><name>UUR409</name><description>От 400 м (1400 фут) AMSL до FL130</description><ExtendedData><Data name="Name"><value>UUR409</value></Data><Data name="Altitudes"><value>От 400 м (1400 фут) AMSL до FL130</value></Data><Data name="Type"><value>врем_ограничение</value></Data></ExtendedData><MultiGeometry><Polygon><outerBoundaryIs><LinearRing><coordinates>34.8786111248957,55.4208333194604 35.4930555452985,55.5272222418891 35.6019444731369,55.27555557899 34.9036111494213,55.1999999941775 34.8786111248957,55.4208333194604</coordinates></LinearRing></outerBoundaryIs></Polygon></MultiGeometry></Placemark><Placemark><styleUrl>#4326_врем_ограничение_map</styleUrl><name>UUR410</name><description>От 1500 м (5000 фут) AMSL до FL200</description><ExtendedData><Data name="Name"><value>UUR410</value></Data><Data name="Altitudes"><value>От 1500 м (5000 фут) AMSL до FL200</value></Data><Data name="Type"><value>врем_ограничение</value></Data></ExtendedData><MultiGeometry><Polygon><outerBoundaryIs><LinearRing><coordinates>35.7816666391065,55.5519444296496 36.3058333378956,55.6405555405606 36.3972221856842,55.4724999884684 36.0144444735661,55.4261111347346 35.8283333096328,55.4572222131644 35.7816666391065,55.5519444296496</coordinates></LinearRing></outerBoundaryIs></Polygon></MultiGeometry></Placemark><Placemark><styleUrl>#4326_врем_ограничение_map</styleUrl><name>UUR414</name><description>Некорректная геометрия! От земли до 1200 м (4000 фут) AMSL</description><ExtendedData><Data name="Name"><value>UUR414</value></Data><Data name="Altitudes"><value>Некорректная геометрия! От земли до 1200 м (4000 фут) AMSL</value></Data><Data name="Type"><value>врем_ограничение</value></Data></ExtendedData><MultiGeometry><Polygon><outerBoundaryIs><LinearRing><coordinates>38.5066667072736,55.9138888997782 38.9916666800121,56.0283333428948 38.9902777947513,56.0055555600661 38.5086111107061,55.8563888804273 38.0633332923585,55.8799999783197 38.5066667072736,55.9138888997782</coordinates></LinearRing></outerBoundaryIs></Polygon></MultiGeometry></Placemark><Placemark><styleUrl>#4326_врем_ограничение_map</styleUrl><name>UUR415</name><description>От земли до 3050 м (10100 фут) AMSL</description><ExtendedData><Data name="Name"><value>UUR415</value></Data><Data name="Altitudes"><value>От земли до 3050 м (10100 фут) AMSL</value></Data><Data name="Type"><value>врем_ограничение</value></Data></ExtendedData><MultiGeometry><Polygon><outerBoundaryIs><LinearRing><coordinates>38.6016666926728,56.1111110952267 38.7500000158162,56.0647222436355 38.9999999915768,56.0833333400907 38.9916666800121,56.0283333428948 38.5066667072736,55.9138888997782 38.5158332960958,55.9330555449622 38.536666664839,56.0002777633165 38.5266667089277,56.0283333428948 38.4452778170505,56.0247221976213 38.6016666926728,56.1111110952267</coordinates></LinearRing></outerBoundaryIs></Polygon></MultiGeometry></Placemark><Placemark><styleUrl>#4326_врем_ограничение_map</styleUrl><name>UUR416</name><description>От 3050 м (10100 фут) AMSL до FL200</description><ExtendedData><Data name="Name"><value>UUR416</value></Data><Data name="Altitudes"><value>От 3050 м (10100 фут) AMSL до FL200</value></Data><Data name="Type"><value>врем_ограничение</value></Data></ExtendedData><MultiGeometry><Polygon><outerBoundaryIs><LinearRing><coordinates>38.6016666926728,56.1111110952267 38.7500000158162,56.0647222436355 38.9999999915768,56.0833333400907 38.9916666800121,56.0283333428948 38.5066667072736,55.9138888997782 38.5158332960958,55.9330555449622 38.536666664839,56.0002777633165 38.5266667089277,56.0283333428948 38.4452778170505,56.0247221976213 38.6016666926728,56.1111110952267</coordinates></LinearRing></outerBoundaryIs></Polygon></MultiGeometry></Placemark><Placemark><styleUrl>#4326_врем_ограничение_map</styleUrl><name>UUR417</name><description>Некорректная геометрия! От земли до 3050 м (10100 фут) AMSL</description><ExtendedData><Data name="Name"><value>UUR417</value></Data><Data name="Altitudes"><value>Некорректная геометрия! От земли до 3050 м (10100 фут) AMSL</value></Data><Data name="Type"><value>врем_ограничение</value></Data></ExtendedData><MultiGeometry><Polygon><outerBoundaryIs><LinearRing><coordinates>38.4833333270947,56.1833333497828 38.6016666926728,56.1111110952267 38.4433333237865,56.0249999900691 38.4361111383968,56.0205555731756 38.0633332923585,55.8799999783197 38.3022221860328,56.0927777708562 38.4833333270947,56.1833333497828</coordinates></LinearRing></outerBoundaryIs></Polygon></MultiGeometry></Placemark><Placemark><styleUrl>#4326_врем_ограничение_map</styleUrl><name>UUR418</name><description>От 1850 м (6100 фут) AMSL до FL400</description><ExtendedData><Data name="Name"><value>UUR418</value></Data><Data name="Altitudes"><value>От 1850 м (6100 фут) AMSL до FL400</value></Data><Data name="Type"><value>врем_ограничение</value></Data></ExtendedData><MultiGeometry><Polygon><outerBoundaryIs><LinearRing><coordinates>35.6019444731369,55.2308333207592 35.9522222162539,55.098333350602 36.2452778147616,55.0619444684191 36.2833333248058,55.0333333411688 36.5183333217837,54.9958333275759 36.3294444771604,54.8288888733628 35.3666666272416,54.8155555611798 35.2797221943213,55.1963889030153 35.6019444731369,55.2308333207592</coordinates></LinearRing></outerBoundaryIs></Polygon></MultiGeometry></Placemark><Placemark><styleUrl>#4326_врем_ограничение_map</styleUrl><name>UUR419</name><description>От FL160 до FL410</description><ExtendedData><Data name="Name"><value>UUR419</value></Data><Data name="Altitudes"><value>От FL160 до FL410</value></Data><Data name="Type"><value>врем_ограничение</value></Data></ExtendedData><MultiGeometry><Polygon><outerBoundaryIs><LinearRing><coordinates>34.5894444230845,54.1888888850366 34.0111111092935,53.3305555785533 33.1722222558274,53.2488889083787 32.9000000260628,53.2947222447374 32.9438889260675,53.8038888695506 34.5894444230845,54.1888888850366</coordinates></LinearRing></outerBoundaryIs></Polygon></MultiGeometry></Placemark><Placemark><styleUrl>#4326_врем_ограничение_map</styleUrl><name>UUR421</name><description>От 1200 м (4000 фут) AMSL до FL200</description><ExtendedData><Data name="Name"><value>UUR421</value></Data><Data name="Altitudes"><value>От 1200 м (4000 фут) AMSL до FL200</value></Data><Data name="Type"><value>врем_ограничение</value></Data></ExtendedData><MultiGeometry><Polygon><outerBoundaryIs><LinearRing><coordinates>34.9116667019001,54.831666684391 34.8949999889392,54.6383333361293 34.4500000195089,53.8666666886273 34.233333290007,53.6099999967983 33.7866666762301,53.986666692718 33.2666666332233,54.6999999973398 33.213333295479,54.9316666572185 33.4216666235847,55.0133333366294 33.6966666238709,55.0116666774469 33.7133333368317,54.9300000045378 33.8000000106662,54.8749999784064 34.9116667019001,54.831666684391</coordinates></LinearRing></outerBoundaryIs></Polygon></MultiGeometry></Placemark><Placemark><styleUrl>#4326_врем_ограничение_map</styleUrl><name>UUR422</name><description>Некорректная геометрия! От 400 м (1400 фут) AMSL до 3050 м (10100 фут) AMSL</description><ExtendedData><Data name="Name"><value>UUR422</value></Data><Data name="Altitudes"><value>Некорректная геометрия! От 400 м (1400 фут) AMSL до 3050 м (10100 фут) AMSL</value></Data><Data name="Type"><value>врем_ограничение</value></Data></ExtendedData><MultiGeometry><Polygon><outerBoundaryIs><LinearRing><coordinates>36.2166666350565,55.1833332701131 36.0206315421132,55.1506606360845 36.0016151990396,55.1585754195772 35.926603629729,55.1966360806969 35.8583418522656,55.2386717957277 35.7974898863363,55.2842897296764 35.7446446894019,55.3330619602964 35.7003335185687,55.3845297454562 35.6650091890672,55.4382070792801 35.6390439102753,55.4935849595169 35.6227243071216,55.5501361290604 35.6189265860861,55.5836710086353 36.1834110310532,55.668019343508 36.1813956476633,55.6633503680368 36.1748336200373,55.6371638973025 36.1728561688133,55.6107405876072 36.1754732511849,55.5843350586147 36.1826504911267,55.5582014558365 36.1943098906226,55.5325903686438 36.2103312521218,55.5077476448866 36.2305533639193,55.4839101235261 36.2547756596878,55.4613061087857 36.2827603521622,55.4401506286308 36.3142359892804,55.4206447235409 36.3488986395629,55.4029740240528 36.3541420502715,55.4007841526997 36.3304244893856,55.3884827512959 36.3044940607711,55.3720908399509 36.2815372768877,55.3543293403407 36.2617731959936,55.335371080896 36.24538958231,55.3154000326217 36.2325398240327,55.2946101237158 36.2233426962563,55.2732026317337 36.2178814126697,55.2513842869796 36.2162022031002,55.2293660871264 36.2183150247413,55.2073599781511 36.2234142932194,55.1884650180083 36.2233334502908,55.1883334408078 36.2166666350565,55.1833332701131</coordinates></LinearRing></outerBoundaryIs></Polygon></MultiGeometry></Placemark><Placemark><styleUrl>#4326_врем_ограничение_map</styleUrl><name>UUR424</name><description>От земли до FL120</description><ExtendedData><Data name="Name"><value>UUR424</value></Data><Data name="Altitudes"><value>От земли до FL120</value></Data><Data name="Type"><value>врем_ограничение</value></Data></ExtendedData><MultiGeometry><Polygon><outerBoundaryIs><LinearRing><coordinates>37.5333332934403,54.3583333347844 37.4999999573501,54.4166666490799 37.6833333507619,54.4666666419198 37.7333333099814,54.4166666490799 37.5333332934403,54.3583333347844</coordinates></LinearRing></outerBoundaryIs></Polygon></MultiGeometry></Placemark><Placemark><styleUrl>#4326_врем_ограничение_map</styleUrl><name>UUR436</name><description>От земли до FL110
Не распространяется на воздушные суда, выполняющие полеты (перелеты) под литерами "А" и "К"</description><ExtendedData><Data name="Name"><value>UUR436</value></Data><Data name="Altitudes"><value>От земли до FL110
Не распространяется на воздушные суда, выполняющие полеты (перелеты) под литерами "А" и "К"</value></Data><Data name="Type"><value>врем_ограничение</value></Data></ExtendedData><MultiGeometry><Polygon><outerBoundaryIs><LinearRing><coordinates>41.4699999712804,57.4919375960615 41.477825824541,57.4916057205913 41.4854584501841,57.4906182510204 41.492709740989,57.4889995149533 41.4994007525513,57.4867895334343 41.5053665541846,57.4840428215552 41.5104600916771,57.480827046413 41.5145561398781,57.4772215412082 41.5175539078127,57.473315190223 41.5193800031223,57.4692043122075 41.5199897795372,57.4649900569686 41.5193686843497,57.4607763305461 41.5175323482459,57.4566667962903 41.5145264056422,57.4527626457373 41.5104251472126,57.4491599293809 41.505329723258,57.4459471741027 41.4993658080867,57.4432034821315 41.4926800067531,57.4409962410395 41.4854368906173,57.4393797053617 41.4778144159369,57.4383936279541 41.4699999712804,57.4380622329122 41.4621855266238,57.4383936279541 41.4545630519435,57.4393797053617 41.4473199358076,57.4409962410395 41.440634134474,57.4432034821315 41.4346702193028,57.4459471741027 41.4295747953482,57.4491599293809 41.4254735369185,57.4527626457373 41.4224675943148,57.4566667962903 41.420631258211,57.4607763305461 41.4200101630236,57.4649900569686 41.4206199394384,57.4692043122075 41.422446034748,57.473315190223 41.4254438026826,57.4772215412082 41.4295398508836,57.480827046413 41.4346333883761,57.4840428215552 41.4405991900095,57.4867895334343 41.4472902015717,57.4889995149533 41.4545414923767,57.4906182510204 41.4621741180197,57.4916057205913 41.4699999712804,57.4919375960615</coordinates></LinearRing></outerBoundaryIs></Polygon></MultiGeometry></Placemark><Placemark><styleUrl>#4326_врем_ограничение_map</styleUrl><name>UUR438</name><description>От земли до 1200 м (4000 фут) AMSL</description><ExtendedData><Data name="Name"><value>UUR438</value></Data><Data name="Altitudes"><value>От земли до 1200 м (4000 фут) AMSL</value></Data><Data name="Type"><value>врем_ограничение</value></Data></ExtendedData><MultiGeometry><Polygon><outerBoundaryIs><LinearRing><coordinates>36.7333333171075,55.5708333307711 36.8569444646428,55.5138888809664 36.8124999566349,55.4875000016845 36.7166666939782,55.563888869931 36.7333333171075,55.5708333307711</coordinates></LinearRing></outerBoundaryIs></Polygon></MultiGeometry></Placemark><Placemark><styleUrl>#4326_врем_ограничение_map</styleUrl><name>UUR439</name><description>От земли до 700 м (2300 фут) AMSL</description><ExtendedData><Data name="Name"><value>UUR439</value></Data><Data name="Altitudes"><value>От земли до 700 м (2300 фут) AMSL</value></Data><Data name="Type"><value>врем_ограничение</value></Data></ExtendedData><MultiGeometry><Polygon><outerBoundaryIs><LinearRing><coordinates>40.9999999773246,51.6888888719033 42.6499999790412,52.3000000231067 42.5833333068609,51.5166666753462 42.9666666269822,50.7499999726254 42.783333323402,50.6616666697992 41.9083333633241,50.4916666609961 40.9999999773246,51.1166666723747 40.9999999773246,51.6888888719033</coordinates></LinearRing></outerBoundaryIs></Polygon></MultiGeometry></Placemark><Placemark><styleUrl>#4326_врем_ограничение_map</styleUrl><name>UUR440</name><description>От земли до 850 м (2800 фут) AMSL</description><ExtendedData><Data name="Name"><value>UUR440</value></Data><Data name="Altitudes"><value>От земли до 850 м (2800 фут) AMSL</value></Data><Data name="Type"><value>врем_ограничение</value></Data></ExtendedData><MultiGeometry><Polygon><outerBoundaryIs><LinearRing><coordinates>38.5777777943222,55.6111110857898 38.4888888681378,55.6869444279049 38.5416666877104,55.7033333178624 38.6333332945848,55.6347222204119 38.5777777943222,55.6111110857898</coordinates></LinearRing></outerBoundaryIs></Polygon></MultiGeometry></Placemark><Placemark><styleUrl>#4326_врем_ограничение_map</styleUrl><name>UUR442</name><description>От земли до 2150 м (7100 фут) AMSL</description><ExtendedData><Data name="Name"><value>UUR442</value></Data><Data name="Altitudes"><value>От земли до 2150 м (7100 фут) AMSL</value></Data><Data name="Type"><value>врем_ограничение</value></Data></ExtendedData><MultiGeometry><Polygon><outerBoundaryIs><LinearRing><coordinates>35.0600000250435,57.1888888735502 35.1413889169207,57.2347222133105 35.2666667088026,57.221666650334 35.1666667005321,57.1166666698437 35.0600000250435,57.1888888735502</coordinates></LinearRing></outerBoundaryIs></Polygon></MultiGeometry></Placemark><Placemark><styleUrl>#4326_врем_ограничение_map</styleUrl><name>UUR443</name><description>От земли до 2150 м (7100 фут) AMSL</description><ExtendedData><Data name="Name"><value>UUR443</value></Data><Data name="Altitudes"><value>От земли до 2150 м (7100 фут) AMSL</value></Data><Data name="Type"><value>врем_ограничение</value></Data></ExtendedData><MultiGeometry><Polygon><outerBoundaryIs><LinearRing><coordinates>34.65000003605,57.183333353908 34.8000000035401,57.204166664904 34.8124999708871,57.1458333346428 34.662500003397,57.1333333410295 34.65000003605,57.183333353908</coordinates></LinearRing></outerBoundaryIs></Polygon></MultiGeometry></Placemark><Placemark><styleUrl>#4326_врем_ограничение_map</styleUrl><name>UUR444</name><description>От земли до 2150 м (7100 фут) AMSL</description><ExtendedData><Data name="Name"><value>UUR444</value></Data><Data name="Altitudes"><value>От земли до 2150 м (7100 фут) AMSL</value></Data><Data name="Type"><value>врем_ограничение</value></Data></ExtendedData><MultiGeometry><Polygon><outerBoundaryIs><LinearRing><coordinates>34.5624999951265,57.0458333333622 34.737499987142,57.0569444363647 34.7749999790146,56.9791666899209 34.5791667080873,56.9597222431196 34.5624999951265,57.0458333333622</coordinates></LinearRing></outerBoundaryIs></Polygon></MultiGeometry></Placemark><Placemark><styleUrl>#4326_врем_ограничение_map</styleUrl><name>UUR445</name><description>От земли до 2150 м (7100 фут) AMSL</description><ExtendedData><Data name="Name"><value>UUR445</value></Data><Data name="Altitudes"><value>От земли до 2150 м (7100 фут) AMSL</value></Data><Data name="Type"><value>врем_ограничение</value></Data></ExtendedData><MultiGeometry><Polygon><outerBoundaryIs><LinearRing><coordinates>34.6713889229649,56.8791666884912 34.9255555545078,56.8958333406692 34.9111110938968,56.8041666606521 34.7269444232275,56.8333333115439 34.6713889229649,56.8791666884912</coordinates></LinearRing></outerBoundaryIs></Polygon></MultiGeometry></Placemark><Placemark><styleUrl>#4326_врем_ограничение_map</styleUrl><name>UUR449</name><description>Некорректная геометрия! От земли до 1850 м (6100 фут) AMSL
Исключая границы района аэродрома Киржач в период выполнения полетов в районе аэродрома Киржач</description><ExtendedData><Data name="Name"><value>UUR449</value></Data><Data name="Altitudes"><value>Некорректная геометрия! От земли до 1850 м (6100 фут) AMSL
Исключая границы района аэродрома Киржач в период выполнения полетов в районе аэродрома Киржач</value></Data><Data name="Type"><value>врем_ограничение</value></Data></ExtendedData><MultiGeometry><Polygon><outerBoundaryIs><LinearRing><coordinates>38.4966666615308,56.5799999900654 38.5649999780578,56.5566666818276 38.8716666700875,56.3349999888543 38.8983333389596,56.2933333325015 38.8633333585228,56.2466666607173 38.6022222108445,56.1102777722428 38.4497222319187,56.2038888835328 38.6266666273667,56.3033333460786 38.4499999910045,56.4333333153302 38.3266666923866,56.4049999986484 38.2499999744635,56.3616666623633 38.2158333611157,56.2877777663931 38.1436111478923,56.1272222080327 38.0633332923585,55.8799999783197 37.9541666952657,56.1241666822282 38.0027777692244,56.3419444346148 38.0349999791397,56.4166666824646 38.0549999807938,56.4399999752708 38.0866666725373,56.4566666874439 38.4133333662211,56.5699999993905 38.4966666615308,56.5799999900654</coordinates></LinearRing></outerBoundaryIs></Polygon></MultiGeometry></Placemark><Placemark><styleUrl>#4326_врем_ограничение_map</styleUrl><name>UUR450</name><description>Некорректная геометрия! От земли до 1850 м (6100 фут) AMSL
Исключая границы района аэродрома Киржач в период выполнения полетов в районе аэродрома Киржач</description><ExtendedData><Data name="Name"><value>UUR450</value></Data><Data name="Altitudes"><value>Некорректная геометрия! От земли до 1850 м (6100 фут) AMSL
Исключая границы района аэродрома Киржач в период выполнения полетов в районе аэродрома Киржач</value></Data><Data name="Type"><value>врем_ограничение</value></Data></ExtendedData><MultiGeometry><Polygon><outerBoundaryIs><LinearRing><coordinates>38.411666632043,57.1130555523166 39.2797222556484,57.0630555567868 39.3336111115644,57.0519444295981 39.3711111034369,57.0280555714764 39.6536111380302,56.7111110988194 39.6633333348556,56.6719444650834 39.6288888725905,56.6369444401451 38.8633333585228,56.2475000167653 38.6022222108445,56.1102777722428 38.4497222319187,56.2038888835328 38.6266666273667,56.3033333460786 39.4038889213554,56.703333336147 39.1905555703783,56.9408333109103 38.4913888795735,56.9811111235264 38.2963888859039,56.4700000133766 38.2499999744635,56.3616666623633 38.2158333611157,56.2877777663931 38.1436111478923,56.1272222080327 38.0633332923585,55.8799999783197 37.9541666952657,56.1241666822282 38.0027777692244,56.3419444346148 38.0349999791397,56.4166666824646 38.0699999595765,56.4980555670592 38.2861110810752,57.0633333399093 38.3313888663407,57.1013888713837 38.411666632043,57.1130555523166</coordinates></LinearRing></outerBoundaryIs></Polygon></MultiGeometry></Placemark><Placemark><styleUrl>#4326_врем_ограничение_map</styleUrl><name>UUR452</name><description>От земли до 400 м (1400 фут) AMSL</description><ExtendedData><Data name="Name"><value>UUR452</value></Data><Data name="Altitudes"><value>От земли до 400 м (1400 фут) AMSL</value></Data><Data name="Type"><value>врем_ограничение</value></Data></ExtendedData><MultiGeometry><Polygon><outerBoundaryIs><LinearRing><coordinates>43.6450000388753,56.1911111230353 43.6655555587011,56.1527777626112 43.637777763654,56.1480555805002 43.6152777505642,56.1863889134354 43.6450000388753,56.1911111230353</coordinates></LinearRing></outerBoundaryIs></Polygon></MultiGeometry></Placemark><Placemark><styleUrl>#4326_врем_ограничение_map</styleUrl><name>UUR454</name><description>От земли до 1400 м (4600 фут) AMSL</description><ExtendedData><Data name="Name"><value>UUR454</value></Data><Data name="Altitudes"><value>От земли до 1400 м (4600 фут) AMSL</value></Data><Data name="Type"><value>врем_ограничение</value></Data></ExtendedData><MultiGeometry><Polygon><outerBoundaryIs><LinearRing><coordinates>35.3408333254586,57.5569444671649 35.4999999716023,57.5083333388107 35.3472222335907,57.3486111032542 35.0555555203438,57.4297222062086 35.0972222578302,57.5847222375302 35.3408333254586,57.5569444671649</coordinates></LinearRing></outerBoundaryIs></Polygon></MultiGeometry></Placemark><Placemark><styleUrl>#4326_врем_ограничение_map</styleUrl><name>Запретка_Поречье</name><description>По описанию военных</description><ExtendedData><Data name="Name"><value>Запретка_Поречье</value></Data><Data name="Altitudes"><value>По описанию военных</value></Data><Data name="Type"><value>врем_ограничение</value></Data></ExtendedData><MultiGeometry><Polygon><outerBoundaryIs><LinearRing><coordinates>35.4678116717126,55.6930339622641 35.4673208808948,55.734267421605 35.5102818870119,55.7590825041292 35.5810207914403,55.7586128446529 35.6211655503969,55.7336999881269 35.623587059041,55.6953242610323 35.5795615998488,55.6703439419178 35.5164774381584,55.6699641063913 35.4678116717126,55.6930339622641</coordinates></LinearRing></outerBoundaryIs></Polygon></MultiGeometry></Placemark><Placemark><styleUrl>#4326_запретная_зона_map</styleUrl><name>UUP51</name><description>На всех высотах</description><ExtendedData><Data name="Name"><value>UUP51</value></Data><Data name="Altitudes"><value>На всех высотах</value></Data><Data name="Type"><value>запретная_зона</value></Data></ExtendedData><MultiGeometry><Polygon><outerBoundaryIs><LinearRing><coordinates>38.4333333678752,56.4166666824646 38.5499999992751,56.2766666505214 38.356666649952,56.1366666657544 38.2333333513341,56.0916666904715 38.1358333544993,56.1102777722428 38.2158333611157,56.2877777663931 38.3266666923866,56.4049999986484 38.4333333678752,56.4166666824646</coordinates></LinearRing></outerBoundaryIs></Polygon></MultiGeometry></Placemark><Placemark><styleUrl>#4326_запретная_зона_map</styleUrl><name>UUP52</name><description>На всех высотах

В целях выполнения полетов воздушных судов с/на посадочные площадки Знаменское, Михалково, Николо-Урюпино, Подушкинское шоссе, Горки-10 пользователи воздушного пространства обязаны уведомить Федеральную службу охраны Российской Федерации</description><ExtendedData><Data name="Name"><value>UUP52</value></Data><Data name="Altitudes"><value>На всех высотах

В целях выполнения полетов воздушных судов с/на посадочные площадки Знаменское, Михалково, Николо-Урюпино, Подушкинское шоссе, Горки-10 пользователи воздушного пространства обязаны уведомить Федеральную службу охраны Российской Федерации</value></Data><Data name="Type"><value>запретная_зона</value></Data></ExtendedData><MultiGeometry><Polygon><outerBoundaryIs><LinearRing><coordinates>37.3083333422053,55.6924999983892 37.1016666584461,55.6499999986053 37.0041666616113,55.6966666887448 37.0266666747011,55.7688888718677 37.2577777749825,55.8158333501642 37.3341666439883,55.7638888736467 37.3336111258166,55.7272222263895 37.3083333422053,55.6924999983892</coordinates></LinearRing></outerBoundaryIs></Polygon></MultiGeometry></Placemark><Placemark><styleUrl>#4326_запретная_зона_map</styleUrl><name>UUP53</name><description>От земли до FL265

1. Разрешаются полеты воздушных судов в районе, ограниченном координатами:

553930c 0375000в, 553612c 0374448в, 553436c 0374036в, 553448c 0373742в, 553930c 0375000в на высотах не ниже высоты 1200 м (3900 фут) AGL.

2. Разрешаются полеты воздушных судов, выполняющих заход на посадку на взлетно-посадочную полосу 24 аэродрома Москва (Внуково), в районе, ограниченном координатами:

553900c 0372730в, 553900c 0373100в, 553500c 0373400в, 553642c 0372936в, 553900c 0372730в на высотах не ниже высоты 400 м (1300 фут) AGL</description><ExtendedData><Data name="Name"><value>UUP53</value></Data><Data name="Altitudes"><value>От земли до FL265

1. Разрешаются полеты воздушных судов в районе, ограниченном координатами:

553930c 0375000в, 553612c 0374448в, 553436c 0374036в, 553448c 0373742в, 553930c 0375000в на высотах не ниже высоты 1200 м (3900 фут) AGL.

2. Разрешаются полеты воздушных судов, выполняющих заход на посадку на взлетно-посадочную полосу 24 аэродрома Москва (Внуково), в районе, ограниченном координатами:

553900c 0372730в, 553900c 0373100в, 553500c 0373400в, 553642c 0372936в, 553900c 0372730в на высотах не ниже высоты 400 м (1300 фут) AGL</value></Data><Data name="Type"><value>запретная_зона</value></Data></ExtendedData><MultiGeometry><Polygon><outerBoundaryIs><LinearRing><coordinates>37.5599999623125,55.9050000209133 37.7116666639807,55.8850000085647 37.833333318252,55.8233333344133 37.8383333411234,55.7600000193038 37.8216666281625,55.6866666843936 37.833333318252,55.6583333445623 37.7466666444175,55.6033333303535 37.6766666835439,55.5766666838167 37.628333368671,55.5799999793744 37.5666666295305,55.5833333469165 37.4933332901321,55.6116666821691 37.4583333096953,55.6499999986053 37.373333370039,55.736666670269 37.3750000143856,55.7816666614821 37.4083333504758,55.8333333471265 37.4033333276044,55.8583333519382 37.5599999623125,55.9050000209133</coordinates></LinearRing></outerBoundaryIs></Polygon></MultiGeometry></Placemark><Placemark><styleUrl>#4326_запретная_зона_map</styleUrl><name>UUP54</name><description>От земли до 1200 м (4000 фут) AMSL</description><ExtendedData><Data name="Name"><value>UUP54</value></Data><Data name="Altitudes"><value>От земли до 1200 м (4000 фут) AMSL</value></Data><Data name="Type"><value>запретная_зона</value></Data></ExtendedData><MultiGeometry><Polygon><outerBoundaryIs><LinearRing><coordinates>36.6749999564918,55.4166666848673 36.8083333008525,55.4083333179417 36.8083333008525,55.3749999947041 36.708333292582,55.3416666502561 36.6749999564918,55.3916666562516 36.6749999564918,55.4166666848673</coordinates></LinearRing></outerBoundaryIs></Polygon></MultiGeometry></Placemark><Placemark><styleUrl>#4326_запретная_зона_map</styleUrl><name>UUP55</name><description>На всех высотах</description><ExtendedData><Data name="Name"><value>UUP55</value></Data><Data name="Altitudes"><value>На всех высотах</value></Data><Data name="Type"><value>запретная_зона</value></Data></ExtendedData><MultiGeometry><Polygon><outerBoundaryIs><LinearRing><coordinates>42.9999999630724,54.9666666740625 43.225000004139,55.0900000054221 43.3566667041531,55.1066666507397 43.5349999848619,55.1049999758162 43.6833333080053,55.0666666665699 43.8000000292367,54.8666666669675 43.7266666898383,54.7433333491771 43.5433332964266,54.6750000116381 43.2166666925743,54.6266666704393 43.0999999713429,54.6833333587094 43.0166666760332,54.6833333587094 42.9833333399431,54.8666666669675 42.9999999630724,54.9666666740625</coordinates></LinearRing></outerBoundaryIs></Polygon></MultiGeometry></Placemark><Placemark><styleUrl>#4326_запретная_зона_map</styleUrl><name>UUP56</name><description>От земли до 6000M AGL</description><ExtendedData><Data name="Name"><value>UUP56</value></Data><Data name="Altitudes"><value>От земли до 6000M AGL</value></Data><Data name="Type"><value>запретная_зона</value></Data></ExtendedData><MultiGeometry><Polygon><outerBoundaryIs><LinearRing><coordinates>35.7438888881481,51.6769444236214 35.7427777619732,51.6699999757323 35.7388888652767,51.6633333379255 35.7330555651478,51.6572222111085 35.7174999783618,51.6475000117961 35.6999999881434,51.6408333438469 35.6827777570109,51.6363888914898 35.6583333404886,51.633055530427 35.6352778092271,51.6319444485236 35.612222188134,51.633055530427 35.5880555306976,51.6363888914898 35.5705555404792,51.6408333438469 35.5530555502608,51.6475000117961 35.5374999634749,51.6572222111085 35.5316666633459,51.6633333379255 35.5277777666494,51.6699999757323 35.5266666404745,51.6769444236214 35.5277777666494,51.6838888622422 35.5316666633459,51.6905555301041 35.5374999634749,51.6966666593098 35.5447222386961,51.7019444499991 35.5616666209113,51.7100000248744 35.5791667009612,51.7155555349274 35.5961110831764,51.718888879983 35.612222188134,51.7208333427494 35.6352778092271,51.7219444664461 35.6583333404886,51.7208333427494 35.6744444454462,51.718888879983 35.6913889174929,51.7155555349274 35.7088889077113,51.7100000248744 35.7258332899265,51.7019444499991 35.7330555651478,51.6966666593098 35.7388888652767,51.6905555301041 35.7427777619732,51.6838888622422 35.7438888881481,51.6769444236214</coordinates></LinearRing></outerBoundaryIs></Polygon></MultiGeometry></Placemark><Placemark><styleUrl>#4326_запретная_зона_map</styleUrl><name>UUP57</name><description>От земли до FL200</description><ExtendedData><Data name="Name"><value>UUP57</value></Data><Data name="Altitudes"><value>От земли до FL200</value></Data><Data name="Type"><value>запретная_зона</value></Data></ExtendedData><MultiGeometry><Polygon><outerBoundaryIs><LinearRing><coordinates>39.2083333196825,51.319942256514 39.2195529182551,51.3193884169693 39.230495476394,51.3177405371063 39.2408908706933,51.3150393129711 39.2504824524765,51.3113514988519 39.2590337851606,51.3067680153595 39.26633412398,51.3014020631153 39.272203805878,51.2953860005762 39.2764987410829,51.2888681087575 39.279113736875,51.2820091836095 39.2799851027006,51.2749781082271 39.2790921773082,51.2679480924556 39.2764576880744,51.2610922266453 39.2721473018466,51.254579193984 39.266267648649,51.2485691420586 39.2589638962315,51.243209940672 39.2504159771454,51.2386332079799 39.2408342768304,51.2349514044557 39.2304544233855,51.2322550394551 39.2195313586882,51.2306102188476 39.2083333196825,51.2300574389218 39.1971352806768,51.2306102188476 39.1862122159796,51.2322550394551 39.1758323625346,51.2349514044557 39.1662506622196,51.2386332079799 39.1577027431336,51.243209940672 39.150398990716,51.2485691420586 39.1445193375184,51.254579193984 39.1402089512906,51.2610922266453 39.1375744620569,51.2679480924556 39.1366815366645,51.2749781082271 39.1375529024901,51.2820091836095 39.1401678982821,51.2888681087575 39.144462833487,51.2953860005762 39.150332515385,51.3014020631153 39.1576328542045,51.3067680153595 39.1661841868886,51.3113514988519 39.1757757686717,51.3150393129711 39.1861711629711,51.3177405371063 39.19711372111,51.3193884169693 39.2083333196825,51.319942256514</coordinates></LinearRing></outerBoundaryIs></Polygon></MultiGeometry></Placemark><Placemark><styleUrl>#4326_запретная_зона_map</styleUrl><name>UUP58</name><description>От земли до FL200</description><ExtendedData><Data name="Name"><value>UUP58</value></Data><Data name="Altitudes"><value>От земли до FL200</value></Data><Data name="Type"><value>запретная_зона</value></Data></ExtendedData><MultiGeometry><Polygon><outerBoundaryIs><LinearRing><coordinates>33.2391666870936,54.2124202019186 33.2511554232124,54.2118665527663 33.262847984782,54.2102193563825 33.2739556532701,54.2075191869173 33.2842042628521,54.2038328255036 33.2933409377753,54.1992512311427 33.3011406500612,54.1938875177503 33.3074115195651,54.1878740916605 33.3119994852157,54.1813591565406 33.3147922576025,54.1745033724657 33.3157220139215,54.1674756650767 33.3147666556169,54.1604491833195 33.3119507066957,54.1535968245324 33.3073444154134,54.1470872751928 33.3010618678108,54.1410805135504 33.2932580232746,54.1357243048519 33.2841253907701,54.1311501624171 33.2738885491184,54.1274705708791 33.2627992062621,54.1247757343774 33.2511298212268,54.1231319633385 33.2391666870936,54.1225794870623 33.2272035529604,54.1231319633385 33.2155341679251,54.1247757343774 33.2044448250687,54.1274705708791 33.194207983417,54.1311501624171 33.1850753509125,54.1357243048519 33.1772715063764,54.1410805135504 33.1709889587738,54.1470872751928 33.1663826674914,54.1535968245324 33.1635667185703,54.1604491833195 33.1626113602656,54.1674756650767 33.1635411165847,54.1745033724657 33.1663338889715,54.1813591565406 33.1709218546221,54.1878740916605 33.1771927241259,54.1938875177503 33.1849924364118,54.1992512311427 33.1941291113351,54.2038328255036 33.204377720917,54.2075191869173 33.2154853894052,54.2102193563825 33.2271779509748,54.2118665527663 33.2391666870936,54.2124202019186</coordinates></LinearRing></outerBoundaryIs></Polygon></MultiGeometry></Placemark><Placemark><styleUrl>#4326_запретная_зона_map</styleUrl><name>UUP59</name><description>От земли до FL200</description><ExtendedData><Data name="Name"><value>UUP59</value></Data><Data name="Altitudes"><value>От земли до FL200</value></Data><Data name="Type"><value>запретная_зона</value></Data></ExtendedData><MultiGeometry><Polygon><outerBoundaryIs><LinearRing><coordinates>36.5833333496175,55.1115801568339 36.5955897836909,55.1110265802433 36.6075433956821,55.1093795027147 36.6188989991887,55.1066796806169 36.629376319842,55.1029937548045 36.6387167326716,55.0984127309556 36.646690268965,55.0930496937957 36.653100736664,55.08703700939 36.6577906610994,55.0805229603041 36.6606453274092,55.0736681706461 36.6615952958222,55.0666415085678 36.6606181982877,55.0596160820832 36.6577391876336,55.0527648111703 36.6530298595881,55.0462562973022 36.6466069951382,55.0402505786096 36.6386291469314,55.0348952880247 36.6292929561836,55.0303219591575 36.6188281221128,55.0266429990381 36.6074919222163,55.0239487121496 36.5955626545694,55.0223052048466 36.5833333496175,55.0217528638497 36.5711040446656,55.0223052048466 36.5591747770186,55.0239487121496 36.5478385771222,55.0266429990381 36.5373737430513,55.0303219591575 36.5280375523035,55.0348952880247 36.5200597040968,55.0402505786096 36.5136368396468,55.0462562973022 36.5089275116014,55.0527648111703 36.5060485009473,55.0596160820832 36.5050714034127,55.0666415085678 36.5060213718257,55.0736681706461 36.5088760381356,55.0805229603041 36.5135659625709,55.08703700939 36.5199764302699,55.0930496937957 36.5279499665633,55.0984127309556 36.537290379393,55.1029937548045 36.5477677000463,55.1066796806169 36.5591233035528,55.1093795027147 36.571076915544,55.1110265802433 36.5833333496175,55.1115801568339</coordinates></LinearRing></outerBoundaryIs></Polygon></MultiGeometry></Placemark><Placemark><styleUrl>#4326_запретная_зона_map</styleUrl><name>UUP61</name><description>От земли до FL105</description><ExtendedData><Data name="Name"><value>UUP61</value></Data><Data name="Altitudes"><value>От земли до FL105</value></Data><Data name="Type"><value>запретная_зона</value></Data></ExtendedData><MultiGeometry><Polygon><outerBoundaryIs><LinearRing><coordinates>35.0583332908653,57.9504483816681 35.0715422086346,57.9498949846893 35.0844246786295,57.9482484980033 35.0966624277451,57.9455496107709 35.1079532627197,57.9418649644226 35.1180186159836,57.9372856046368 35.1266104626871,57.9319246284033 35.1335174292436,57.9259143090226 35.1385700035591,57.9194029339285 35.1416446672821,57.912551064609 35.1426666805808,57.9055275972637 35.1416121482688,57.8985054779242 35.1385081994676,57.8916575483592 35.1334323587862,57.885152331046 35.1265104801959,57.8791498016004 35.1179135130954,57.8737973896664 35.1078532802285,57.8692266419818 35.0965773572877,57.8655497376538 35.084362874538,57.8628570082129 35.0715096896213,57.8612144612529 35.0583332908653,57.8606624122253 35.0451568921094,57.8612144612529 35.0323037071927,57.8628570082129 35.020089224443,57.8655497376538 35.0088133015021,57.8692266419818 34.9987530686353,57.8737973896664 34.9901561015347,57.8791498016004 34.9832342229445,57.885152331046 34.9781583822631,57.8916575483592 34.9750544334619,57.8985054779242 34.9739999011498,57.9055275972637 34.9750219144486,57.912551064609 34.9780965781715,57.9194029339285 34.9831491524871,57.9259143090226 34.9900561190436,57.9319246284033 34.998647965747,57.9372856046368 35.008713319011,57.9418649644226 35.0200041539856,57.9455496107709 35.0322419031011,57.9482484980033 35.0451243730961,57.9498949846893 35.0583332908653,57.9504483816681</coordinates></LinearRing></outerBoundaryIs></Polygon></MultiGeometry></Placemark><Placemark><styleUrl>#4326_запретная_зона_map</styleUrl><name>UUP62</name><description>От земли до 450 м (1500 фут) AGL</description><ExtendedData><Data name="Name"><value>UUP62</value></Data><Data name="Altitudes"><value>От земли до 450 м (1500 фут) AGL</value></Data><Data name="Type"><value>запретная_зона</value></Data></ExtendedData><MultiGeometry><Polygon><outerBoundaryIs><LinearRing><coordinates>38.3766666516062,55.1704183435547 38.3803490256188,55.1702523628632 38.3839406697878,55.1697586330474 38.387353010226,55.1689492771982 38.390501964623,55.167844279279 38.3933100083696,55.1664707665119 38.3957078813575,55.1648627037193 38.3976366541041,55.1630596623484 38.3990488955622,55.1611060522546 38.399909751099,55.1590499931644 38.4001982001367,55.1569421854968 38.3999073256477,55.1548344717005 38.3990442243227,55.1527787566063 38.3976302760655,55.1508256181024 38.3957003355091,55.1490232254323 38.3933020133636,55.1474158450657 38.3904944187746,55.1460430661488 38.387346542356,55.1449386654981 38.3839359985483,55.1441297812349 38.3803466001675,55.1436363954248 38.3766666516062,55.143470560024 38.3729867030448,55.1436363954248 38.369397304664,55.1441297812349 38.3659867608563,55.1449386654981 38.3628388844377,55.1460430661488 38.3600312898487,55.1474158450657 38.3576329677032,55.1490232254323 38.3557030271468,55.1508256181024 38.3542890788896,55.1527787566063 38.3534259775646,55.1548344717005 38.3531351030756,55.1569421854968 38.3534235521133,55.1590499931644 38.3542844076501,55.1611060522546 38.3556966491083,55.1630596623484 38.3576254218548,55.1648627037193 38.3600232948427,55.1664707665119 38.3628313385893,55.167844279279 38.3659802929863,55.1689492771982 38.3693926334245,55.1697586330474 38.3729842775935,55.1702523628632 38.3766666516062,55.1704183435547</coordinates></LinearRing></outerBoundaryIs></Polygon></MultiGeometry></Placemark><Placemark><styleUrl>#4326_запретная_зона_map</styleUrl><name>UUP64</name><description>На всех высотах GND-UNL

Не распространяются на полеты воздушных судов в интересах Федеральной службы охраны Российской Федерации</description><ExtendedData><Data name="Name"><value>UUP64</value></Data><Data name="Altitudes"><value>На всех высотах GND-UNL

Не распространяются на полеты воздушных судов в интересах Федеральной службы охраны Российской Федерации</value></Data><Data name="Type"><value>запретная_зона</value></Data></ExtendedData><MultiGeometry><Polygon><outerBoundaryIs><LinearRing><coordinates>36.3027778082882,56.4238888744813 36.0516667063527,56.5161111058378 36.1538888771416,56.5869444631554 36.3844444592513,56.5994444584457 36.525555597005,56.5363888849739 36.5411110939594,56.5155555336034 36.3027778082882,56.4238888744813</coordinates></LinearRing></outerBoundaryIs></Polygon></MultiGeometry></Placemark><Placemark><styleUrl>#4326_запретная_зона_map</styleUrl><name>UUP65</name><description>От земли до FL150

Не распространяется на воздушные суда, выполняющие полеты по стандартным маршрутам вылета, прилета, схемам захода на посадку, в том числе при уходе на второй круг, а также по траекториям, задаваемым органом ОВД, при согласовании с Государственным комплексом "Таруса" ФСО России</description><ExtendedData><Data name="Name"><value>UUP65</value></Data><Data name="Altitudes"><value>От земли до FL150

Не распространяется на воздушные суда, выполняющие полеты по стандартным маршрутам вылета, прилета, схемам захода на посадку, в том числе при уходе на второй круг, а также по траекториям, задаваемым органом ОВД, при согласовании с Государственным комплексом "Таруса" ФСО России</value></Data><Data name="Type"><value>запретная_зона</value></Data></ExtendedData><MultiGeometry><Polygon><outerBoundaryIs><LinearRing><coordinates>36.9333333336486,55.095563026467 36.9480351615885,55.0948985692064 36.9623734413329,55.092921720084 36.9759940569969,55.0896812309 36.9885604098433,55.085257281785 36.9997624912678,55.079759096217 37.0093242489835,55.0733225136934 37.0170105040491,55.0661064332832 37.0226326102547,55.0582888956598 37.0260531253621,55.0500626438225 37.0271891348704,55.0416305187686 37.0260141384787,55.0332001190742 37.0225584992438,55.0249790114318 37.0169085452643,55.0171694083236 37.0092044137246,55.0099632938115 36.999636547465,55.0035378453451 36.9884405745844,54.9980507937946 36.9758920982121,54.9936368105369 36.9622994201535,54.9904043073768 36.9479961747052,54.9884325508935 36.9333333336486,54.9877698705225 36.918670492592,54.9884325508935 36.9043672471437,54.9904043073768 36.8907745690851,54.9936368105369 36.8782260927128,54.9980507937946 36.8670301198322,55.0035378453451 36.8574622535726,55.0099632938115 36.8497581220329,55.0171694083236 36.8441081680534,55.0249790114318 36.8406525288185,55.0332001190742 36.8394775324269,55.0416305187686 36.8406135419351,55.0500626438225 36.8440340570425,55.0582888956598 36.8496561632482,55.0661064332832 36.8573424183137,55.0733225136934 36.8669041760294,55.079759096217 36.8781062574539,55.085257281785 36.8906726103004,55.0896812309 36.9042932259643,55.092921720084 36.9186315057087,55.0948985692064 36.9333333336486,55.095563026467</coordinates></LinearRing></outerBoundaryIs></Polygon></MultiGeometry></Placemark><Placemark><styleUrl>#4326_запретная_зона_map</styleUrl><name>UUP66</name><description>От земли до 1500 м (5000 фут) AMSL</description><ExtendedData><Data name="Name"><value>UUP66</value></Data><Data name="Altitudes"><value>От земли до 1500 м (5000 фут) AMSL</value></Data><Data name="Type"><value>запретная_зона</value></Data></ExtendedData><MultiGeometry><Polygon><outerBoundaryIs><LinearRing><coordinates>35.0833333153908,53.8602869710764 35.0904660285783,53.8599549173696 35.0974228516331,53.8589669184698 35.104032026673,53.8573474098631 35.1101306891368,53.8551363093272 35.1155685508777,53.8523881228207 35.1202114934237,53.8491706277299 35.1239454307337,53.8455631854422 35.1266784651541,53.8416546288306 35.1283435823647,53.837541360867 35.1289000886832,53.8333246539216 35.1283345992119,53.8291083706966 35.1266613073321,53.8249963093687 35.1239218050417,53.8210897040438 35.1201837354814,53.8174846150272 35.1155392657995,53.8142697941414 35.1101029311946,53.8115242818488 35.104008400981,53.8093155345822 35.0974056039796,53.8076979241401 35.0904570454254,53.8067111850053 35.0833333153908,53.8063795550234 35.0762095853563,53.8067111850053 35.0692610268021,53.8076979241401 35.0626582298007,53.8093155345822 35.0565636995871,53.8115242818488 35.0511273649822,53.8142697941414 35.0464828953003,53.8174846150272 35.04274482574,53.8210897040438 35.0400053234495,53.8249963093687 35.0383320315698,53.8291083706966 35.0377665420985,53.8333246539216 35.038323048417,53.837541360867 35.0399881656276,53.8416546288306 35.042721200048,53.8455631854422 35.046455137358,53.8491706277299 35.051098079904,53.8523881228207 35.0565359416449,53.8551363093272 35.0626346041088,53.8573474098631 35.0692437791486,53.8589669184698 35.0762006022034,53.8599549173696 35.0833333153908,53.8602869710764</coordinates></LinearRing></outerBoundaryIs></Polygon></MultiGeometry></Placemark><Placemark><styleUrl>#4326_запретная_зона_map</styleUrl><name>UUP67</name><description>От земли до 2150 м (7000 фут) AMSL</description><ExtendedData><Data name="Name"><value>UUP67</value></Data><Data name="Altitudes"><value>От земли до 2150 м (7000 фут) AMSL</value></Data><Data name="Type"><value>запретная_зона</value></Data></ExtendedData><MultiGeometry><Polygon><outerBoundaryIs><LinearRing><coordinates>41.3366666269196,54.3936179404932 41.3438915970868,54.3932859069745 41.35093825167,54.392298020526 41.3576328564933,54.3906786109063 41.3638103012076,54.3884676574236 41.3693183213722,54.3857196969137 41.3740212713792,54.3825024718227 41.3778033583884,54.3788953172662 41.3805716965995,54.3749871284903 41.3822581937139,54.3708742220564 41.3828217967231,54.3666578798532 41.3822488512349,54.3624419946025 41.3805539099568,54.3583302917626 41.3777789242127,54.3544240193708 41.3739925252901,54.3508193191949 41.3692881379787,54.3476048043145 41.3637815551186,54.344859554022 41.3576084223176,54.3426510549072 41.3509204650274,54.3410335616421 41.3438822546078,54.340046931265 41.3366666269196,54.3397153022219 41.3294509992315,54.340046931265 41.3224127888119,54.3410335616421 41.3157248315217,54.3426510549072 41.3095516987207,54.344859554022 41.3040451158606,54.3476048043145 41.2993407285492,54.3508193191949 41.2955543296266,54.3544240193708 41.2927793438825,54.3583302917626 41.2910844026044,54.3624419946025 41.2905114571162,54.3666578798532 41.2910750601254,54.3708742220564 41.2927615572398,54.3749871284903 41.2955298954509,54.3788953172662 41.2993119824601,54.3825024718227 41.3040149324671,54.3857196969137 41.3095229526316,54.3884676574236 41.3157003973459,54.3906786109063 41.3223950021693,54.392298020526 41.3294416567525,54.3932859069745 41.3366666269196,54.3936179404932</coordinates></LinearRing></outerBoundaryIs></Polygon></MultiGeometry></Placemark><Placemark><styleUrl>#4326_запретная_зона_map</styleUrl><name>UUP68</name><description>От земли до 750 м (2500 фут) AMSL</description><ExtendedData><Data name="Name"><value>UUP68</value></Data><Data name="Altitudes"><value>От земли до 750 м (2500 фут) AMSL</value></Data><Data name="Type"><value>запретная_зона</value></Data></ExtendedData><MultiGeometry><Polygon><outerBoundaryIs><LinearRing><coordinates>38.4933333728375,55.8412969955318 38.5058183383193,55.8407434577861 38.5179948223325,55.8390965464698 38.5295621587515,55.8363969687443 38.5402345934845,55.8327113922302 38.5497490099847,55.8281308028502 38.557870947963,55.8227683131735 38.5644005322687,55.8167562661653 38.5691775034551,55.8102428833138 38.5720849008721,55.8033888581149 38.5730522067701,55.796363031646 38.5720566039407,55.7893385133499 38.5691235147065,55.7824880817745 38.5643263314262,55.7759804334954 38.5577837215489,55.7699755094096 38.5496572919942,55.7646209754529 38.5401473670704,55.7600483417686 38.529487957909,55.7563698881381 38.5179409234154,55.7536759943725 38.5057900413879,55.7520327272263 38.4933333728375,55.7514804976631 38.4808767042872,55.7520327272263 38.4687258222597,55.7536759943725 38.4571787877661,55.7563698881381 38.4465193786047,55.7600483417686 38.4370094536809,55.7646209754529 38.4288830241262,55.7699755094096 38.4223404142489,55.7759804334954 38.4175432309686,55.7824880817745 38.4146101417344,55.7893385133499 38.413614538905,55.796363031646 38.414581844803,55.8033888581149 38.41748924222,55.8102428833138 38.4222662134064,55.8167562661653 38.4287957977121,55.8227683131735 38.4369177356904,55.8281308028502 38.4464321521906,55.8327113922302 38.4571045869236,55.8363969687443 38.4686719233426,55.8390965464698 38.4808484073558,55.8407434577861 38.4933333728375,55.8412969955318</coordinates></LinearRing></outerBoundaryIs></Polygon></MultiGeometry></Placemark><Placemark><styleUrl>#4326_запретная_зона_map</styleUrl><name>UUP69</name><description>От земли до 750 м (2500 фут) AMSL</description><ExtendedData><Data name="Name"><value>UUP69</value></Data><Data name="Altitudes"><value>От земли до 750 м (2500 фут) AMSL</value></Data><Data name="Type"><value>запретная_зона</value></Data></ExtendedData><MultiGeometry><Polygon><outerBoundaryIs><LinearRing><coordinates>38.1916667036793,56.516666669895 38.2152777531125,56.5125000133086 38.2188888907231,56.464166655577 38.2180555236341,56.4491666748721 38.1775000021541,56.4416666683099 38.1180555153635,56.4638889110236 38.1133333414095,56.4775000223113 38.1916667036793,56.516666669895</coordinates></LinearRing></outerBoundaryIs></Polygon></MultiGeometry></Placemark><Placemark><styleUrl>#4326_запретная_зона_map</styleUrl><name>UUP70</name><description>От земли до FL105</description><ExtendedData><Data name="Name"><value>UUP70</value></Data><Data name="Altitudes"><value>От земли до FL105</value></Data><Data name="Type"><value>запретная_зона</value></Data></ExtendedData><MultiGeometry><Polygon><outerBoundaryIs><LinearRing><coordinates>35.7666666603238,50.6372703719591 35.7799342380811,50.6366055675657 35.7928739307596,50.6346275514857 35.8051662974445,50.6313852362733 35.8165077974011,50.6269586988099 35.8266186054184,50.6214572117319 35.8352497084998,50.6150165970901 35.8421886550804,50.6077958410407 35.847265214414,50.5999729649571 35.8503549698338,50.5917408916068 35.8513830018449,50.5833025021704 35.8503250559348,50.5748656240003 35.847208261225,50.5666378900498 35.8421104118192,50.558821812605 35.8351577210147,50.551609557154 35.8265218568623,50.5451783910378 35.8164157200844,50.539686352486 35.8050880541832,50.5352683155824 35.7928170674022,50.5320327417624 35.7799043241821,50.5300591222659 35.7666666603238,50.5293957718839 35.7534289964655,50.5300591222659 35.7405162532454,50.5320327417624 35.7282452664644,50.5352683155824 35.7169176005631,50.539686352486 35.7068114637853,50.5451783910378 35.6981755996329,50.551609557154 35.6912229088284,50.558821812605 35.6861250594226,50.5666378900498 35.6830082647128,50.5748656240003 35.6819503188027,50.5833025021704 35.6829783508138,50.5917408916068 35.6860681062336,50.5999729649571 35.6911446655672,50.6077958410407 35.6980836121478,50.6150165970901 35.7067147152292,50.6214572117319 35.7168255232465,50.6269586988099 35.7281670232031,50.6313852362733 35.740459389888,50.6346275514857 35.7533990825665,50.6366055675657 35.7666666603238,50.6372703719591</coordinates></LinearRing></outerBoundaryIs></Polygon></MultiGeometry></Placemark><Placemark><styleUrl>#4326_запретная_зона_map</styleUrl><name>UUP71</name><description>От земли до 900 м (3000 фут) AMSL

Не распространяется на воздушные суда Министерства обороны Российской Федерации.</description><ExtendedData><Data name="Name"><value>UUP71</value></Data><Data name="Altitudes"><value>От земли до 900 м (3000 фут) AMSL

Не распространяется на воздушные суда Министерства обороны Российской Федерации.</value></Data><Data name="Type"><value>запретная_зона</value></Data></ExtendedData><MultiGeometry><Polygon><outerBoundaryIs><LinearRing><coordinates>41.9680555193691,51.4330555393706 42.0013888554593,51.3997221980595 41.9263888717142,51.319722218821 41.8569444290123,51.3663888805119 41.9347221832789,51.4302777582399 41.9680555193691,51.4330555393706</coordinates></LinearRing></outerBoundaryIs></Polygon></MultiGeometry></Placemark><Placemark><styleUrl>#4326_запретная_зона_map</styleUrl><name>UUP72</name><description>От земли до 3200 м (10500 фут) AMSL

Разрешаются полеты воздушных судов с/на аэродром Кубинка</description><ExtendedData><Data name="Name"><value>UUP72</value></Data><Data name="Altitudes"><value>От земли до 3200 м (10500 фут) AMSL

Разрешаются полеты воздушных судов с/на аэродром Кубинка</value></Data><Data name="Type"><value>запретная_зона</value></Data></ExtendedData><MultiGeometry><Polygon><outerBoundaryIs><LinearRing><coordinates>35.7622222454556,55.4722263302076 35.7770638512537,55.4715618985841 35.7915385850898,55.4695851212075 35.8052887378177,55.4663447933469 35.8179744767655,55.4619209912475 35.8292830085511,55.4564231189231 35.8389354961105,55.4499868414083 35.846694514714,55.4427711246686 35.8523698011845,55.4349539986536 35.8558225658106,55.4267282632731 35.8569690856077,55.4182966220389 35.855782680612,55.4098667503294 35.8522939833745,55.4016461938619 35.8465902203096,55.3938371475896 35.8388127862427,55.3866315759399 35.8291540104763,55.3802065747985 35.8178517668976,55.3747199277874 35.8051843535817,55.3703063217935 35.7914627672798,55.3670740736129 35.7770240558866,55.3651024751457 35.7622222454556,55.3644398129448 35.7474204350246,55.3651024751457 35.7329817236314,55.3670740736129 35.7192601373295,55.3703063217935 35.7065927240136,55.3747199277874 35.6952904804349,55.3802065747985 35.6856317046685,55.3866315759399 35.6778542706017,55.3938371475896 35.6721505075367,55.4016461938619 35.6686618102993,55.4098667503294 35.6674754053035,55.4182966220389 35.6686219251007,55.4267282632731 35.6720746897267,55.4349539986536 35.6777499761972,55.4427711246686 35.6855089948007,55.4499868414083 35.6951614823601,55.4564231189231 35.7064700141458,55.4619209912475 35.7191557530935,55.4663447933469 35.7329059058214,55.4695851212075 35.7473806396575,55.4715618985841 35.7622222454556,55.4722263302076</coordinates></LinearRing></outerBoundaryIs></Polygon></MultiGeometry></Placemark><Placemark><styleUrl>#4326_запретная_зона_map</styleUrl><name>UUP73</name><description>От земли до FL105</description><ExtendedData><Data name="Name"><value>UUP73</value></Data><Data name="Altitudes"><value>От земли до FL105</value></Data><Data name="Type"><value>запретная_зона</value></Data></ExtendedData><MultiGeometry><Polygon><outerBoundaryIs><LinearRing><coordinates>33.943611070024,53.6068317135557 33.961335728895,53.6060007776545 33.9786220099073,53.6035284418523 33.9950422251542,53.5994759201529 34.0101906954534,53.5939434403533 34.0236935419836,53.5870677334163 34.0352178491005,53.5790187349499 34.044480198332,53.5699952244593 34.0512534955742,53.5602199289676 34.0553725406465,53.5499339763929 34.0567375307207,53.5393909590779 34.0553170247619,53.5288505484821 34.0511479435283,53.5185721390752 34.044334850919,53.5088086276498 34.0350469895334,53.4997999009994 34.0235138789267,53.4917673205453 34.0100198358863,53.4849080315522 33.9948968777412,53.4793903354976 33.9785163680299,53.4753495977275 33.9612802130104,53.4728848049063 33.943611070024,53.4720564757451 33.9259419270376,53.4728848049063 33.9087057720182,53.4753495977275 33.8923252623068,53.4793903354976 33.8772023041617,53.4849080315522 33.8637082611213,53.4917673205453 33.8521751505146,53.4997999009994 33.8428872891291,53.5088086276498 33.8360741965197,53.5185721390752 33.8319051152861,53.5288505484821 33.8304846093273,53.5393909590779 33.8318495994016,53.5499339763929 33.8359686444738,53.5602199289676 33.8427419417161,53.5699952244593 33.8520042909476,53.5790187349499 33.8635285980645,53.5870677334163 33.8770314445947,53.5939434403533 33.8921799148939,53.5994759201529 33.9086001301408,53.6035284418523 33.9258864111531,53.6060007776545 33.943611070024,53.6068317135557</coordinates></LinearRing></outerBoundaryIs></Polygon></MultiGeometry></Placemark><Placemark><styleUrl>#4326_запретная_зона_map</styleUrl><name>UUP74</name><description>От земли до FL105</description><ExtendedData><Data name="Name"><value>UUP74</value></Data><Data name="Altitudes"><value>От земли до FL105</value></Data><Data name="Type"><value>запретная_зона</value></Data></ExtendedData><MultiGeometry><Polygon><outerBoundaryIs><LinearRing><coordinates>34.4186110868512,54.2882931267966 34.4246165041886,54.2880164200632 34.4304737893357,54.2871932787556 34.4360385830262,54.2858439051247 34.4411735328533,54.2840015710389 34.4457522458565,54.2817117306329 34.4496619834675,54.2790308717103 34.452806266625,54.2760249999571 34.4551080198775,54.2727682807744 34.4565106493621,54.2693408916175 34.4569797496035,54.2658272405625 34.4565041814921,54.2623139196895 34.4550958027896,54.2588873401841 34.4527893782977,54.2556319430123 34.4496421306997,54.2526277757869 34.4457314049419,54.2499488035839 34.4411537699171,54.2476608498702 34.4360216946989,54.2458202203073 34.4304615722478,54.2444721686762 34.4246100363186,54.2436498370295 34.4186110868512,54.2433735130642 34.4126121373839,54.2436498370295 34.4067606014547,54.2444721686762 34.4012004790036,54.2458202203073 34.3960684037854,54.2476608498702 34.3914907687606,54.2499488035839 34.3875800430027,54.2526277757869 34.3844327954048,54.2556319430123 34.3821263709128,54.2588873401841 34.3807179922104,54.2623139196895 34.380242424099,54.2658272405625 34.3807115243403,54.2693408916175 34.382114153825,54.2727682807744 34.3844159070775,54.2760249999571 34.3875601902349,54.2790308717103 34.391469927846,54.2817117306329 34.3960486408492,54.2840015710389 34.4011835906763,54.2858439051247 34.4067483843668,54.2871932787556 34.4126056695138,54.2880164200632 34.4186110868512,54.2882931267966</coordinates></LinearRing></outerBoundaryIs></Polygon></MultiGeometry></Placemark><Placemark><styleUrl>#4326_запретная_зона_map</styleUrl><name>UUP75</name><description>От земли до 1150 м (3800 фут) AMSL

Разрешаются полеты воздушных судов с/на аэродром Тверь (Мигалово)</description><ExtendedData><Data name="Name"><value>UUP75</value></Data><Data name="Altitudes"><value>От земли до 1150 м (3800 фут) AMSL

Разрешаются полеты воздушных судов с/на аэродром Тверь (Мигалово)</value></Data><Data name="Type"><value>запретная_зона</value></Data></ExtendedData><MultiGeometry><Polygon><outerBoundaryIs><LinearRing><coordinates>35.7061111371898,56.7754148290391 35.7099491892412,56.7752489152489 35.7136926486932,56.7747553124361 35.717249258566,56.7739461408863 35.7205313432881,56.7728413561997 35.7234579646522,56.7714682091714 35.7259572574357,56.7698605583137 35.7279675073785,56.7680579853792 35.72943930714,56.7661048615158 35.7303364546143,56.7640493637371 35.7306371207399,56.7619420467157 35.7303337596684,56.7598349069842 35.7294340969114,56.7577797060058 35.7279604106878,56.7558271308618 35.7259489031036,56.7540252137602 35.723449250994,56.7524182933683 35.720522988956,56.7510458767891 35.7172421618753,56.7499417972649 35.713687528296,56.7491331250803 35.7099464942953,56.7486398684169 35.7061111371898,56.748474082573 35.7022757800842,56.7486398684169 35.6985347460835,56.7491331250803 35.6949801125042,56.7499417972649 35.6916992854236,56.7510458767891 35.6887730233856,56.7524182933683 35.686273371276,56.7540252137602 35.6842618636918,56.7558271308618 35.6827881774682,56.7577797060058 35.6818885147111,56.7598349069842 35.6815851536397,56.7619420467157 35.6818858197653,56.7640493637371 35.6827829672395,56.7661048615158 35.684254767001,56.7680579853792 35.6862650169438,56.7698605583137 35.6887643097273,56.7714682091714 35.6916909310914,56.7728413561997 35.6949730158135,56.7739461408863 35.6985296256864,56.7747553124361 35.7022730851384,56.7752489152489 35.7061111371898,56.7754148290391</coordinates></LinearRing></outerBoundaryIs></Polygon></MultiGeometry></Placemark><Placemark><styleUrl>#4326_запретная_зона_map</styleUrl><name>UUP76</name><description>От земли до 1700 м (5500 фут) AMSL</description><ExtendedData><Data name="Name"><value>UUP76</value></Data><Data name="Altitudes"><value>От земли до 1700 м (5500 фут) AMSL</value></Data><Data name="Type"><value>запретная_зона</value></Data></ExtendedData><MultiGeometry><Polygon><outerBoundaryIs><LinearRing><coordinates>35.771111075192,53.9545877074893 35.7746854717075,53.9544217127309 35.7781718333252,53.9539279101631 35.7814841014408,53.9531183685433 35.784540798858,53.9520131510456 35.7872665569246,53.9506394167106 35.7895941816573,53.9490309992969 35.7914664503725,53.9472276155307 35.7928373693276,53.9452736494005 35.7936730720364,53.9432172010447 35.793953166742,53.9411089230737 35.7936708262482,53.9390007500656 35.7928330574142,53.9369446270817 35.7914605214916,53.934991131142 35.7895871747981,53.9331883037327 35.7872591907393,53.9315805885182 35.7845337919988,53.9302075033862 35.7814781725599,53.9291028952618 35.7781675214118,53.9282938768215 35.7746832259193,53.9278003466297 35.771111075192,53.9276344568214 35.7675389244647,53.9278003466297 35.7640546289722,53.9282938768215 35.7607439778241,53.9291028952618 35.7576883583851,53.9302075033862 35.7549629596447,53.9315805885182 35.7526349755859,53.9331883037327 35.7507616288923,53.934991131142 35.7493890929697,53.9369446270817 35.7485513241358,53.9390007500656 35.748268983642,53.9411089230737 35.7485490783476,53.9432172010447 35.7493847810564,53.9452736494005 35.7507557000115,53.9472276155307 35.7526279687266,53.9490309992969 35.7549555934593,53.9506394167106 35.7576813515259,53.9520131510456 35.7607380489432,53.9531183685433 35.7640503170588,53.9539279101631 35.7675366786765,53.9544217127309 35.771111075192,53.9545877074893</coordinates></LinearRing></outerBoundaryIs></Polygon></MultiGeometry></Placemark><Placemark><styleUrl>#4326_запретная_зона_map</styleUrl><name>UUP77</name><description>От земли до 600 м (1900 фут) AMSL</description><ExtendedData><Data name="Name"><value>UUP77</value></Data><Data name="Altitudes"><value>От земли до 600 м (1900 фут) AMSL</value></Data><Data name="Type"><value>запретная_зона</value></Data></ExtendedData><MultiGeometry><Polygon><outerBoundaryIs><LinearRing><coordinates>40.5519444782869,56.9515255068737 40.5558005864755,56.9513596392603 40.5595617427386,56.9508660081465 40.5631350612758,56.9500568728648 40.5664325970207,56.9489521437707 40.5693730524402,56.9475790410457 40.5718840233224,56.9459714104966 40.5739037055757,56.9441688923883 40.5753825121964,56.9422158447599 40.5762838817525,56.9401603645492 40.576585895351,56.9380531607622 40.5762811868066,56.9359460338704 40.5753772121362,56.9338908942497 40.5738965190534,56.9319383866632 40.5718755791587,56.9301365136163 40.5693641591189,56.928529650679 40.566424152857,56.927157266446 40.5631278747535,56.9260532315224 40.5595564426784,56.9252446362864 40.5557978915297,56.9247513457464 40.5519444782869,56.924585555034 40.5480910650441,56.9247513457464 40.5443325138954,56.9252446362864 40.5407610818203,56.9260532315224 40.5374648037168,56.927157266446 40.5345247974549,56.928529650679 40.5320133774151,56.9301365136163 40.5299924375204,56.9319383866632 40.5285117444376,56.9338908942497 40.5276077697672,56.9359460338704 40.5273030612228,56.9380531607622 40.5276050748213,56.9401603645492 40.5285064443774,56.9422158447599 40.5299852509981,56.9441688923883 40.5320049332514,56.9459714104966 40.5345159041336,56.9475790410457 40.5374563595531,56.9489521437707 40.540753895298,56.9500568728648 40.5443272138352,56.9508660081465 40.5480883700983,56.9513596392603 40.5519444782869,56.9515255068737</coordinates></LinearRing></outerBoundaryIs></Polygon></MultiGeometry></Placemark><Placemark><styleUrl>#4326_запретная_зона_map</styleUrl><name>UUP78</name><description>От земли до 450 м (1500 фут) AMSL</description><ExtendedData><Data name="Name"><value>UUP78</value></Data><Data name="Altitudes"><value>От земли до 450 м (1500 фут) AMSL</value></Data><Data name="Type"><value>запретная_зона</value></Data></ExtendedData><MultiGeometry><Polygon><outerBoundaryIs><LinearRing><coordinates>37.5197221999184,55.5873985124282 37.5214588230257,55.5873210769015 37.5231526863254,55.5870907536361 37.5247620181569,55.5867131365451 37.5262472028161,55.5861975322162 37.5275715890395,55.5855567060272 37.5287027476453,55.5848064248719 37.5296126511966,55.5839651525818 37.5302789316428,55.5830535927043 37.5306853294773,55.5820941803214 37.5308216937375,55.5811106246155 37.5306847904882,55.5801270950489 37.530277943496,55.5791677635018 37.5296112138921,55.5782563461928 37.5287010408462,55.5774151873782 37.5275698822405,55.5766650552918 37.5262454960171,55.5760243781683 37.5247605808525,55.5755089381935 37.5231516083471,55.5751314127792 37.5214582840365,55.5749011703624 37.5197221999184,55.5748237609694 37.5179861158003,55.5749011703624 37.5162927914898,55.5751314127792 37.5146838189844,55.5755089381935 37.5131989038197,55.5760243781683 37.5118745175963,55.5766650552918 37.5107433589906,55.5774151873782 37.5098331859447,55.5782563461928 37.5091664563408,55.5791677635018 37.5087596093487,55.5801270950489 37.5086227060994,55.5811106246155 37.5087590703595,55.5820941803214 37.509165468194,55.5830535927043 37.5098317486403,55.5839651525818 37.5107416521915,55.5848064248719 37.5118728107973,55.5855567060272 37.5131971970207,55.5861975322162 37.5146823816799,55.5867131365451 37.5162917135114,55.5870907536361 37.5179855768111,55.5873210769015 37.5197221999184,55.5873985124282</coordinates></LinearRing></outerBoundaryIs></Polygon></MultiGeometry></Placemark><Placemark><styleUrl>#4326_запретная_зона_map</styleUrl><name>UUP79</name><description>От земли до 600 м (2000 фут) AMSL</description><ExtendedData><Data name="Name"><value>UUP79</value></Data><Data name="Altitudes"><value>От земли до 600 м (2000 фут) AMSL</value></Data><Data name="Type"><value>запретная_зона</value></Data></ExtendedData><MultiGeometry><Polygon><outerBoundaryIs><LinearRing><coordinates>38.2569444007674,54.8626770169265 38.2586497625027,54.8625996024262 38.2603130830828,54.8623692234515 38.2618933993306,54.8619915773243 38.2633518141944,54.8614759353894 38.2646523950627,54.8608350398702 38.2657631619115,54.8600846381218 38.2666567161247,54.8592432760401 38.2673110489776,54.8583316250874 38.2677100806268,54.8573721201591 38.2678440194357,54.8563884418584 38.2677095416377,54.8554047394595 38.2673100608308,54.8544453200713 38.2666553686517,54.8535337674946 38.265761544944,54.8526925272875 38.2646507780952,54.8519422843401 38.2633501972269,54.8513015476266 38.2618920518577,54.8507860275579 38.260312094936,54.850408479807 38.2586492235135,54.8501781863761 38.2569444007674,54.8501007996084 38.2552395780211,54.8501781863761 38.2535767065987,54.850408479807 38.251996749677,54.8507860275579 38.2505386043078,54.8513015476266 38.2492380234395,54.8519422843401 38.2481272565907,54.8526925272875 38.247233432883,54.8535337674946 38.2465787407039,54.8544453200713 38.246179259897,54.8554047394595 38.246044782099,54.8563884418584 38.2461787209079,54.8573721201591 38.2465777525571,54.8583316250874 38.24723208541,54.8592432760401 38.2481256396231,54.8600846381218 38.249236406472,54.8608350398702 38.2505369873403,54.8614759353894 38.2519954022041,54.8619915773243 38.2535757184519,54.8623692234515 38.255239039032,54.8625996024262 38.2569444007674,54.8626770169265</coordinates></LinearRing></outerBoundaryIs></Polygon></MultiGeometry></Placemark><Placemark><styleUrl>#4326_запретная_зона_map</styleUrl><name>UUP80</name><description>От земли до 650 м (2200 фут) AMSL</description><ExtendedData><Data name="Name"><value>UUP80</value></Data><Data name="Altitudes"><value>От земли до 650 м (2200 фут) AMSL</value></Data><Data name="Type"><value>запретная_зона</value></Data></ExtendedData><MultiGeometry><Polygon><outerBoundaryIs><LinearRing><coordinates>41.2933333349182,57.7822222162938 41.3069444284401,57.7797222372163 41.3294444415299,57.768055578777 41.3133333365723,57.7519444611414 41.2766666219573,57.7613888849237 41.282222252832,57.7722222173719 41.2933333349182,57.7822222162938</coordinates></LinearRing></outerBoundaryIs></Polygon></MultiGeometry></Placemark><Placemark><styleUrl>#4326_запретная_зона_map</styleUrl><name>UUP81</name><description>От земли до 650 м (2200 фут) AMSL</description><ExtendedData><Data name="Name"><value>UUP81</value></Data><Data name="Altitudes"><value>От земли до 650 м (2200 фут) AMSL</value></Data><Data name="Type"><value>запретная_зона</value></Data></ExtendedData><MultiGeometry><Polygon><outerBoundaryIs><LinearRing><coordinates>41.04527776259,57.0041475140147 41.0463075014002,57.0041032506617 41.0473119077194,57.0039716857434 41.0482661880457,57.0037559555202 41.0491468963503,57.0034614506113 41.0499322934032,57.0030953750015 41.0506030654258,57.002666746258 41.051142683417,57.0021861016569 41.0515378523105,57.0016653513677 41.0517788703012,57.0011172884673 41.0518598085083,57.0005553440026 41.0517786906382,56.999993489064 41.0515374929844,56.9994454014382 41.0511421444278,56.9989247106859 41.0506024366051,56.998444115601 41.0499316645825,56.9980155311101 41.0491462675296,56.9976495487813 41.0482657388881,56.997355044369 41.0473115483933,56.9971393736804 41.0463073217372,56.9970077840374 41.04527776259,56.9969635611836 41.0442482034429,56.9970077840374 41.0432439767868,56.9971393736804 41.042289786292,56.997355044369 41.0414092576505,56.9976495487813 41.0406238605976,56.9980155311101 41.039953088575,56.998444115601 41.0394133807523,56.9989247106859 41.0390180321957,56.9994454014382 41.0387768345419,56.999993489064 41.0386957166718,57.0005553440026 41.0387766548789,57.0011172884673 41.0390176728696,57.0016653513677 41.0394128417631,57.0021861016569 41.0399524597543,57.002666746258 41.0406232317769,57.0030953750015 41.0414086288298,57.0034614506113 41.0422893371344,57.0037559555202 41.0432436174607,57.0039716857434 41.0442480237799,57.0041032506617 41.04527776259,57.0041475140147</coordinates></LinearRing></outerBoundaryIs></Polygon></MultiGeometry></Placemark><Placemark><styleUrl>#4326_запретная_зона_map</styleUrl><name>UUP82</name><description>От земли до 500 м (1700 фут) AMSL

Не распространяется на полеты (перелеты) воздушных судов государственной авиации, общества с ограниченной ответственностью "Лукойл-Варандей-Авиа" и на воздушные суда, выполняющие полеты с/на аэродром Нижний Новгород (Стригино)</description><ExtendedData><Data name="Name"><value>UUP82</value></Data><Data name="Altitudes"><value>От земли до 500 м (1700 фут) AMSL

Не распространяется на полеты (перелеты) воздушных судов государственной авиации, общества с ограниченной ответственностью "Лукойл-Варандей-Авиа" и на воздушные суда, выполняющие полеты с/на аэродром Нижний Новгород (Стригино)</value></Data><Data name="Type"><value>запретная_зона</value></Data></ExtendedData><MultiGeometry><Polygon><outerBoundaryIs><LinearRing><coordinates>44.1483333689212,56.1412024261375 44.1583989916798,56.1407597127235 44.1682160505992,56.1394425761888 44.177542359879,56.1372834295216 44.1861475914801,56.134335654405 44.1938195633326,56.1306720130096 44.2003693597322,56.1263828131766 44.2056358229169,56.121573975432 44.2094895056542,56.1163639959686 44.2118359950079,56.1108813082985 44.2126181581257,56.1052610380205 44.211817489713,56.0996415502736 44.2094542916951,56.0941612406454 44.2055874037231,56.0889549667926 44.2003124065432,56.0841507235396 44.1937597355347,56.0798666631724 44.1860906382911,56.0762081613198 44.1774938508536,56.0732650308868 44.1681809264716,56.0711095395465 44.1583804863849,56.0697947308801 44.1483333689212,56.0693528501906 44.1382862514575,56.0697947308801 44.1284858113708,56.0711095395465 44.1191728869888,56.0732650308868 44.1105760995514,56.0762081613198 44.1029070023078,56.0798666631724 44.0963543312993,56.0841507235396 44.0910793341194,56.0889549667926 44.0872124461474,56.0941612406454 44.0848492481294,56.0996415502736 44.0840485797167,56.1052610380205 44.0848307428346,56.1108813082985 44.0871772321882,56.1163639959686 44.0910309149256,56.121573975432 44.0962973781103,56.1263828131766 44.1028471745098,56.1306720130096 44.1105191463623,56.134335654405 44.1191243779635,56.1372834295216 44.1284506872432,56.1394425761888 44.1382677461627,56.1407597127235 44.1483333689212,56.1412024261375</coordinates></LinearRing></outerBoundaryIs></Polygon></MultiGeometry></Placemark><Placemark><styleUrl>#4326_запретная_зона_map</styleUrl><name>UUP83</name><description>От земли до 1200 м (4000 фут) AMSL</description><ExtendedData><Data name="Name"><value>UUP83</value></Data><Data name="Altitudes"><value>От земли до 1200 м (4000 фут) AMSL</value></Data><Data name="Type"><value>запретная_зона</value></Data></ExtendedData><MultiGeometry><Polygon><outerBoundaryIs><LinearRing><coordinates>40.4916666244072,56.0270368386097 40.4941756189957,56.0269262710389 40.4966228094927,56.0265971822383 40.4989478291111,56.0260577159952 40.5010935449988,56.0253211945172 40.5030069565539,56.0244057673427 40.5046409920557,56.023333959904 40.5059554069795,56.022132121607 40.5069178619749,56.0208299745264 40.50750473135,56.0194595079122 40.5077016420603,56.0180544761103 40.5075035635401,56.0166495439274 40.5069157060182,56.0152792302477 40.5059523527075,56.0139772536805 40.5046373987946,56.0127757771346 40.5030031836297,56.0117042494095 40.5010899517376,56.0107891019496 40.4989448646707,56.0100528919117 40.4966206535361,56.009513696813 40.4941744511859,56.0091847609413 40.4916666244072,56.0090741923614 40.4891587976285,56.0091847609413 40.4867125952783,56.009513696813 40.4843883841437,56.0100528919117 40.4822432970768,56.0107891019496 40.4803300651847,56.0117042494095 40.4786958500198,56.0127757771346 40.4773808961069,56.0139772536805 40.4764175427962,56.0152792302477 40.4758296852743,56.0166495439274 40.4756316067541,56.0180544761103 40.4758285174644,56.0194595079122 40.4764153868395,56.0208299745264 40.4773778418349,56.022132121607 40.4786922567587,56.023333959904 40.4803262922605,56.0244057673427 40.4822397038156,56.0253211945172 40.4843854197033,56.0260577159952 40.4867104393217,56.0265971822383 40.4891576298187,56.0269262710389 40.4916666244072,56.0270368386097</coordinates></LinearRing></outerBoundaryIs></Polygon></MultiGeometry></Placemark><Placemark><styleUrl>#4326_запретная_зона_map</styleUrl><name>UUP84</name><description>От земли до 1200 м (4000 фут) AMSL</description><ExtendedData><Data name="Name"><value>UUP84</value></Data><Data name="Altitudes"><value>От земли до 1200 м (4000 фут) AMSL</value></Data><Data name="Type"><value>запретная_зона</value></Data></ExtendedData><MultiGeometry><Polygon><outerBoundaryIs><LinearRing><coordinates>40.0999999927212,56.2492587973823 40.1025235400174,56.2491481695418 40.1049848340643,56.2488191348405 40.1073233284119,56.2482796898324 40.1094814410505,56.2475432295459 40.1114059018837,56.2466277983325 40.113049369696,56.2455559911609 40.1143714202996,56.2443542548784 40.1153394448498,56.2430521394218 40.115929727823,56.2416816989172 40.1161277165116,56.2402767424412 40.1159285600131,56.2388718342608 40.1153371990616,56.2375015437046 40.1143683660276,56.236199644532 40.1130457764348,56.2349982137741 40.1114021289595,56.233926730154 40.1094778477894,56.2330116224919 40.10732027414,56.2322754177048 40.1049825882761,56.2317362390047 40.1025223722075,56.2314073542688 40.0999999927212,56.2312967747081 40.0974776132349,56.2314073542688 40.0950173971663,56.2317362390047 40.0926797113025,56.2322754177048 40.0905221376531,56.2330116224919 40.0885978564829,56.233926730154 40.0869542090076,56.2349982137741 40.0856316194148,56.236199644532 40.0846627863809,56.2375015437046 40.0840714254293,56.2388718342608 40.0838722689308,56.2402767424412 40.0840702576195,56.2416816989172 40.0846605405927,56.2430521394218 40.0856285651428,56.2443542548784 40.0869506157465,56.2455559911609 40.0885940835588,56.2466277983325 40.0905185443919,56.2475432295459 40.0926766570305,56.2482796898324 40.0950151513781,56.2488191348405 40.0974764454251,56.2491481695418 40.0999999927212,56.2492587973823</coordinates></LinearRing></outerBoundaryIs></Polygon></MultiGeometry></Placemark><Placemark><styleUrl>#4326_запретная_зона_map</styleUrl><name>UUP85</name><description>От земли до 1200 м (4000 фут) AMSL</description><ExtendedData><Data name="Name"><value>UUP85</value></Data><Data name="Altitudes"><value>От земли до 1200 м (4000 фут) AMSL</value></Data><Data name="Type"><value>запретная_зона</value></Data></ExtendedData><MultiGeometry><Polygon><outerBoundaryIs><LinearRing><coordinates>35.2291666270986,54.2934283386901 35.2315690814944,54.293317722633 35.2339123369131,54.2929885527051 35.2361387215132,54.2924489689513 35.238193348231,54.291712205999 35.240025462253,54.2907965414911 35.2415901478149,54.2897244039507 35.242848867191,54.2885222690407 35.2437705386725,54.287219714977 35.2443325247142,54.2858488982149 35.2445209912608,54.2844434507361 35.2443314467359,54.2830381127734 35.2437685623789,54.281667366472 35.2428461722451,54.2803650677383 35.2415870037114,54.2791631840938 35.2400221384865,54.2780913731739 35.238190114296,54.2771759827346 35.2361360265674,54.2764395236017 35.2339104504509,54.2759001426168 35.2315680933476,54.2755711482764 35.2291666270986,54.2754605366112 35.2267651608495,54.2755711482764 35.2244228037462,54.2759001426168 35.2221972276298,54.2764395236017 35.2201431399011,54.2771759827346 35.2183111157107,54.2780913731739 35.2167462504857,54.2791631840938 35.215487081952,54.2803650677383 35.2145646918183,54.281667366472 35.2140018074612,54.2830381127734 35.2138122629363,54.2844434507361 35.2140007294829,54.2858488982149 35.2145627155246,54.287219714977 35.2154843870061,54.2885222690407 35.2167431063823,54.2897244039507 35.2183077919441,54.2907965414911 35.2201399059661,54.291712205999 35.2221945326839,54.2924489689513 35.2244209172841,54.2929885527051 35.2267641727027,54.293317722633 35.2291666270986,54.2934283386901</coordinates></LinearRing></outerBoundaryIs></Polygon></MultiGeometry></Placemark><Placemark><styleUrl>#4326_запретная_зона_map</styleUrl><name>UUP86</name><description>От земли до 1200 м (4000 фут) AMSL</description><ExtendedData><Data name="Name"><value>UUP86</value></Data><Data name="Altitudes"><value>От земли до 1200 м (4000 фут) AMSL</value></Data><Data name="Type"><value>запретная_зона</value></Data></ExtendedData><MultiGeometry><Polygon><outerBoundaryIs><LinearRing><coordinates>35.000277779167,54.5012057928731 35.0026924506507,54.5010951630817 35.0050475638311,54.5007659906185 35.0072851773723,54.5002264264366 35.0093502245475,54.4994897424668 35.0111916810484,54.4985740711855 35.0127642717847,54.4975019885848 35.0140292793678,54.4962998881261 35.0149556220888,54.4949974069654 35.0155204827395,54.4936265905844 35.0157099374329,54.4922212140088 35.0155194047611,54.4908158934903 35.0149536457952,54.4894452500329 35.014026584422,54.4881429678592 35.0127610378497,54.4869411662199 35.0111882674503,54.4858693524399 35.0093469906124,54.4849540022796 35.0072824824265,54.4842175648334 35.0050455875375,54.4836781996382 35.0026913726724,54.4833492000976 35.000277779167,54.4832386263641 34.9978641856616,54.4833492000976 34.9955099707965,54.4836781996382 34.9932730759076,54.4842175648334 34.9912085677216,54.4849540022796 34.9893672908837,54.4858693524399 34.9877945204843,54.4869411662199 34.986528973912,54.4881429678592 34.9856019125388,54.4894452500329 34.9850361535729,54.4908158934903 34.9848456209011,54.4922212140088 34.9850350755945,54.4936265905844 34.9855999362452,54.4949974069654 34.9865262789662,54.4962998881261 34.9877912865493,54.4975019885848 34.9893638772857,54.4985740711855 34.9912053337866,54.4994897424668 34.9932703809617,54.5002264264366 34.9955079945029,54.5007659906185 34.9978631076833,54.5010951630817 35.000277779167,54.5012057928731</coordinates></LinearRing></outerBoundaryIs></Polygon></MultiGeometry></Placemark><Placemark><styleUrl>#4326_запретная_зона_map</styleUrl><name>UUP87</name><description>От земли до 1200 м (4000 фут) AMSL</description><ExtendedData><Data name="Name"><value>UUP87</value></Data><Data name="Altitudes"><value>От земли до 1200 м (4000 фут) AMSL</value></Data><Data name="Type"><value>запретная_зона</value></Data></ExtendedData><MultiGeometry><Polygon><outerBoundaryIs><LinearRing><coordinates>36.1338888754875,54.2825950089836 36.1362907010626,54.282484363696 36.1386334174921,54.2821552119114 36.1408591732716,54.2816156432665 36.1429131711687,54.2808788958914 36.1447449258645,54.2799631996991 36.1463091622688,54.2788910942789 36.1475675223188,54.2776889571632 36.1484889243057,54.2763864269578 36.1490507306844,54.2750155634767 36.1492392870625,54.2736101127323 36.1490497425376,54.2722047715645 36.1484869480121,54.2708340312266 36.1475648273729,54.269531703986 36.1463060181653,54.2683298709627 36.144741602098,54.2672580398773 36.1429100270652,54.266342618016 36.1408564783257,54.2656061747267 36.1386314411985,54.2650668090542 36.1362897129158,54.264737780418 36.1338888754875,54.2646271921284 36.1314880380592,54.264737780418 36.1291463097765,54.2650668090542 36.1269212726493,54.2656061747267 36.1248677239098,54.266342618016 36.123036148877,54.2672580398773 36.1214717328097,54.2683298709627 36.1202129236021,54.269531703986 36.1192908029629,54.2708340312266 36.1187280084374,54.2722047715645 36.1185384639125,54.2736101127323 36.1187270202906,54.2750155634767 36.1192888266693,54.2763864269578 36.1202102286562,54.2776889571632 36.1214685887062,54.2788910942789 36.1230328251104,54.2799631996991 36.1248645798063,54.2808788958914 36.1269185777034,54.2816156432665 36.1291443334829,54.2821552119114 36.1314870499123,54.282484363696 36.1338888754875,54.2825950089836</coordinates></LinearRing></outerBoundaryIs></Polygon></MultiGeometry></Placemark><Placemark><styleUrl>#4326_запретная_зона_map</styleUrl><name>UUP88</name><description>От земли до 1200 м (4000 фут) AMSL</description><ExtendedData><Data name="Name"><value>UUP88</value></Data><Data name="Altitudes"><value>От земли до 1200 м (4000 фут) AMSL</value></Data><Data name="Type"><value>запретная_зона</value></Data></ExtendedData><MultiGeometry><Polygon><outerBoundaryIs><LinearRing><coordinates>35.7825000061956,54.0506509366572 35.784888446873,54.0505403007862 35.7872180478993,54.0502111401403 35.7894314069278,54.0496715372558 35.7914739962209,54.0489347522778 35.7932955101225,54.0480190124913 35.7948510328685,54.0469468792063 35.7961023860592,54.0457446676129 35.797018667649,54.0444420780928 35.7975773299242,54.0430711930047 35.797764808324,54.0416657375041 35.7975763417774,54.0402602871306 35.7970166913554,54.0388895278428 35.7960996911134,54.0375871454832 35.794847888765,54.036385243536 35.7932921863559,54.0353133903986 35.7914708521174,54.0343979307498 35.789428711982,54.0336614554147 35.7872160716057,54.0331220596929 35.7848874587262,54.0327930248504 35.7825000061956,54.03268244698 35.780112553665,54.0327930248504 35.7777839407855,54.0331220596929 35.7755713004092,54.0336614554147 35.7735291602738,54.0343979307498 35.7717078260352,54.0353133903986 35.7701521236262,54.036385243536 35.7689003212778,54.0375871454832 35.7679833210357,54.0388895278428 35.7674236706137,54.0402602871306 35.7672352040671,54.0416657375041 35.7674226824669,54.0430711930047 35.7679813447421,54.0444420780928 35.7688976263319,54.0457446676129 35.7701489795227,54.0469468792063 35.7717045022687,54.0480190124913 35.7735260161703,54.0489347522778 35.7755686054633,54.0496715372558 35.7777819644919,54.0502111401403 35.7801115655182,54.0505403007862 35.7825000061956,54.0506509366572</coordinates></LinearRing></outerBoundaryIs></Polygon></MultiGeometry></Placemark><Placemark><styleUrl>#4326_запретная_зона_map</styleUrl><name>UUP89</name><description>От земли до 1200 м (4000 фут) AMSL</description><ExtendedData><Data name="Name"><value>UUP89</value></Data><Data name="Altitudes"><value>От земли до 1200 м (4000 фут) AMSL</value></Data><Data name="Type"><value>запретная_зона</value></Data></ExtendedData><MultiGeometry><Polygon><outerBoundaryIs><LinearRing><coordinates>35.6430555127885,53.7388888863851 35.7222222421474,53.9008333131562 35.9072221900743,53.8086111076091 35.9027777752061,53.7436111280427 35.7708333161061,53.669722208239 35.6430555127885,53.7388888863851</coordinates></LinearRing></outerBoundaryIs></Polygon></MultiGeometry></Placemark><Placemark><styleUrl>#4326_запретная_зона_map</styleUrl><name>UUP90</name><description>От земли до 1200 м (4000 фут) AMSL</description><ExtendedData><Data name="Name"><value>UUP90</value></Data><Data name="Altitudes"><value>От земли до 1200 м (4000 фут) AMSL</value></Data><Data name="Type"><value>запретная_зона</value></Data></ExtendedData><MultiGeometry><Polygon><outerBoundaryIs><LinearRing><coordinates>35.3155555418472,54.0458333240475 35.4861111189946,54.0880555782084 35.6991667108859,54.0497222310474 35.5766666895255,53.9461111125695 35.3558333042413,53.9316666798309 35.3155555418472,54.0458333240475</coordinates></LinearRing></outerBoundaryIs></Polygon></MultiGeometry></Placemark><Placemark><styleUrl>#4326_запретная_зона_map</styleUrl><name>UUP91</name><description>От земли до 1200 м (4000 фут) AMSL</description><ExtendedData><Data name="Name"><value>UUP91</value></Data><Data name="Altitudes"><value>От земли до 1200 м (4000 фут) AMSL</value></Data><Data name="Type"><value>запретная_зона</value></Data></ExtendedData><MultiGeometry><Polygon><outerBoundaryIs><LinearRing><coordinates>35.3297222433723,53.7661110971957 35.5047222353879,53.9097222021439 35.5875000125259,53.8719444507918 35.6238888782235,53.7930555486619 35.491111141866,53.675277783249 35.3925000188562,53.6905555785153 35.3297222433723,53.7661110971957</coordinates></LinearRing></outerBoundaryIs></Polygon></MultiGeometry></Placemark><Placemark><styleUrl>#4326_запретная_зона_map</styleUrl><name>UUP92</name><description>От земли до 1200 м (4000 фут) AMSL</description><ExtendedData><Data name="Name"><value>UUP92</value></Data><Data name="Altitudes"><value>От земли до 1200 м (4000 фут) AMSL</value></Data><Data name="Type"><value>запретная_зона</value></Data></ExtendedData><MultiGeometry><Polygon><outerBoundaryIs><LinearRing><coordinates>37.2297222208496,54.9914828360653 37.2321661774116,54.9913722521874 37.2345499468495,54.9910431329224 37.2368147793438,54.990503582198 37.2389048895154,54.9897669178936 37.2407687140669,54.9888513629395 37.2423604389188,54.9877793234416 37.2436408076933,54.986577338433 37.2445783793553,54.9852749448783 37.2451500672021,54.9839042656821 37.2453418575153,54.9824990291974 37.2451489892238,54.9810937949681 37.2445763132302,54.9797232307004 37.2436380229159,54.9784210787822 37.2423571151523,54.9772193806581 37.2407652106373,54.9761476491565 37.2389015657489,54.9752324022246 37.2368119945665,54.9744960247926 37.2345479705559,54.9739567157002 37.2321650994332,54.9736277113618 37.2297222208496,54.9735171297449 37.227279342266,54.9736277113618 37.2248964711433,54.9739567157002 37.2226324471327,54.9744960247926 37.2205428759504,54.9752324022246 37.2186792310619,54.9761476491565 37.2170873265469,54.9772193806581 37.2158064187833,54.9784210787822 37.214868128469,54.9797232307004 37.2142954524754,54.9810937949681 37.2141025841839,54.9824990291974 37.2142943744971,54.9839042656821 37.2148660623439,54.9852749448783 37.2158036340059,54.986577338433 37.2170840027804,54.9877793234416 37.2186757276323,54.9888513629395 37.2205395521838,54.9897669178936 37.2226296623554,54.990503582198 37.2248944948497,54.9910431329224 37.2272782642876,54.9913722521874 37.2297222208496,54.9914828360653</coordinates></LinearRing></outerBoundaryIs></Polygon></MultiGeometry></Placemark><Placemark><styleUrl>#4326_запретная_зона_map</styleUrl><name>UUP93</name><description>От земли до 500 м (1700 фут) AMSL</description><ExtendedData><Data name="Name"><value>UUP93</value></Data><Data name="Altitudes"><value>От земли до 500 м (1700 фут) AMSL</value></Data><Data name="Type"><value>запретная_зона</value></Data></ExtendedData><MultiGeometry><Polygon><outerBoundaryIs><LinearRing><coordinates>38.0472221874008,56.4884251027586 38.049761545046,56.4883144740407 38.0522383799473,56.4879854187833 38.0545915168341,56.4874460323238 38.0567631940335,56.4867095757227 38.0586996922914,56.4857941786276 38.0603534907295,56.484722443013 38.0616838956653,56.4835206991392 38.0626580287594,56.48221865912 38.0632519948252,56.4808482750612 38.0634511513237,56.4794433921774 38.0632507371838,56.4780385067865 38.0626557829712,56.476668319159 38.0616807515618,56.475366440791 38.0603498974684,56.474165045733 38.0586959193672,56.4730936266659 38.0567595109408,56.472178546109 38.0545884625621,56.4714423886196 38.0522361341591,56.4709032135249 38.0497603772361,56.4705743049861 38.0472221874008,56.4704637731749 38.0446839975655,56.4705743049861 38.0422082406425,56.4709032135249 38.0398559122395,56.4714423886196 38.0376848638609,56.472178546109 38.0357484554344,56.4730936266659 38.0340944773333,56.474165045733 38.0327636232399,56.475366440791 38.0317885918305,56.476668319159 38.0311936376178,56.4780385067865 38.0309932234779,56.4794433921774 38.0311923799764,56.4808482750612 38.0317863460423,56.48221865912 38.0327604791364,56.4835206991392 38.0340908840721,56.484722443013 38.0357446825102,56.4857941786276 38.0376811807682,56.4867095757227 38.0398528579675,56.4874460323238 38.0422059948543,56.4879854187833 38.0446828297557,56.4883144740407 38.0472221874008,56.4884251027586</coordinates></LinearRing></outerBoundaryIs></Polygon></MultiGeometry></Placemark><Placemark><styleUrl>#4326_запретная_зона_map</styleUrl><name>UUP94</name><description>От земли до 300 м (1000 фут) AMSL</description><ExtendedData><Data name="Name"><value>UUP94</value></Data><Data name="Altitudes"><value>От земли до 300 м (1000 фут) AMSL</value></Data><Data name="Type"><value>запретная_зона</value></Data></ExtendedData><MultiGeometry><Polygon><outerBoundaryIs><LinearRing><coordinates>37.5775000423624,55.4392599558506 37.5799716670351,55.4391493378281 37.5823822961001,55.4388202397091 37.58467273058,55.4382807763563 37.586786376612,55.4375441668456 37.5886712217411,55.4366286333476 37.5902809128988,55.4355567384826 37.5915757445493,55.4343548249356 37.5925239163317,55.433052506137 37.5931020720485,55.4316819014185 37.5932959284868,55.4302767687171 37.5931009042387,55.4288716879557 37.592521760375,55.4275012439716 37.5915728699404,55.4261991578825 37.5902774993007,55.4249975201677 37.58866762848,55.4239259211844 37.5867829630139,55.4230106835589 37.5846697661396,55.4222744009638 37.5823802299749,55.4217351192457 37.5799704992253,55.421406130774 37.5775000423624,55.4212956157808 37.5750295854996,55.421406130774 37.5726198547499,55.4217351192457 37.5703303185853,55.4222744009638 37.5682171217109,55.4230106835589 37.5663324562448,55.4239259211844 37.5647225854241,55.4249975201677 37.5634272147845,55.4261991578825 37.5624783243498,55.4275012439716 37.5618991804862,55.4288716879557 37.561704156238,55.4302767687171 37.5618980126763,55.4316819014185 37.5624761683932,55.433052506137 37.5634243401755,55.4343548249356 37.5647191718261,55.4355567384826 37.5663288629837,55.4366286333476 37.5682137081128,55.4375441668456 37.5703273541448,55.4382807763563 37.5726177886247,55.4388202397091 37.5750284176897,55.4391493378281 37.5775000423624,55.4392599558506</coordinates></LinearRing></outerBoundaryIs></Polygon></MultiGeometry></Placemark><Placemark><styleUrl>#4326_запретная_зона_map</styleUrl><name>UUP95</name><description>От земли до 250 м (900 фут) AMSL</description><ExtendedData><Data name="Name"><value>UUP95</value></Data><Data name="Altitudes"><value>От земли до 250 м (900 фут) AMSL</value></Data><Data name="Type"><value>запретная_зона</value></Data></ExtendedData><MultiGeometry><Polygon><outerBoundaryIs><LinearRing><coordinates>37.3099999865519,55.4923154682148 37.3124748451596,55.492204846579 37.3148887979911,55.4918757338925 37.317182286743,55.4913362340399 37.3192988073839,55.4905996502226 37.3211861677959,55.4896841289666 37.3227980149102,55.4886122023832 37.3240946431913,55.487410330564 37.325044072615,55.4861080359135 37.3256229469841,55.4847374453745 37.3258171627485,55.4833323222969 37.3256218690058,55.4819272509231 37.3250419166584,55.4805567694033 37.3240916787508,55.4792547574166 37.3227946013121,55.4780531091008 37.3211825745347,55.4769815279599 37.3192953937858,55.4760663011301 37.3171793223026,55.4753299918259 37.314886731866,55.4747907236181 37.3124737671813,55.4744617709649 37.3099999865519,55.4743512010267 37.3075262059225,55.4744617709649 37.3051132412378,55.4747907236181 37.3028206508012,55.4753299918259 37.3007045793179,55.4760663011301 37.2988173985691,55.4769815279599 37.2972053717917,55.4780531091008 37.295908294353,55.4792547574166 37.2949580564454,55.4805567694033 37.294378104098,55.4819272509231 37.2941828103552,55.4833323222969 37.2943770261196,55.4847374453745 37.2949559004887,55.4861080359135 37.2959053299125,55.487410330564 37.2972019581936,55.4886122023832 37.2988138053079,55.4896841289666 37.3007011657199,55.4905996502226 37.3028176863608,55.4913362340399 37.3051111751126,55.4918757338925 37.3075251279441,55.492204846579 37.3099999865519,55.4923154682148</coordinates></LinearRing></outerBoundaryIs></Polygon></MultiGeometry></Placemark><Placemark><styleUrl>#4326_запретная_зона_map</styleUrl><name>UUP96</name><description>От земли до 350 м (1200 фут) AMSL</description><ExtendedData><Data name="Name"><value>UUP96</value></Data><Data name="Altitudes"><value>От земли до 350 м (1200 фут) AMSL</value></Data><Data name="Type"><value>запретная_зона</value></Data></ExtendedData><MultiGeometry><Polygon><outerBoundaryIs><LinearRing><coordinates>37.9469444200444,55.5717597832816 37.9494243092178,55.571649182232 37.9518431129518,55.5713200748194 37.9541411831116,55.5707805993779 37.9562619258344,55.5700440321091 37.958153149002,55.5691284827124 37.9597683198829,55.5680565902856 37.9610674634468,55.5668547103449 37.9620187793327,55.565552458135 37.9625989113431,55.5641818954662 37.9627934864337,55.5627767681612 37.9625977435333,55.5613716922041 37.9620167132075,55.5600012885224 37.9610645888379,55.5586992154522 37.9597648164533,55.5574976080499 37.9581495557409,55.5564260587958 37.9562585122363,55.5555108525574 37.9541383085027,55.5547745578265 37.9518409569951,55.5542353124398 37.9494232312394,55.5539063640127 37.9469444200444,55.553795763394 37.9444656088494,55.5539063640127 37.9420478830937,55.5542353124398 37.9397505315861,55.5547745578265 37.9376303278526,55.5555108525574 37.935739284348,55.5564260587958 37.9341240236356,55.5574976080499 37.932824251251,55.5586992154522 37.9318721268814,55.5600012885224 37.9312910965556,55.5613716922041 37.9310953536552,55.5627767681612 37.9312899287457,55.5641818954662 37.9318700607562,55.565552458135 37.9328213766421,55.5668547103449 37.934120520206,55.5680565902856 37.9357356910868,55.5691284827124 37.9376269142545,55.5700440321091 37.9397476569772,55.5707805993779 37.9420457271371,55.5713200748194 37.9444645308711,55.571649182232 37.9469444200444,55.5717597832816</coordinates></LinearRing></outerBoundaryIs></Polygon></MultiGeometry></Placemark><Placemark><styleUrl>#4326_запретная_зона_map</styleUrl><name>UUP97</name><description>От земли до 250 м (900 фут) AMSL</description><ExtendedData><Data name="Name"><value>UUP97</value></Data><Data name="Altitudes"><value>От земли до 250 м (900 фут) AMSL</value></Data><Data name="Type"><value>запретная_зона</value></Data></ExtendedData><MultiGeometry><Polygon><outerBoundaryIs><LinearRing><coordinates>43.9388889146406,56.2369905049242 43.940150239131,56.2369352232752 43.9413805717441,56.2367707286276 43.9425494595918,56.2365010219086 43.9436282464165,56.2361328048709 43.9445902522543,56.2356751801829 43.9454118514131,56.235139301549 43.9460727419677,56.2345384741383 43.9465568440743,56.2338874044915 43.9468520304766,56.2332022508844 43.9469511146525,56.2324997730406 43.946851760982,56.2317972822616 43.9465563050851,56.2311121411526 43.9460720233154,56.2304611631412 43.9454109530978,56.229860412164 43.9445892641075,56.2293246019627 43.9436273481012,56.2288670457189 43.9425487409396,56.228498905112 43.9413800327549,56.2282292900288 43.9401499696364,56.2280648078797 43.9388889146406,56.2280095132955 43.9376278596447,56.2280648078797 43.9363977965262,56.2282292900288 43.9352290883415,56.228498905112 43.9341504811799,56.2288670457189 43.9331885651736,56.2293246019627 43.9323668761833,56.229860412164 43.9317058059657,56.2304611631412 43.931221524196,56.2311121411526 43.9309260682991,56.2317972822616 43.9308267146286,56.2324997730406 43.9309257988045,56.2332022508844 43.9312209852068,56.2338874044915 43.9317050873135,56.2345384741383 43.932365977868,56.235139301549 43.9331875770268,56.2356751801829 43.9341495828646,56.2361328048709 43.9352283696893,56.2365010219086 43.936397257537,56.2367707286276 43.9376275901501,56.2369352232752 43.9388889146406,56.2369905049242</coordinates></LinearRing></outerBoundaryIs></Polygon></MultiGeometry></Placemark><Placemark><styleUrl>#4326_запретная_зона_map</styleUrl><name>UUP98</name><description>От земли до 250 м (900 фут) AMSL</description><ExtendedData><Data name="Name"><value>UUP98</value></Data><Data name="Altitudes"><value>От земли до 250 м (900 фут) AMSL</value></Data><Data name="Type"><value>запретная_зона</value></Data></ExtendedData><MultiGeometry><Polygon><outerBoundaryIs><LinearRing><coordinates>43.9052778194645,56.3253237983008 43.9065421083954,56.3252684949974 43.9077752257859,56.325103982168 43.9089468085795,56.3248343013753 43.9100280208554,56.3244660889197 43.9109922724814,56.3240084263637 43.9118157581023,56.3234725912967 43.9124782656244,56.3228717582165 43.9129634457093,56.3222206994077 43.9132592609324,56.3215355357001 43.9133586146028,56.3208330878183 43.9132589914378,56.3201306269594 43.9129628168886,56.3194454755095 43.9124774571406,56.3187945077957 43.9118148597871,56.3181937505565 43.9109913741661,56.3176579833106 43.9100271225401,56.3172003885739 43.9089460899272,56.3168322519579 43.9077746867967,56.3165626622652 43.9065417490693,56.3163981616897 43.9052778194645,56.3163428953276 43.9040138898598,56.3163981616897 43.9027809521323,56.3165626622652 43.9016095490018,56.3168322519579 43.9005285163889,56.3172003885739 43.8995642647629,56.3176579833106 43.898740779142,56.3181937505565 43.8980781817884,56.3187945077957 43.8975928220404,56.3194454755095 43.8972966474912,56.3201306269594 43.8971970243262,56.3208330878183 43.8972963779967,56.3215355357001 43.8975921932197,56.3222206994077 43.8980773733047,56.3228717582165 43.8987398808267,56.3234725912967 43.8995633664477,56.3240084263637 43.9005276180736,56.3244660889197 43.9016088303496,56.3248343013753 43.9027804131431,56.325103982168 43.9040135305337,56.3252684949974 43.9052778194645,56.3253237983008</coordinates></LinearRing></outerBoundaryIs></Polygon></MultiGeometry></Placemark><Placemark><styleUrl>#4326_запретная_зона_map</styleUrl><name>UUP99</name><description>От земли до 500 м (1700 фут) AMSL</description><ExtendedData><Data name="Name"><value>UUP99</value></Data><Data name="Altitudes"><value>От земли до 500 м (1700 фут) AMSL</value></Data><Data name="Type"><value>запретная_зона</value></Data></ExtendedData><MultiGeometry><Polygon><outerBoundaryIs><LinearRing><coordinates>41.5205555385031,52.6146883448082 41.5263293701602,52.6144116149281 41.5319609086764,52.6135881950744 41.5373110948456,52.6122385052462 41.5422482356471,52.6103956898021 41.5466505195284,52.6081052951453 41.5504096096664,52.6054237458747 41.5534328897551,52.6024170950442 41.5556460691205,52.599159446234 41.5569947996881,52.5957311012689 41.5574461132869,52.5922164874913 41.5569889606388,52.5887021375022 41.5556350198426,52.5852746116345 41.5534176183952,52.5820182535775 41.5503916433607,52.5790132169746 41.5466316549075,52.5763333803862 41.5422302693414,52.5740447531326 41.5372958234857,52.5722035518947 41.5319497695669,52.5708550981346 41.5263236209424,52.570032497342 41.5205555385031,52.5697560312478 41.5147874560638,52.570032497342 41.5091613074393,52.5708550981346 41.5038152535205,52.5722035518947 41.4988808076648,52.5740447531326 41.4944794220987,52.5763333803862 41.4907194336455,52.5790132169746 41.487693458611,52.5820182535775 41.4854760571637,52.5852746116345 41.4841221163674,52.5887021375022 41.4836649637193,52.5922164874913 41.4841162773181,52.5957311012689 41.4854650078857,52.599159446234 41.4876781872511,52.6024170950442 41.4907014673398,52.6054237458747 41.4944605574778,52.6081052951453 41.4988628413591,52.6103956898021 41.5037999821606,52.6122385052462 41.5091501683298,52.6135881950744 41.514781706846,52.6144116149281 41.5205555385031,52.6146883448082</coordinates></LinearRing></outerBoundaryIs></Polygon></MultiGeometry></Placemark><Placemark><styleUrl>#4326_запретная_зона_map</styleUrl><name>UUP100</name><description>От земли до 500 м (1700 фут) AMSL</description><ExtendedData><Data name="Name"><value>UUP100</value></Data><Data name="Altitudes"><value>От земли до 500 м (1700 фут) AMSL</value></Data><Data name="Type"><value>запретная_зона</value></Data></ExtendedData><MultiGeometry><Polygon><outerBoundaryIs><LinearRing><coordinates>43.4269444241125,56.2849999790819 43.4263889059409,56.2738889022427 43.4055555371977,56.268055566313 43.3938888471082,56.261111120682 43.3319444387134,56.2608333365307 43.3330555648883,56.2772222358395 43.3547222108891,56.2849999790819 43.3891666731542,56.2841666433421 43.4269444241125,56.2849999790819</coordinates></LinearRing></outerBoundaryIs></Polygon></MultiGeometry></Placemark><Placemark><styleUrl>#4326_запретная_зона_map</styleUrl><name>UUP400</name><description>От земли до 900 м (3000 фут) AMSL</description><ExtendedData><Data name="Name"><value>UUP400</value></Data><Data name="Altitudes"><value>От земли до 900 м (3000 фут) AMSL</value></Data><Data name="Type"><value>запретная_зона</value></Data></ExtendedData><MultiGeometry><Polygon><outerBoundaryIs><LinearRing><coordinates>37.1905555846305,54.8912993670422 37.1954313704981,54.8910780589921 37.2001870516122,54.890419668089 37.2047052181652,54.8893403807201 37.2088744790619,54.8878667800783 37.2125922466967,54.886035228791 37.2157668929108,54.8838908900866 37.2183203541059,54.8814865940961 37.2201896583806,54.8788815487253 37.2213289916555,54.8761399463313 37.2217104163251,54.8733293620976 37.2213246797421,54.8705189436492 37.2201814837115,54.8677779096765 37.2183091251649,54.8651737876867 37.2157537775077,54.8627705462945 37.2125784126413,54.8606274513693 37.2088613636587,54.8587971438463 37.2046939892242,54.8573246495928 37.2001788769431,54.856246233803 37.1954271484162,54.8555884113435 37.1905555846305,54.8553672690481 37.1856840208447,54.8555884113435 37.1809322923178,54.856246233803 37.1764171800368,54.8573246495928 37.1722498056022,54.8587971438463 37.1685327566196,54.8606274513693 37.1653573917533,54.8627705462945 37.1628020440961,54.8651737876867 37.1609296855494,54.8677779096765 37.1597864895188,54.8705189436492 37.1594007529358,54.8733293620976 37.1597821776054,54.8761399463313 37.1609215108803,54.8788815487253 37.162790815155,54.8814865940961 37.1653442763501,54.8838908900866 37.1685189225642,54.886035228791 37.1722366901991,54.8878667800783 37.1764059510957,54.8893403807201 37.1809241176487,54.890419668089 37.1856797987628,54.8910780589921 37.1905555846305,54.8912993670422</coordinates></LinearRing></outerBoundaryIs></Polygon></MultiGeometry></Placemark><Placemark><styleUrl>#4326_запретная_зона_map</styleUrl><name>UUP401</name><description>От земли до 1000 м (3300 фут) AMSL</description><ExtendedData><Data name="Name"><value>UUP401</value></Data><Data name="Altitudes"><value>От земли до 1000 м (3300 фут) AMSL</value></Data><Data name="Type"><value>запретная_зона</value></Data></ExtendedData><MultiGeometry><Polygon><outerBoundaryIs><LinearRing><coordinates>38.8266666439078,58.0920338931301 38.8293189197842,58.0919233392911 38.8319057983079,58.0915943396876 38.8343636787568,58.0910550705927 38.8366318350176,58.0903187952266 38.8386544817114,58.0894036270246 38.8403817623397,58.0883321504816 38.8417711865896,58.0871307567019 38.8427886184804,58.0858289789188 38.8434089950156,58.0844589705829 38.8436169550039,58.083054412196 38.8434076475427,58.0816499410717 38.8427861031976,58.0802800572054 38.8417677729915,58.0789785520233 38.8403777199209,58.0777774607896 38.838650169798,58.0767063476682 38.8366277925988,58.0757915428825 38.8343601753271,58.0750555700629 38.8319033728566,58.0745165259879 38.8293175723113,58.0741876984269 38.8266666439078,58.0740771842697 38.8240157155044,58.0741876984269 38.821429914959,58.0745165259879 38.8189731124885,58.0750555700629 38.8167054952168,58.0757915428825 38.8146831180177,58.0767063476682 38.8129555678948,58.0777774607896 38.8115655148241,58.0789785520233 38.8105471846181,58.0802800572054 38.809925640273,58.0816499410717 38.8097163328118,58.083054412196 38.8099242928001,58.0844589705829 38.8105446693353,58.0858289789188 38.8115621012261,58.0871307567019 38.812951525476,58.0883321504816 38.8146788061043,58.0894036270246 38.816701452798,58.0903187952266 38.8189696090589,58.0910550705927 38.8214274895078,58.0915943396876 38.8240143680315,58.0919233392911 38.8266666439078,58.0920338931301</coordinates></LinearRing></outerBoundaryIs></Polygon></MultiGeometry></Placemark><Placemark><styleUrl>#4326_запретная_зона_map</styleUrl><name>UUP402</name><description>От земли до 1000 м (3300 фут) AMSL</description><ExtendedData><Data name="Name"><value>UUP402</value></Data><Data name="Altitudes"><value>От земли до 1000 м (3300 фут) AMSL</value></Data><Data name="Type"><value>запретная_зона</value></Data></ExtendedData><MultiGeometry><Polygon><outerBoundaryIs><LinearRing><coordinates>38.7033333452899,58.1075894417308 38.7059867889762,58.1074788887332 38.7085748353097,58.1071498904865 38.7110337039054,58.1066106196787 38.7133028483131,58.1058743337151 38.7153263933221,58.1049591856426 38.7170544824342,58.1038877025058 38.7184445355048,58.1026863113985 38.7194623267217,58.1013845801749 38.7200829727515,58.10001455309 38.7202910225713,58.0986099910156 38.7200816252786,58.0972055161077 38.7194598114389,58.0958356608327 38.7184410320752,58.0945341542737 38.7170504400154,58.0933330652538 38.7153221712403,58.0922619450145 38.7132988058943,58.091347112273 38.7110302903073,58.0906111283907 38.7085723200269,58.0900721298159 38.7059854415032,58.0897433033702 38.7033333452899,58.0896327899798 38.7006812490766,58.0897433033702 38.6980943705529,58.0900721298159 38.6956364002725,58.0906111283907 38.6933678846855,58.091347112273 38.6913445193396,58.0922619450145 38.6896162505645,58.0933330652538 38.6882256585047,58.0945341542737 38.6872068791409,58.0958356608327 38.6865850653013,58.0972055161077 38.6863756680085,58.0986099910156 38.6865837178283,58.10001455309 38.6872043638581,58.1013845801749 38.6882221550751,58.1026863113985 38.6896122081457,58.1038877025058 38.6913402972578,58.1049591856426 38.6933638422668,58.1058743337151 38.6956329866745,58.1066106196787 38.6980918552701,58.1071498904865 38.7006799016037,58.1074788887332 38.7033333452899,58.1075894417308</coordinates></LinearRing></outerBoundaryIs></Polygon></MultiGeometry></Placemark><Placemark><styleUrl>#4326_запретная_зона_map</styleUrl><name>UUP403</name><description>От земли до 1000 м (3300 фут) AMSL</description><ExtendedData><Data name="Name"><value>UUP403</value></Data><Data name="Altitudes"><value>От земли до 1000 м (3300 фут) AMSL</value></Data><Data name="Type"><value>запретная_зона</value></Data></ExtendedData><MultiGeometry><Polygon><outerBoundaryIs><LinearRing><coordinates>38.2977777711646,57.5364791156845 38.3003895330217,57.5363685297471 38.3029369755044,57.5360395237215 38.3053573063744,57.5355002082769 38.3075908774968,57.5347638604242 38.3095827119763,57.5338486347441 38.3112836719668,57.5327770333253 38.312651895976,57.5315755207912 38.3136537870124,57.5302737044721 38.3142646414056,57.5289035627004 38.3144695471219,57.5274988660812 38.3142633837642,57.5260942601121 38.3136513615611,57.5247242506355 38.3126485722095,57.5234226720242 38.3112797193795,57.5222214299768 38.309578579726,57.5211502104454 38.3075870147411,57.5202353183335 38.3053539826079,57.5194992892978 38.3029346398847,57.518960211554 38.3003882753803,57.5186313378178 38.2977777711646,57.5185208425347 38.295167266949,57.5186313378178 38.2926209024446,57.518960211554 38.2902015597214,57.5194992892978 38.2879685275882,57.5202353183335 38.2859769626033,57.5211502104454 38.2842758229497,57.5222214299768 38.2829069701198,57.5234226720242 38.2819041807681,57.5247242506355 38.2812921585651,57.5260942601121 38.2810859952074,57.5274988660812 38.2812909009237,57.5289035627004 38.2819017553169,57.5302737044721 38.2829036463532,57.5315755207912 38.2842718703625,57.5327770333253 38.285972830353,57.5338486347441 38.2879646648325,57.5347638604242 38.2901982359549,57.5355002082769 38.2926185668249,57.5360395237215 38.2951660093076,57.5363685297471 38.2977777711646,57.5364791156845</coordinates></LinearRing></outerBoundaryIs></Polygon></MultiGeometry></Placemark><Placemark><styleUrl>#4326_запретная_зона_map</styleUrl><name>UUP404</name><description>От земли до 450 м (1500 фут) AGL

Не распространяется на воздушные суда, выполняющие полеты с/на аэродром Остафьево</description><ExtendedData><Data name="Name"><value>UUP404</value></Data><Data name="Altitudes"><value>От земли до 450 м (1500 фут) AGL

Не распространяется на воздушные суда, выполняющие полеты с/на аэродром Остафьево</value></Data><Data name="Type"><value>запретная_зона</value></Data></ExtendedData><MultiGeometry><Polygon><outerBoundaryIs><LinearRing><coordinates>37.4691666326957,55.3875000001524 37.5036110949608,55.377222197557 37.4750000226562,55.3583333406527 37.4624999654776,55.3644444691693 37.4691666326957,55.3875000001524</coordinates></LinearRing></outerBoundaryIs></Polygon></MultiGeometry></Placemark><Placemark><styleUrl>#4326_запретная_зона_map</styleUrl><name>UUP405</name><description>От земли до 1200 м (4000 фут) AMSL</description><ExtendedData><Data name="Name"><value>UUP405</value></Data><Data name="Altitudes"><value>От земли до 1200 м (4000 фут) AMSL</value></Data><Data name="Type"><value>запретная_зона</value></Data></ExtendedData><MultiGeometry><Polygon><outerBoundaryIs><LinearRing><coordinates>37.1877778141089,56.7462671705528 37.1905902596004,56.7461455504329 37.193333355152,56.7457835999045 37.1959395474543,56.7451902461827 37.1983446069645,56.7443801385462 37.2004893347053,56.7433732547571 37.2023209097381,56.7421943597229 37.2037942366356,56.7408725136873 37.2048730234603,56.7394402842289 37.2055307699113,56.7379329086822 37.2057513063136,56.7363876043039 37.2055293326069,56.7348423348769 37.2048702386829,56.7333351691672 37.2037903738799,56.7319031944393 37.2023164181617,56.7305817256312 37.2004846634658,56.729403217765 37.1983401153881,56.7283967211504 37.1959356846986,56.7275869907387 37.1933305703746,56.7269939411164 37.1905887324644,56.7266321510484 37.1877778141089,56.7265105658865 37.1849668957534,56.7266321510484 37.1822250578432,56.7269939411164 37.1796199435192,56.7275869907387 37.1772155128298,56.7283967211504 37.175070964752,56.729403217765 37.1732392100561,56.7305817256312 37.1717652543379,56.7319031944393 37.1706853895349,56.7333351691672 37.1700262956109,56.7348423348769 37.1698043219042,56.7363876043039 37.1700248583065,56.7379329086822 37.1706826047575,56.7394402842289 37.1717613915822,56.7408725136873 37.1732347184797,56.7421943597229 37.1750662935125,56.7433732547571 37.1772110212533,56.7443801385462 37.1796160807635,56.7451902461827 37.1822222730658,56.7457835999045 37.1849653686174,56.7461455504329 37.1877778141089,56.7462671705528</coordinates></LinearRing></outerBoundaryIs></Polygon></MultiGeometry></Placemark><Placemark><styleUrl>#4326_запретная_зона_map</styleUrl><name>UUP406</name><description>От земли до 1200 м (4000 фут) AMSL</description><ExtendedData><Data name="Name"><value>UUP406</value></Data><Data name="Altitudes"><value>От земли до 1200 м (4000 фут) AMSL</value></Data><Data name="Type"><value>запретная_зона</value></Data></ExtendedData><MultiGeometry><Polygon><outerBoundaryIs><LinearRing><coordinates>37.2186111387634,56.7631659065132 37.2201459104263,56.7630995982769 37.2216427731842,56.7629021529662 37.2230650757736,56.7625785515631 37.2243776042352,56.7621367341791 37.2255480192189,56.7615876004396 37.2265476644671,56.7609446152684 37.2273518363094,56.7602236614125 37.2279407718097,56.7594424479135 37.2282999182603,56.7586203132368 37.2284204721714,56.757777386859 37.2282994691026,56.7569344908287 37.2279399633259,56.7561123997143 37.2273507583311,56.7553312977261 37.2265463169941,56.7546104330519 37.225546671746,56.753967574667 37.2243762567623,56.7534185677224 37.2230639079637,56.7529768395215 37.2216419647005,56.752653300285 37.2201454612687,56.7524559478728 37.2186111387634,56.7523896206468 37.2170768162581,56.7524559478728 37.2155803128263,56.752653300285 37.2141583695631,56.7529768395215 37.2128460207645,56.7534185677224 37.2116756057808,56.753967574667 37.2106759605326,56.7546104330519 37.2098715191957,56.7553312977261 37.2092823142009,56.7561123997143 37.2089228084242,56.7569344908287 37.2088018053554,56.757777386859 37.2089223592665,56.7586203132368 37.2092815057171,56.7594424479135 37.2098704412174,56.7602236614125 37.2106746130597,56.7609446152684 37.2116742583079,56.7615876004396 37.2128446732916,56.7621367341791 37.2141572017532,56.7625785515631 37.2155795043425,56.7629021529662 37.2170763671005,56.7630995982769 37.2186111387634,56.7631659065132</coordinates></LinearRing></outerBoundaryIs></Polygon></MultiGeometry></Placemark><Placemark><styleUrl>#4326_запретная_зона_map</styleUrl><name>UUP407</name><description>От земли до 450 м (1500 фут) AGL</description><ExtendedData><Data name="Name"><value>UUP407</value></Data><Data name="Altitudes"><value>От земли до 450 м (1500 фут) AGL</value></Data><Data name="Type"><value>запретная_зона</value></Data></ExtendedData><MultiGeometry><Polygon><outerBoundaryIs><LinearRing><coordinates>37.6525000261074,55.944444464202 37.6769444426297,55.9483333260794 37.6927777885015,55.9305555678924 37.6713889015866,55.9241666909624 37.6525000261074,55.944444464202</coordinates></LinearRing></outerBoundaryIs></Polygon></MultiGeometry></Placemark><Placemark><styleUrl>#4326_запретная_зона_map</styleUrl><name>UUP408</name><description>От земли до 450 м (1500 фут) AGL</description><ExtendedData><Data name="Name"><value>UUP408</value></Data><Data name="Altitudes"><value>От земли до 450 м (1500 фут) AGL</value></Data><Data name="Type"><value>запретная_зона</value></Data></ExtendedData><MultiGeometry><Polygon><outerBoundaryIs><LinearRing><coordinates>37.0463889172694,56.2174999860044 37.0650000336627,56.1936111217017 37.0475000434443,56.1833333497828 37.0149999846117,56.2025000108776 37.0463889172694,56.2174999860044</coordinates></LinearRing></outerBoundaryIs></Polygon></MultiGeometry></Placemark><Placemark><styleUrl>#4326_запретная_зона_map</styleUrl><name>UUP409</name><description>От земли до 450 м (1500 фут) AGL</description><ExtendedData><Data name="Name"><value>UUP409</value></Data><Data name="Altitudes"><value>От земли до 450 м (1500 фут) AGL</value></Data><Data name="Type"><value>запретная_зона</value></Data></ExtendedData><MultiGeometry><Polygon><outerBoundaryIs><LinearRing><coordinates>37.000000005829,56.1957311815137 37.0017640275524,56.1956537535702 37.0034845708161,56.1954234220393 37.0051192351386,56.1950458436034 37.0066278658267,56.1945303295741 37.0079731827962,56.1938895959907 37.0091221280446,56.1931393635936 37.0100464046404,56.1922981582042 37.0107231953755,56.1913866603301 37.0111359712486,56.1904274052956 37.0112744914654,56.1894439322584 37.0111353424279,56.188460484001 37.0107221173972,56.187501255693 37.0100448775045,56.186589893861 37.009120331414,56.1857488448524 37.0079712963341,56.1849987531879 37.0066260691962,56.1843581603461 37.0051177978341,56.1838428027002 37.0034834928377,56.1834653102127 37.0017633987317,56.1832350554991 37.000000005829,56.1831577024295 36.9982366129262,56.1832350554991 36.9965165188202,56.1834653102127 36.9948822138238,56.1838428027002 36.9933739424618,56.1843581603461 36.9920287153238,56.1849987531879 36.9908796802439,56.1857488448524 36.9899551341535,56.186589893861 36.9892778942608,56.187501255693 36.9888646692301,56.188460484001 36.9887255201926,56.1894439322584 36.9888640404094,56.1904274052956 36.9892768162824,56.1913866603301 36.9899536070175,56.1922981582042 36.9908778836133,56.1931393635936 36.9920268288617,56.1938895959907 36.9933721458312,56.1945303295741 36.9948807765194,56.1950458436034 36.9965154408419,56.1954234220393 36.9982359841055,56.1956537535702 37.000000005829,56.1957311815137</coordinates></LinearRing></outerBoundaryIs></Polygon></MultiGeometry></Placemark><Placemark><styleUrl>#4326_запретная_зона_map</styleUrl><name>UUP410</name><description>От земли до 450 м (1500 фут) AGL

Не распространяется на воздушные суда, выполняющие полеты с/на аэродром Кубинка</description><ExtendedData><Data name="Name"><value>UUP410</value></Data><Data name="Altitudes"><value>От земли до 450 м (1500 фут) AGL

Не распространяется на воздушные суда, выполняющие полеты с/на аэродром Кубинка</value></Data><Data name="Type"><value>запретная_зона</value></Data></ExtendedData><MultiGeometry><Polygon><outerBoundaryIs><LinearRing><coordinates>36.6938889218025,55.5616666712108 36.7061111300637,55.5541666714174 36.6863888874954,55.5449999765636 36.6738889201484,55.5525000019226 36.6938889218025,55.5616666712108</coordinates></LinearRing></outerBoundaryIs></Polygon></MultiGeometry></Placemark><Placemark><styleUrl>#4326_запретная_зона_map</styleUrl><name>UUP411</name><description>От земли до 1700 м (5500 фут) AMSL</description><ExtendedData><Data name="Name"><value>UUP411</value></Data><Data name="Altitudes"><value>От земли до 1700 м (5500 фут) AMSL</value></Data><Data name="Type"><value>запретная_зона</value></Data></ExtendedData><MultiGeometry><Polygon><outerBoundaryIs><LinearRing><coordinates>40.4363888832304,56.7125913945784 40.4389433325724,56.7124808301705 40.4414348100129,56.7121518027907 40.443801960618,56.7116124090121 40.445986483726,56.7108759792124 40.4479345702511,56.7099605845999 40.4495982501573,56.7088888903515 40.4509364704361,56.7076872183916 40.451916352748,56.7063852030285 40.4525138222434,56.7050149029463 40.4527142363833,56.7036100116972 40.4525126544336,56.7022052160349 40.4519140171282,56.7008350596263 40.4509333263326,56.6995332509786 40.4495944772331,56.6983318720758 40.4479307074954,56.6972605371822 40.4459828006333,56.6963455019046 40.4437988165145,56.6956093651673 40.4414325642246,56.6950701780949 40.4389421647625,56.694741294392 40.4363888832304,56.694630776167 40.4338356016984,56.694741294392 40.4313452022362,56.6950701780949 40.4289789499463,56.6956093651673 40.4267949658276,56.6963455019046 40.4248470589655,56.6972605371822 40.4231832892278,56.6983318720758 40.4218444401283,56.6995332509786 40.4208637493326,56.7008350596263 40.4202651120273,56.7022052160349 40.4200635300775,56.7036100116972 40.4202639442174,56.7050149029463 40.4208614137129,56.7063852030285 40.4218412960248,56.7076872183916 40.4231795163036,56.7088888903515 40.4248431962098,56.7099605845999 40.4267912827349,56.7108759792124 40.4289758058428,56.7116124090121 40.431342956448,56.7121518027907 40.4338344338885,56.7124808301705 40.4363888832304,56.7125913945784</coordinates></LinearRing></outerBoundaryIs></Polygon></MultiGeometry></Placemark><Placemark><styleUrl>#4326_запретная_зона_map</styleUrl><name>UUP412</name><description>От земли до 1700 м (5500 фут) AMSL</description><ExtendedData><Data name="Name"><value>UUP412</value></Data><Data name="Altitudes"><value>От земли до 1700 м (5500 фут) AMSL</value></Data><Data name="Type"><value>запретная_зона</value></Data></ExtendedData><MultiGeometry><Polygon><outerBoundaryIs><LinearRing><coordinates>40.3119444584376,56.9248133390021 40.3145133706556,56.9247027138808 40.3170190414776,56.9243736857079 40.3193995769805,56.9238343541896 40.3215964968393,56.9230979248654 40.3235556326425,56.9221826119411 40.3252286550276,56.9211109027765 40.3265744211548,56.9199093137654 40.327559962853,56.9186073110378 40.328160756115,56.9172370661725 40.3283623380647,56.9158322290168 40.3281595883051,56.9144274861864 40.3275576272332,56.9130573329535 40.3265712770513,56.9117556307875 40.3252248821034,56.9105542799408 40.3235516800552,56.9094829235305 40.3215927239152,56.9085679633748 40.319396432877,56.9078318213396 40.3170167058578,56.9072926921197 40.3145122028457,56.9069638047139 40.3119444584376,56.9068532739092 40.3093767140295,56.9069638047139 40.3068722110173,56.9072926921197 40.3044924839982,56.9078318213396 40.30229619296,56.9085679633748 40.30033723682,56.9094829235305 40.2986640347718,56.9105542799408 40.2973176398239,56.9117556307875 40.296331289642,56.9130573329535 40.2957293285701,56.9144274861864 40.2955265788104,56.9158322290168 40.2957281607602,56.9172370661725 40.2963289540222,56.9186073110378 40.2973144957204,56.9199093137654 40.2986602618476,56.9211109027765 40.3003332842327,56.9221826119411 40.3022924200358,56.9230979248654 40.3044893398947,56.9238343541896 40.3068698753976,56.9243736857079 40.3093755462196,56.9247027138808 40.3119444584376,56.9248133390021</coordinates></LinearRing></outerBoundaryIs></Polygon></MultiGeometry></Placemark><Placemark><styleUrl>#4326_запретная_зона_map</styleUrl><name>UUP413</name><description>От земли до 1700 м (5500 фут) AMSL</description><ExtendedData><Data name="Name"><value>UUP413</value></Data><Data name="Altitudes"><value>От земли до 1700 м (5500 фут) AMSL</value></Data><Data name="Type"><value>запретная_зона</value></Data></ExtendedData><MultiGeometry><Polygon><outerBoundaryIs><LinearRing><coordinates>40.1774999879019,56.8153690722211 40.1800614441031,56.815258466412 40.1825597487397,56.8149294060332 40.184933367215,56.8143900639348 40.1871239090353,56.8136536353126 40.1890772956206,56.8127382895118 40.1907454671032,56.811666580152 40.1920873704747,56.810464953925 40.1930699477324,56.8091629144668 40.1936690341954,56.8077926295267 40.1938699873245,56.806387798721 40.1936678663855,56.8049830136133 40.1930676121127,56.8036128709422 40.1920841365396,56.802311134619 40.190741694179,56.8011097493839 40.1890733430334,56.8000383961846 40.1871201361111,56.7991234065466 40.1849302231115,56.7983872681955 40.18255741312,56.7978481306819 40.1800601864617,56.7975192125579 40.1774999879019,56.7974087017273 40.1749397893422,56.7975192125579 40.1724425626839,56.7978481306819 40.1700697526924,56.7983872681955 40.1678798396928,56.7991234065466 40.1659266327705,56.8000383961846 40.1642582816249,56.8011097493839 40.1629158392643,56.802311134619 40.1619323636912,56.8036128709422 40.1613321094184,56.8049830136133 40.1611299884794,56.806387798721 40.1613309416085,56.8077926295267 40.1619300280715,56.8091629144668 40.1629126053293,56.810464953925 40.1642545087007,56.811666580152 40.1659226801833,56.8127382895118 40.1678760667686,56.8136536353126 40.1700666085889,56.8143900639348 40.1724402270641,56.8149294060332 40.1749385317008,56.815258466412 40.1774999879019,56.8153690722211</coordinates></LinearRing></outerBoundaryIs></Polygon></MultiGeometry></Placemark><Placemark><styleUrl>#4326_запретная_зона_map</styleUrl><name>UUP414</name><description>От земли до 1700 м (5500 фут) AMSL</description><ExtendedData><Data name="Name"><value>UUP414</value></Data><Data name="Altitudes"><value>От земли до 1700 м (5500 фут) AMSL</value></Data><Data name="Type"><value>запретная_зона</value></Data></ExtendedData><MultiGeometry><Polygon><outerBoundaryIs><LinearRing><coordinates>40.5116666260613,56.8751102225145 40.5132059791322,56.8750439161454 40.5147073334665,56.8748465211888 40.5161338581377,56.8745229053143 40.5174502493551,56.8740810832046 40.5186242575999,56.8735319218078 40.5196268672885,56.8728889440655 40.5204334645821,56.8721680343135 40.5210241068814,56.8713868485243 40.5213843313103,56.8705647164124 40.5215052445476,56.8697218055405 40.5213838821527,56.8688789247882 40.5210232983976,56.8680568357096 40.5204322967722,56.8672757604795 40.5196255198155,56.8665549388675 40.5186228202954,56.8659120866673 40.5174489018821,56.865363050813 40.5161326903278,56.8649213168357 40.5147065249828,56.864597811519 40.5132055299745,56.8644004595955 40.5116666260613,56.8643341341568 40.5101277221481,56.8644004595955 40.5086267271398,56.864597811519 40.5072005617948,56.8649213168357 40.5058843502405,56.865363050813 40.5047104318272,56.8659120866673 40.5037077323071,56.8665549388675 40.5029009553504,56.8672757604795 40.502309953725,56.8680568357096 40.5019493699699,56.8688789247882 40.501828007575,56.8697218055405 40.5019489208123,56.8705647164124 40.5023091452412,56.8713868485243 40.5028997875405,56.8721680343135 40.5037063848341,56.8728889440655 40.5047089945227,56.8735319218078 40.5058830027676,56.8740810832046 40.5071993939849,56.8745229053143 40.5086259186561,56.8748465211888 40.5101272729904,56.8750439161454 40.5116666260613,56.8751102225145</coordinates></LinearRing></outerBoundaryIs></Polygon></MultiGeometry></Placemark><Placemark><styleUrl>#4326_запретная_зона_map</styleUrl><name>UUP415</name><description>От земли до 1700 м (5500 фут) AMSL</description><ExtendedData><Data name="Name"><value>UUP415</value></Data><Data name="Altitudes"><value>От земли до 1700 м (5500 фут) AMSL</value></Data><Data name="Type"><value>запретная_зона</value></Data></ExtendedData><MultiGeometry><Polygon><outerBoundaryIs><LinearRing><coordinates>40.5775000209841,56.9023134127975 40.5800674060661,56.9022028190196 40.5825715497521,56.9018737882979 40.5849506479506,56.9013344252486 40.5871462203365,56.9005979925708 40.5891041883298,56.8996826663569 40.5907762225681,56.8986109967523 40.592121270043,56.8974093687458 40.593106093089,56.8961073646315 40.5937066168565,56.8947370771501 40.5939080191432,56.893332274846 40.5937053592151,56.8919275178378 40.5931037574693,56.8905573714317 40.592118036108,56.8892556192399 40.5907724496439,56.8880543283129 40.5891002357425,56.8869829630042 40.5871425372439,56.8860679902556 40.5849475038471,56.8853318454794 40.5825692141324,56.8847927343617 40.5800661484247,56.8844638447152 40.5775000209841,56.8843532962269 40.5749338935435,56.8844638447152 40.5724308278358,56.8847927343617 40.5700525381211,56.8853318454794 40.5678575047244,56.8860679902556 40.5658998062257,56.8869829630042 40.5642275923243,56.8880543283129 40.5628820058602,56.8892556192399 40.561896284499,56.8905573714317 40.5612946827532,56.8919275178378 40.5610920228251,56.893332274846 40.5612934251118,56.8947370771501 40.5618939488792,56.8961073646315 40.5628787719252,56.8974093687458 40.5642238194001,56.8986109967523 40.5658958536385,56.8996826663569 40.5678538216317,56.9005979925708 40.5700493940176,56.9013344252486 40.5724284922161,56.9018737882979 40.5749326359021,56.9022028190196 40.5775000209841,56.9023134127975</coordinates></LinearRing></outerBoundaryIs></Polygon></MultiGeometry></Placemark><Placemark><styleUrl>#4326_запретная_зона_map</styleUrl><name>UUP416</name><description>От земли до 700 м (2300 фут) AMSL</description><ExtendedData><Data name="Name"><value>UUP416</value></Data><Data name="Altitudes"><value>От земли до 700 м (2300 фут) AMSL</value></Data><Data name="Type"><value>запретная_зона</value></Data></ExtendedData><MultiGeometry><Polygon><outerBoundaryIs><LinearRing><coordinates>40.8294444001772,57.0196383999116 40.8302170411531,57.0196052775285 40.8309706378449,57.0195065471722 40.8316866849579,57.0193447562128 40.8323474856809,57.0191238726837 40.8329367805073,57.0188493343758 40.8334401065609,57.0185278529671 40.8338449772595,57.0181674141599 40.8341415111348,57.0177768368267 40.8343223420015,57.0173657731321 40.8343831579462,57.0169443656337 40.83432225217,57.0165229533405 40.8341413314717,57.0161118757289 40.8338447077649,57.0157213747234 40.8334397472348,57.0153609086024 40.8329364211811,57.0150394949197 40.8323471263548,57.0147649753381 40.8316864154633,57.014544113498 40.8309704581819,57.0143823498637 40.8302169513215,57.014283654588 40.8294444001772,57.014250478411 40.8286718490329,57.014283654588 40.8279183421725,57.0143823498637 40.8272023848911,57.014544113498 40.8265416739996,57.0147649753381 40.8259523791732,57.0150394949197 40.8254490531195,57.0153609086024 40.8250440925895,57.0157213747234 40.8247474688826,57.0161118757289 40.8245665481844,57.0165229533405 40.8245056424082,57.0169443656337 40.8245664583529,57.0173657731321 40.8247472892196,57.0177768368267 40.8250438230949,57.0181674141599 40.8254486937934,57.0185278529671 40.8259520198471,57.0188493343758 40.8265413146735,57.0191238726837 40.8272021153965,57.0193447562128 40.8279181625095,57.0195065471722 40.8286717592013,57.0196052775285 40.8294444001772,57.0196383999116</coordinates></LinearRing></outerBoundaryIs></Polygon></MultiGeometry></Placemark><Placemark><styleUrl>#4326_запретная_зона_map</styleUrl><name>UUP417</name><description>От земли до 450 м (1500 фут) AMSL</description><ExtendedData><Data name="Name"><value>UUP417</value></Data><Data name="Altitudes"><value>От земли до 450 м (1500 фут) AMSL</value></Data><Data name="Type"><value>запретная_зона</value></Data></ExtendedData><MultiGeometry><Polygon><outerBoundaryIs><LinearRing><coordinates>36.9675000368279,55.5738888815836 36.965277784478,55.5830555771446 36.9841666599572,55.5844444571462 36.986388912307,55.5744444476392 36.9675000368279,55.5738888815836</coordinates></LinearRing></outerBoundaryIs></Polygon></MultiGeometry></Placemark><Placemark><styleUrl>#4326_запретная_зона_map</styleUrl><name>UUP418</name><description>От земли до 300 м (1000 фут) AMSL</description><ExtendedData><Data name="Name"><value>UUP418</value></Data><Data name="Altitudes"><value>От земли до 300 м (1000 фут) AMSL</value></Data><Data name="Type"><value>запретная_зона</value></Data></ExtendedData><MultiGeometry><Polygon><outerBoundaryIs><LinearRing><coordinates>37.5566666736192,56.1181478409332 37.5591815970887,56.1180372344216 37.5616345368035,56.1177081731429 37.5639651259766,56.1171687313597 37.5661158724298,56.1164321996423 37.5680337755614,56.1155167848069 37.569671673819,56.1144449588113 37.5709891430146,56.1132432092803 37.5719539336298,56.1119410371941 37.5725422403094,56.1105706068753 37.5727395103457,56.1091655926264 37.5725410724995,56.1077606774645 37.5719517776731,56.1063903486619 37.5709861785742,56.105088445741 37.5696680805578,56.1038869550324 37.5680300026372,56.1028154564138 37.5661122791687,56.1019003689683 37.5639620717046,56.1011641462604 37.5616323808468,56.1006249234421 37.5591804292788,56.1002960138819 37.5566666736192,56.1001854562568 37.5541529179597,56.1002960138819 37.5517009663917,56.1006249234421 37.5493712755338,56.1011641462604 37.5472210680698,56.1019003689683 37.5453033446012,56.1028154564138 37.5436652666806,56.1038869550324 37.5423471686643,56.105088445741 37.5413815695653,56.1063903486619 37.540792274739,56.1077606774645 37.5405938368927,56.1091655926264 37.5407911069291,56.1105706068753 37.5413794136087,56.1119410371941 37.5423442042238,56.1132432092803 37.5436616734195,56.1144449588113 37.545299571677,56.1155167848069 37.5472174748086,56.1164321996423 37.5493682212619,56.1171687313597 37.551698810435,56.1177081731429 37.5541517501498,56.1180372344216 37.5566666736192,56.1181478409332</coordinates></LinearRing></outerBoundaryIs></Polygon></MultiGeometry></Placemark><Placemark><styleUrl>#4326_запретная_зона_map</styleUrl><name>UUP419</name><description>От земли до 300 м (1000 фут) AMSL</description><ExtendedData><Data name="Name"><value>UUP419</value></Data><Data name="Altitudes"><value>От земли до 300 м (1000 фут) AMSL</value></Data><Data name="Type"><value>запретная_зона</value></Data></ExtendedData><MultiGeometry><Polygon><outerBoundaryIs><LinearRing><coordinates>37.5641667079263,55.2931491011526 37.5666291697832,55.2930384822785 37.5690309953583,55.2927093405996 37.5713129856746,55.2921698724321 37.5734189061951,55.2914332435127 37.5752968342966,55.2905176925349 37.5769005965733,55.2894457635095 37.5781906671528,55.2882437945458 37.5791353355056,55.286941509165 37.5797113352658,55.2855708384666 37.5799045628834,55.2841656658065 37.5797102572875,55.2827605457345 37.5791332693805,55.2813900376848 37.5781877925439,55.2800879366717 37.5768971829752,55.2788862984316 37.5752932410354,55.2778146692615 37.5734154925971,55.2768994181341 37.5713101110657,55.2761631199398 37.5690289292332,55.2756238361453 37.5666280918048,55.2752948571107 37.5641667079263,55.2751842908221 37.5617053240478,55.2752948571107 37.5593044866195,55.2756238361453 37.557023304787,55.2761631199398 37.5549179232556,55.2768994181341 37.5530401748172,55.2778146692615 37.5514362328774,55.2788862984316 37.5501456233087,55.2800879366717 37.5492001464722,55.2813900376848 37.5486231585652,55.2827605457345 37.5484288529693,55.2841656658065 37.5486220805869,55.2855708384666 37.5491980803471,55.286941509165 37.5501427486998,55.2882437945458 37.5514328192794,55.2894457635095 37.5530365815561,55.2905176925349 37.5549145096576,55.2914332435127 37.5570204301781,55.2921698724321 37.5593024204944,55.2927093405996 37.5617042460695,55.2930384822785 37.5641667079263,55.2931491011526</coordinates></LinearRing></outerBoundaryIs></Polygon></MultiGeometry></Placemark><Placemark><styleUrl>#4326_запретная_зона_map</styleUrl><name>UUP420</name><description>От земли до 300 м (1000 фут) AMSL</description><ExtendedData><Data name="Name"><value>UUP420</value></Data><Data name="Altitudes"><value>От земли до 300 м (1000 фут) AMSL</value></Data><Data name="Type"><value>запретная_зона</value></Data></ExtendedData><MultiGeometry><Polygon><outerBoundaryIs><LinearRing><coordinates>37.9277777854794,55.8625927091082 37.9302761799476,55.8624820732013 37.9327130398188,55.8621529926564 37.9350282678006,55.861613545081 37.9371648208723,55.8608770086595 37.93907014759,55.8599615095527 37.9406972660641,55.8588896695648 37.942006111433,55.8576878497684 37.9429646138412,55.8563856467178 37.9435489679335,55.8550151358927 37.9437449803285,55.8536101148486 37.9435478001236,55.8522050933196 37.942962368053,55.8508347376228 37.9420031469926,55.8495327587462 37.9406937626345,55.8483312042119 37.9390664644973,55.8472596990245 37.9371613174427,55.8463445347052 37.9350252135286,55.8456082635422 37.9327107940306,55.8450690401441 37.9302750121377,55.8447401147314 37.9277777854794,55.8446295288542 37.9252805588211,55.8447401147314 37.9228447769282,55.8450690401441 37.9205303574302,55.8456082635422 37.9183942535161,55.8463445347052 37.9164891064615,55.8472596990245 37.9148618083243,55.8483312042119 37.9135524239662,55.8495327587462 37.9125932029058,55.8508347376228 37.9120077708352,55.8522050933196 37.9118105906303,55.8536101148486 37.9120066030253,55.8550151358927 37.9125909571176,55.8563856467178 37.9135494595258,55.8576878497684 37.9148583048947,55.8588896695648 37.9164854233688,55.8599615095527 37.9183907500865,55.8608770086595 37.9205273031582,55.861613545081 37.92284253114,55.8621529926564 37.9252793910112,55.8624820732013 37.9277777854794,55.8625927091082</coordinates></LinearRing></outerBoundaryIs></Polygon></MultiGeometry></Placemark><Placemark><styleUrl>#4326_запретная_зона_map</styleUrl><name>UUP421</name><description>От земли до 450 м (1500 фут) AMSL</description><ExtendedData><Data name="Name"><value>UUP421</value></Data><Data name="Altitudes"><value>От земли до 450 м (1500 фут) AMSL</value></Data><Data name="Type"><value>запретная_зона</value></Data></ExtendedData><MultiGeometry><Polygon><outerBoundaryIs><LinearRing><coordinates>33.0672222246854,57.2091280887734 33.0692931109099,57.2090396623093 33.0713130626578,57.2087764290181 33.0732321335992,57.2083449660791 33.0750031621819,57.2077558947297 33.0765825801144,57.2070236859707 33.077931310682,57.2061664177065 33.0790163857137,57.2052051907328 33.079810855751,57.2041636909592 33.0802953171837,57.2030675077663 33.0804579122501,57.2019437446895 33.0802945985315,57.2008199472735 33.079809328615,57.1997239082049 33.079014229757,57.1986825457527 33.0779288852307,57.1977215132456 33.0765799750001,57.1968644669828 33.0750007367306,57.1961324802203 33.0732300674741,57.1955435545756 33.0713115355218,57.1951122777164 33.0692923024261,57.1948491885469 33.0672222246854,57.1947607277436 33.0651521469447,57.1948491885469 33.0631329138491,57.1951122777164 33.0612143818968,57.1955435545756 33.0594437126402,57.1961324802203 33.0578644743707,57.1968644669828 33.0565155641401,57.1977215132456 33.0554302196138,57.1986825457527 33.0546351207559,57.1997239082049 33.0541498508394,57.2008199472735 33.0539865371207,57.2019437446895 33.0541491321872,57.2030675077663 33.0546335936199,57.2041636909592 33.0554280636572,57.2052051907328 33.0565131386888,57.2061664177065 33.0578618692564,57.2070236859707 33.059441287189,57.2077558947297 33.0612123157716,57.2083449660791 33.0631313867131,57.2087764290181 33.0651513384609,57.2090396623093 33.0672222246854,57.2091280887734</coordinates></LinearRing></outerBoundaryIs></Polygon></MultiGeometry></Placemark><Placemark><styleUrl>#4326_запретная_зона_map</styleUrl><name>UUP422</name><description>От земли до 900 м (3000 фут) AMSL

Не распространяется на воздушные суда Минобороны России</description><ExtendedData><Data name="Name"><value>UUP422</value></Data><Data name="Altitudes"><value>От земли до 900 м (3000 фут) AMSL

Не распространяется на воздушные суда Минобороны России</value></Data><Data name="Type"><value>запретная_зона</value></Data></ExtendedData><MultiGeometry><Polygon><outerBoundaryIs><LinearRing><coordinates>36.4497222461709,55.9786110959262 36.4561111543031,55.9783333209783 36.4733332956041,55.9736110922167 36.4797222037363,55.9630555359736 36.484166708436,55.9372222168217 36.4483333609101,55.9311110987318 36.4433333380387,55.9694444220489 36.4497222461709,55.9786110959262</coordinates></LinearRing></outerBoundaryIs></Polygon></MultiGeometry></Placemark><Placemark><styleUrl>#4326_запретная_зона_map</styleUrl><name>UUP423</name><description>От земли до 900 м (3000 фут) AMSL

Не распространяется на воздушные суда Минобороны России</description><ExtendedData><Data name="Name"><value>UUP423</value></Data><Data name="Altitudes"><value>От земли до 900 м (3000 фут) AMSL

Не распространяется на воздушные суда Минобороны России</value></Data><Data name="Type"><value>запретная_зона</value></Data></ExtendedData><MultiGeometry><Polygon><outerBoundaryIs><LinearRing><coordinates>36.7799999876338,55.3186111346701 36.778611102373,55.3302777982947 36.7922221958949,55.3363888725209 36.8258332910709,55.3374999776327 36.8269444172459,55.3183333307842 36.7799999876338,55.3186111346701</coordinates></LinearRing></outerBoundaryIs></Polygon></MultiGeometry></Placemark><Placemark><styleUrl>#4326_запретная_зона_map</styleUrl><name>UUP424</name><description>От земли до 450 м (1500 фут) AMSL</description><ExtendedData><Data name="Name"><value>UUP424</value></Data><Data name="Altitudes"><value>От земли до 450 м (1500 фут) AMSL</value></Data><Data name="Type"><value>запретная_зона</value></Data></ExtendedData><MultiGeometry><Polygon><outerBoundaryIs><LinearRing><coordinates>37.6480555214077,55.9142129490177 37.6493063356093,55.9141576544933 37.6505264274282,55.9139931326343 37.6516856134709,55.9137234686413 37.6527554171427,55.9133552191099 37.6537094279744,55.9128975131937 37.6545241101056,55.9123616493176 37.6551796107684,55.9117607928219 37.6556595806247,55.9111097240573 37.6559523415758,55.9104244855346 37.6560506172679,55.9097219785474 37.6559520720812,55.9090194587794 37.6556590416356,55.9083342840803 37.6551788921162,55.9076832584591 37.6545233016219,55.907082480543 37.6537084398276,55.9065466873476 37.6527545188274,55.9060890521068 37.6516848948186,55.9057208811492 37.6505258884391,55.9054512603064 37.6493060661148,55.9052867518115 37.6480555214077,55.9052314949666 37.6468049767007,55.9052867518115 37.6455851543764,55.9054512603064 37.6444261479968,55.9057208811492 37.643356523988,55.9060890521068 37.6424026029878,55.9065466873476 37.6415877411936,55.907082480543 37.6409321506992,55.9076832584591 37.6404520011799,55.9083342840803 37.6401589707342,55.9090194587794 37.6400604255475,55.9097219785474 37.6401587012396,55.9104244855346 37.6404514621907,55.9111097240573 37.640931432047,55.9117607928219 37.6415869327098,55.9123616493176 37.642401614841,55.9128975131937 37.6433556256727,55.9133552191099 37.6444254293446,55.9137234686413 37.6455846153872,55.9139931326343 37.6468047072061,55.9141576544933 37.6480555214077,55.9142129490177</coordinates></LinearRing></outerBoundaryIs></Polygon></MultiGeometry></Placemark><Placemark><styleUrl>#4326_запретная_зона_map</styleUrl><name>UUP425</name><description>От земли до 450 м (1500 фут) AMSL

Не распространяется на полеты воздушных судов по МВЛ и полеты воздушных судов, выполняющих литерные рейсы.</description><ExtendedData><Data name="Name"><value>UUP425</value></Data><Data name="Altitudes"><value>От земли до 450 м (1500 фут) AMSL

Не распространяется на полеты воздушных судов по МВЛ и полеты воздушных судов, выполняющих литерные рейсы.</value></Data><Data name="Type"><value>запретная_зона</value></Data></ExtendedData><MultiGeometry><Polygon><outerBoundaryIs><LinearRing><coordinates>37.0486110797877,55.6144458165399 37.0560588321453,55.6141138663079 37.0633227891957,55.6131261337083 37.0702237370399,55.6115070259244 37.0765916245944,55.6092964316865 37.0822694263477,55.6065489678747 37.0871171847784,55.6033323132197 37.0910156934484,55.5997258482553 37.0938691021169,55.5958183797601 37.0956073421917,55.5917062705929 37.0961881030229,55.5874908039791 37.0955972810605,55.5832757476316 37.0938498781698,55.5791649137656 37.0909892829791,55.5752595112557 37.0870861929011,55.5716555444729 37.0822368175029,55.5684417684224 37.0765606327171,55.5656971323414 37.070197416402,55.5634891380206 37.0633035652486,55.5618720453398 37.0560487710141,55.5608855880146 37.0486110797877,55.5605540989643 37.0411733885613,55.5608855880146 37.0339185943267,55.5618720453398 37.0270247431734,55.5634891380206 37.0206615268583,55.5656971323414 37.0149853420725,55.5684417684224 37.0101359666743,55.5716555444729 37.0062328765963,55.5752595112557 37.0033722814055,55.5791649137656 37.0016248785149,55.5832757476316 37.0010340565525,55.5874908039791 37.0016148173837,55.5917062705929 37.0033530574585,55.5958183797601 37.0062064661269,55.5997258482553 37.010104974797,55.6033323132197 37.0149527332277,55.6065489678747 37.020630534981,55.6092964316865 37.0269984225355,55.6115070259244 37.0338993703797,55.6131261337083 37.0411633274301,55.6141138663079 37.0486110797877,55.6144458165399</coordinates></LinearRing></outerBoundaryIs></Polygon></MultiGeometry></Placemark><Placemark><styleUrl>#4326_запретная_зона_map</styleUrl><name>UUP426</name><description>От земли до 500 м (1600 фут) AGL

Не распространяется на воздушные суда Министерства обороны Российской Федерации. Разрешаются полеты воздушных судов экспериментальной авиации с/на аэродрома Луховицы.</description><ExtendedData><Data name="Name"><value>UUP426</value></Data><Data name="Altitudes"><value>От земли до 500 м (1600 фут) AGL

Не распространяется на воздушные суда Министерства обороны Российской Федерации. Разрешаются полеты воздушных судов экспериментальной авиации с/на аэродрома Луховицы.</value></Data><Data name="Type"><value>запретная_зона</value></Data></ExtendedData><MultiGeometry><Polygon><outerBoundaryIs><LinearRing><coordinates>38.9911110720089,55.0648160675373 38.9935595201473,55.0647054804909 38.9959476913301,55.0643763468783 38.9982165662432,55.0638368072792 39.0003105391705,55.0631001550825 39.0021777773201,55.0621845797115 39.0037723767809,55.0611126007584 39.0050550811751,55.0599106053598 39.0059943596362,55.0586082308882 39.0065671254613,55.0572375412387 39.0067592751006,55.0558323575194 39.006566047483,55.0544271242615 39.005992293511,55.0530566002487 39.0050522963977,55.0517544659608 39.0037690530144,55.0505527556409 39.0021742738905,55.0494810827216 39.0003071255724,55.0485658133859 38.9982137814658,55.047829446263 38.9959456252049,55.0472901468437 38.9935584421689,55.0469611788686 38.9911110720089,55.0468505938535 38.9886637018488,55.0469611788686 38.9862765188128,55.0472901468437 38.9840083625519,55.047829446263 38.9819150184453,55.0485658133859 38.9800478701273,55.0494810827216 38.9784530910034,55.0505527556409 38.97716984762,55.0517544659608 38.9762298505067,55.0530566002487 38.9756560965348,55.0544271242615 38.9754628689172,55.0558323575194 38.9756550185564,55.0572375412387 38.9762277843816,55.0586082308882 38.9771670628427,55.0599106053598 38.9784497672369,55.0611126007584 38.9800443666977,55.0621845797115 38.9819116048473,55.0631001550825 38.9840055777746,55.0638368072792 38.9862744526877,55.0643763468783 38.9886626238705,55.0647054804909 38.9911110720089,55.0648160675373</coordinates></LinearRing></outerBoundaryIs></Polygon></MultiGeometry></Placemark><Placemark><styleUrl>#4326_запретная_зона_map</styleUrl><name>UUP427</name><description>От земли до 500 м (1600 фут) AMSL</description><ExtendedData><Data name="Name"><value>UUP427</value></Data><Data name="Altitudes"><value>От земли до 500 м (1600 фут) AMSL</value></Data><Data name="Type"><value>запретная_зона</value></Data></ExtendedData><MultiGeometry><Polygon><outerBoundaryIs><LinearRing><coordinates>33.8591666485394,57.7992564882371 33.861797364849,57.7991459363697 33.8643633126265,57.7988169646151 33.8668012504761,57.7982776727236 33.8690509912736,57.7975413372539 33.8710571987977,57.7966261249131 33.8727705555391,57.7955546143297 33.874148750848,57.7943531260992 33.8751579182382,57.7930513406161 33.8757731743762,57.7916812441927 33.875979517397,57.7902766504789 33.8757719167348,57.7888720978466 33.8751554029554,57.7875021780087 33.8741453372499,57.7862005762797 33.8727666029518,57.7849994471739 33.8710530665474,57.783928261809 33.8690470386864,57.7830133746743 33.866797836878,57.7822773983321 33.8643608871753,57.7817383381694 33.8617961072076,57.7814094950268 33.8591666485394,57.7812989842457 33.8565371898713,57.7814094950268 33.8539724099036,57.7817383381694 33.8515354602008,57.7822773983321 33.8492862583924,57.7830133746743 33.8472802305315,57.783928261809 33.845566694127,57.7849994471739 33.844187959829,57.7862005762797 33.8431778941235,57.7875021780087 33.842561380344,57.7888720978466 33.8423537796818,57.7902766504789 33.8425601227026,57.7916812441927 33.8431753788407,57.7930513406161 33.8441845462309,57.7943531260992 33.8455627415398,57.7955546143297 33.8472760982812,57.7966261249131 33.8492823058052,57.7975413372539 33.8515320466027,57.7982776727236 33.8539699844523,57.7988169646151 33.8565359322299,57.7991459363697 33.8591666485394,57.7992564882371</coordinates></LinearRing></outerBoundaryIs></Polygon></MultiGeometry></Placemark><Placemark><styleUrl>#4326_запретная_зона_map</styleUrl><name>UUP428</name><description>От земли до 500 м (1600 фут) AMSL

Не распространяется на воздушные суда, выполняющие полеты в интересах ФСО России.</description><ExtendedData><Data name="Name"><value>UUP428</value></Data><Data name="Altitudes"><value>От земли до 500 м (1600 фут) AMSL

Не распространяется на воздушные суда, выполняющие полеты в интересах ФСО России.</value></Data><Data name="Type"><value>запретная_зона</value></Data></ExtendedData><MultiGeometry><Polygon><outerBoundaryIs><LinearRing><coordinates>37.0436111467478,55.0767604968583 37.0460603135384,55.0766498914235 37.0484492033735,55.0763207533965 37.0507187969388,55.0757812209132 37.0528133088553,55.0750445833719 37.054681085994,55.0741290247359 37.056276224444,55.0730570062938 37.0575593779959,55.0718550618987 37.0584989259515,55.0705526653953 37.0590717816082,55.0691820257049 37.059264021079,55.0677767475952 37.0590707036299,55.0663715745791 37.0584968598264,55.0650010488197 37.057556503387,55.063698892258 37.0562729006775,55.0624971811009 37.0546775825644,55.061425519917 37.0528099850887,55.0605102669987 37.0507159223299,55.0597739142428 37.0484471372483,55.0592346217052 37.0460592355601,55.0589055975948 37.0436111467478,55.0587950457091 37.0411630579355,55.0589055975948 37.0387751562473,55.0592346217052 37.0365063711657,55.0597739142428 37.0344123084069,55.0605102669987 37.0325447109312,55.061425519917 37.0309493928182,55.0624971811009 37.0296657901087,55.063698892258 37.0287254336693,55.0650010488197 37.0281515898658,55.0663715745791 37.0279582724166,55.0677767475952 37.0281505118874,55.0691820257049 37.0287233675441,55.0705526653953 37.0296629154998,55.0718550618987 37.0309460690516,55.0730570062938 37.0325412075016,55.0741290247359 37.0344089846404,55.0750445833719 37.0365034965568,55.0757812209132 37.0387730901221,55.0763207533965 37.0411619799572,55.0766498914235 37.0436111467478,55.0767604968583</coordinates></LinearRing></outerBoundaryIs></Polygon></MultiGeometry></Placemark><Placemark><styleUrl>#4326_запретная_зона_map</styleUrl><name>UUP429</name><description>От земли до 600 м (2000 фут) AGL

Не распространяется на воздушные суда Министерства обороны Российской Федерации.</description><ExtendedData><Data name="Name"><value>UUP429</value></Data><Data name="Altitudes"><value>От земли до 600 м (2000 фут) AGL

Не распространяется на воздушные суда Министерства обороны Российской Федерации.</value></Data><Data name="Type"><value>запретная_зона</value></Data></ExtendedData><MultiGeometry><Polygon><outerBoundaryIs><LinearRing><coordinates>37.0275000417902,56.4131474193656 37.0300343688697,56.4130368193267 37.0325062630371,56.4127077561584 37.0348548185159,56.412168341345 37.0370221838019,56.411431862396 37.0389549091356,56.4105164851147 37.0406054736387,56.4094447071387 37.0419331836286,56.4082430108192 37.0429053404291,56.406940918467 37.0434981386851,56.4055704956463 37.0436969358574,56.4041656051771 37.0434969708752,56.402760712447 37.0429030946409,56.4013904871733 37.0419300395251,56.4000886077327 37.040601790546,56.3988872125507 37.0389511362115,56.3978157533258 37.0370185905407,56.3969006948065 37.0348517642439,56.3961645169872 37.0325040172488,56.3956253150828 37.0300332010599,56.3952964494712 37.0275000417902,56.3951858969761 37.0249668825205,56.3952964494712 37.0224960663315,56.3956253150828 37.0201483193365,56.3961645169872 37.0179814930397,56.3969006948065 37.0160489473689,56.3978157533258 37.0143982930344,56.3988872125507 37.0130700440553,56.4000886077327 37.0120969889395,56.4013904871733 37.0115031127052,56.402760712447 37.0113031477229,56.4041656051771 37.0115019448953,56.4055704956463 37.0120947431513,56.406940918467 37.0130668999518,56.4082430108192 37.0143946099417,56.4094447071387 37.0160451744447,56.4105164851147 37.0179778997785,56.411431862396 37.0201452650645,56.412168341345 37.0224938205433,56.4127077561584 37.0249657147106,56.4130368193267 37.0275000417902,56.4131474193656</coordinates></LinearRing></outerBoundaryIs></Polygon></MultiGeometry></Placemark><Placemark><styleUrl>#4326_запретная_зона_map</styleUrl><name>UUP430</name><description>От земли до 600 м (2000 фут) AGL

Не распространяется на воздушные суда Министерства обороны Российской Федерации.</description><ExtendedData><Data name="Name"><value>UUP430</value></Data><Data name="Altitudes"><value>От земли до 600 м (2000 фут) AGL

Не распространяется на воздушные суда Министерства обороны Российской Федерации.</value></Data><Data name="Type"><value>запретная_зона</value></Data></ExtendedData><MultiGeometry><Polygon><outerBoundaryIs><LinearRing><coordinates>37.0186111222223,56.3614808151697 37.0211420357038,56.3613702139664 37.0236106061045,56.3610411510419 37.0259559276483,56.3605017489559 37.0281204183254,56.359765263492 37.0300505385449,56.3588498353814 37.0316987674282,56.3577780927032 37.0330246807875,56.3565763544655 37.0339955799466,56.3552742331184 37.0345875697188,56.353903837958 37.0347861872281,56.3524989283474 37.034586401909,56.3510940166436 37.0339933341584,56.349723769921 37.0330216265156,56.3484219124288 37.031695174167,56.3472204767065 37.0300466757891,56.3461490543091 37.0281167352327,56.3452339464611 37.0259528733763,56.3444977635123 37.0236083603163,56.3439585754071 37.0211408678939,56.3436296609185 37.0186111222223,56.3435191573836 37.0160813765507,56.3436296609185 37.0136138841283,56.3439585754071 37.0112693710682,56.3444977635123 37.0091055092119,56.3452339464611 37.0071755686555,56.3461490543091 37.0055270702776,56.3472204767065 37.004200617929,56.3484219124288 37.0032289102862,56.349723769921 37.0026358425356,56.3510940166436 37.0024360572164,56.3524989283474 37.0026346747258,56.353903837958 37.003226664498,56.3552742331184 37.0041975636571,56.3565763544655 37.0055234770164,56.3577780927032 37.0071717058997,56.3588498353814 37.0091018261192,56.359765263492 37.0112663167963,56.3605017489559 37.0136116383401,56.3610411510419 37.0160802087408,56.3613702139664 37.0186111222223,56.3614808151697</coordinates></LinearRing></outerBoundaryIs></Polygon></MultiGeometry></Placemark><Placemark><styleUrl>#4326_запретная_зона_map</styleUrl><name>UUP431</name><description>От земли до 350 м (1200 фут) AMSL

Не распространяется на воздушные суда Министерства обороны Российской Федерации</description><ExtendedData><Data name="Name"><value>UUP431</value></Data><Data name="Altitudes"><value>От земли до 350 м (1200 фут) AMSL

Не распространяется на воздушные суда Министерства обороны Российской Федерации</value></Data><Data name="Type"><value>запретная_зона</value></Data></ExtendedData><MultiGeometry><Polygon><outerBoundaryIs><LinearRing><coordinates>36.4983333201296,56.1441666735528 36.4925000200007,56.1461111011968 36.5041667100901,56.156666646901 36.5130555398265,56.1536111139083 36.5122222625689,56.1511111058505 36.5072222396975,56.1466666839565 36.4983333201296,56.1441666735528</coordinates></LinearRing></outerBoundaryIs></Polygon></MultiGeometry></Placemark><Placemark><styleUrl>#4326_запретная_зона_map</styleUrl><name>UUP432</name><description>От земли до 500 м (1600 фут) AGL

Не распространяется на воздушные суда Министерства обороны Российской Федерации</description><ExtendedData><Data name="Name"><value>UUP432</value></Data><Data name="Altitudes"><value>От земли до 500 м (1600 фут) AGL

Не распространяется на воздушные суда Министерства обороны Российской Федерации</value></Data><Data name="Type"><value>запретная_зона</value></Data></ExtendedData><MultiGeometry><Polygon><outerBoundaryIs><LinearRing><coordinates>37.2883333405511,55.2522251933433 37.2957131802733,55.251893197407 37.3029109314873,55.2509054032264 37.309749087093,55.2492862397767 37.3160589434802,55.2470755562249 37.3216850022731,55.2443279126529 37.3264886534234,55.2411111033642 37.3303516786397,55.2375044247033 37.3331791259965,55.233596737413 37.3349016455538,55.229484373594 37.3354771063248,55.2252686817401 37.3348917640857,55.2210533628251 37.3331604410386,55.2169423157811 37.3303258969911,55.2130366571054 37.3264582903668,55.2094324552664 37.3216531120805,55.206218461723 37.3160286702551,55.2034736338709 37.3097233054444,55.2012654784817 37.3028922465293,55.1996482923209 37.2957032988051,55.1986617635254 37.2883333405511,55.1983302432345 37.2809633822972,55.1986617635254 37.273774434573,55.1996482923209 37.2669433756579,55.2012654784817 37.2606380108472,55.2034736338709 37.2550135690218,55.206218461723 37.2502083907355,55.2094324552664 37.2463407841112,55.2130366571054 37.2435062400637,55.2169423157811 37.2417749170166,55.2210533628251 37.2411895747775,55.2252686817401 37.2417650355485,55.229484373594 37.2434875551058,55.233596737413 37.2463150024626,55.2375044247033 37.2501780276789,55.2411111033642 37.2549816788292,55.2443279126529 37.2606077376221,55.2470755562249 37.2669175940093,55.2492862397767 37.273755749615,55.2509054032264 37.280953500829,55.251893197407 37.2883333405511,55.2522251933433</coordinates></LinearRing></outerBoundaryIs></Polygon></MultiGeometry></Placemark><Placemark><styleUrl>#4326_запретная_зона_map</styleUrl><name>UUP433</name><description>От земли до 500 м (1600 фут) AMSL

Не распространяется на воздушные суда Министерства обороны Российской Федерации

Разрешаются полеты воздушных судов с/на аэродрома Ермолино.</description><ExtendedData><Data name="Name"><value>UUP433</value></Data><Data name="Altitudes"><value>От земли до 500 м (1600 фут) AMSL

Не распространяется на воздушные суда Министерства обороны Российской Федерации

Разрешаются полеты воздушных судов с/на аэродрома Ермолино.</value></Data><Data name="Type"><value>запретная_зона</value></Data></ExtendedData><MultiGeometry><Polygon><outerBoundaryIs><LinearRing><coordinates>36.2536111263263,54.9870383730997 36.2560548133937,54.9869277769212 36.258438313337,54.9865986210468 36.2607028763368,54.9860591136214 36.2627928068453,54.9853224706947 36.2646563619022,54.9844068655664 36.2662479070911,54.9833348618154 36.267528186034,54.9821328464491 36.2684656678645,54.9808304630427 36.2690372658798,54.9794597864134 36.2692290561929,54.9780545486661 36.2690361879014,54.9766493131879 36.2684636017393,54.9752787515398 36.2675254012566,54.9739766098603 36.2662445833245,54.9727748814806 36.2646529483041,54.9717031858563 36.2627894830787,54.9707878888529 36.2607000915594,54.9700515329154 36.2584363370434,54.9695122155495 36.2560537354153,54.9691832263173 36.2536111263263,54.9690726840875 36.2511685172372,54.9691832263173 36.2487859156092,54.9695122155495 36.2465221610932,54.9700515329154 36.2444327695739,54.9707878888529 36.2425693043485,54.9717031858563 36.2409776693281,54.9727748814806 36.239696851396,54.9739766098603 36.2387586509132,54.9752787515398 36.2381860647511,54.9766493131879 36.2379931964596,54.9780545486661 36.2381849867728,54.9794597864134 36.2387565847881,54.9808304630427 36.2396940666186,54.9821328464491 36.2409743455615,54.9833348618154 36.2425658907504,54.9844068655664 36.2444294458073,54.9853224706947 36.2465193763158,54.9860591136214 36.2487839393155,54.9865986210468 36.2511674392589,54.9869277769212 36.2536111263263,54.9870383730997</coordinates></LinearRing></outerBoundaryIs></Polygon></MultiGeometry></Placemark><Placemark><styleUrl>#4326_запретная_зона_map</styleUrl><name>UUP434</name><description>От земли до 250 м (900 фут) AMSL</description><ExtendedData><Data name="Name"><value>UUP434</value></Data><Data name="Altitudes"><value>От земли до 250 м (900 фут) AMSL</value></Data><Data name="Type"><value>запретная_зона</value></Data></ExtendedData><MultiGeometry><Polygon><outerBoundaryIs><LinearRing><coordinates>39.7763889184764,57.5685137349414 39.78161711343,57.5682925648182 39.7867163103087,57.5676344043664 39.791560924636,57.5665554973944 39.7960314804789,57.5650825017524 39.8000177545522,57.5632517214225 39.8034216508268,57.5611082431751 39.8061593564867,57.5587049289733 39.808163408054,57.5561009738162 39.8093848473458,57.5533605594373 39.8097935808001,57.5505511687692 39.8093797269487,57.5477419952659 39.8081537960805,57.5450021570777 39.8061460614205,57.5423991989281 39.8034060201408,57.5399971090143 39.8000013153825,57.5378549621008 39.796015849793,57.5360255131198 39.7915476295698,57.5345537417609 39.7867066983352,57.5334758317777 39.7816119930328,57.5328182958075 39.7763889184764,57.5325973428821 39.7711658439199,57.5328182958075 39.7660711386176,57.5334758317777 39.761230207383,57.5345537417609 39.7567619871598,57.5360255131198 39.7527765215702,57.5378549621008 39.7493718168119,57.5399971090143 39.7466317755323,57.5423991989281 39.7446240408723,57.5450021570777 39.743398110004,57.5477419952659 39.7429842561526,57.5505511687692 39.7433929896069,57.5533605594373 39.7446144288987,57.5561009738162 39.7466184804661,57.5587049289733 39.749356186126,57.5611082431751 39.7527600824005,57.5632517214225 39.7567463564738,57.5650825017524 39.7612169123168,57.5665554973944 39.766061526644,57.5676344043664 39.7711607235228,57.5682925648182 39.7763889184764,57.5685137349414</coordinates></LinearRing></outerBoundaryIs></Polygon></MultiGeometry></Placemark><Placemark><styleUrl>#4326_запретная_зона_map</styleUrl><name>UUP435</name><description>От земли до 2000 м (6600 фут) AMSL</description><ExtendedData><Data name="Name"><value>UUP435</value></Data><Data name="Altitudes"><value>От земли до 2000 м (6600 фут) AMSL</value></Data><Data name="Type"><value>запретная_зона</value></Data></ExtendedData><MultiGeometry><Polygon><outerBoundaryIs><LinearRing><coordinates>39.7480555154261,52.5469596443283 39.7549734414291,52.5466275013108 39.7617207773596,52.5456393266694 39.7681310653956,52.5440195021289 39.7740461122154,52.5418079396378 39.779320390743,52.5390592134007 39.7838237350939,52.5358410915673 39.7874453829933,52.5322328498501 39.7900964012283,52.5283235302749 39.7917115721091,52.5242093769183 39.7922515494264,52.5199917075063 39.791703217777,52.5157745079765 39.7900805010478,52.5116615301149 39.7874235539319,52.5077539880409 39.7837979534452,52.5041480318394 39.7792932616215,52.500932437266 39.7740204203983,52.4981862382841 39.7681091465026,52.4959769613209 39.7617048771791,52.4943589690945 39.7549650870969,52.493371915108 39.7480555154261,52.4930402419863 39.7411459437552,52.493371915108 39.7344061536731,52.4943589690945 39.7280018843495,52.4959769613209 39.7220906104539,52.4981862382841 39.7168177692307,52.500932437266 39.7123130774069,52.5041480318394 39.7086874769202,52.5077539880409 39.7060305298044,52.5116615301149 39.7044078130752,52.5157745079765 39.7038594814257,52.5199917075063 39.704399458743,52.5242093769183 39.7060146296239,52.5283235302749 39.7086656478588,52.5322328498501 39.7122872957583,52.5358410915673 39.7167906401091,52.5390592134007 39.7220649186368,52.5418079396378 39.7279799654566,52.5440195021289 39.7343902534925,52.5456393266694 39.7411375894231,52.5466275013108 39.7480555154261,52.5469596443283</coordinates></LinearRing></outerBoundaryIs></Polygon></MultiGeometry></Placemark><Placemark><styleUrl>#4326_запретная_зона_map</styleUrl><name>UUP436</name><description>От земли до 450 м (1600 фут) AMSL</description><ExtendedData><Data name="Name"><value>UUP436</value></Data><Data name="Altitudes"><value>От земли до 450 м (1600 фут) AMSL</value></Data><Data name="Type"><value>запретная_зона</value></Data></ExtendedData><MultiGeometry><Polygon><outerBoundaryIs><LinearRing><coordinates>41.9919444177197,55.5351863241578 41.9968996146584,55.5349650677426 42.001732550887,55.5343066913279 42.0063242894617,55.5332275271547 42.0105613731623,55.5317540853144 42.0143396872474,55.5299227012147 42.0175658967587,55.5277785727304 42.0201607702884,55.5253744921444 42.0220605274513,55.5227697308816 42.0232182761895,55.5200284650141 42.0236058992346,55.5172181486092 42.0232138744446,55.5144080384104 42.0220519934561,55.5116673089578 42.0201491820213,55.5090634205969 42.0175522423664,55.5066604856715 42.0143252243713,55.5045176331424 42.01054771877,55.5026875249749 42.006312611363,55.5012152287962 42.0017241067233,55.5001369375399 41.996895123082,55.4994791484841 41.9919444177197,55.4992580982892 41.9869937123574,55.4994791484841 41.982164728716,55.5001369375399 41.9775762240763,55.5012152287962 41.9733411166693,55.5026875249749 41.9695636110681,55.5045176331424 41.9663365930729,55.5066604856715 41.9637396534181,55.5090634205969 41.9618368419832,55.5116673089578 41.9606749609947,55.5144080384104 41.9602829362048,55.5172181486092 41.9606705592499,55.5200284650141 41.961828307988,55.5227697308816 41.9637280651509,55.5253744921444 41.9663229386806,55.5277785727304 41.969549148192,55.5299227012147 41.973327462277,55.5317540853144 41.9775645459776,55.5332275271547 41.9821562845524,55.5343066913279 41.9869892207809,55.5349650677426 41.9919444177197,55.5351863241578</coordinates></LinearRing></outerBoundaryIs></Polygon></MultiGeometry></Placemark><Placemark><styleUrl>#4326_запретная_зона_map</styleUrl><name>UUP437</name><description>От земли до 300 м (1000 фут) AMSL

Не распространяется на воздушные суда, выполняющие полеты (перелеты) с/на аэродром Черное</description><ExtendedData><Data name="Name"><value>UUP437</value></Data><Data name="Altitudes"><value>От земли до 300 м (1000 фут) AMSL

Не распространяется на воздушные суда, выполняющие полеты (перелеты) с/на аэродром Черное</value></Data><Data name="Type"><value>запретная_зона</value></Data></ExtendedData><MultiGeometry><Polygon><outerBoundaryIs><LinearRing><coordinates>38.0352777382255,55.7571853599134 38.037271099841,55.7570968634631 38.0392152337789,55.7568336017943 38.0410624394976,55.7564020554756 38.0427671724123,55.7558128570727 38.0442873913676,55.7550804878663 38.0455856366162,55.7542230253981 38.0466300179655,55.7532615364901 38.0473947537669,55.7522197742122 38.0478611590624,55.7511233681441 38.0480176455849,55.7499993184108 38.0478604404102,55.7488752868179 38.047393406294,55.7477789890216 38.0466281315034,55.7467373837198 38.045583390828,55.7457760642088 38.0442850557479,55.7449188017102 38.0427649266241,55.74418663247 38.0410605530355,55.743597603475 38.039213886306,55.7431662141357 38.0372702913572,55.7429030607396 38.0352777382255,55.742814582421 38.0332851850938,55.7429030607396 38.0313415901451,55.7431662141357 38.0294949234155,55.743597603475 38.027790549827,55.74418663247 38.0262704207032,55.7449188017102 38.0249720856231,55.7457760642088 38.0239273449476,55.7467373837198 38.0231620701571,55.7477789890216 38.0226950360409,55.7488752868179 38.0225378308661,55.7499993184108 38.0226943173886,55.7511233681441 38.0231607226841,55.7522197742122 38.0239254584855,55.7532615364901 38.0249698398348,55.7542230253981 38.0262680850834,55.7550804878663 38.0277883040388,55.7558128570727 38.0294930369534,55.7564020554756 38.0313402426722,55.7568336017943 38.0332843766101,55.7570968634631 38.0352777382255,55.7571853599134</coordinates></LinearRing></outerBoundaryIs></Polygon></MultiGeometry></Placemark><Placemark><styleUrl>#4326_запретная_зона_map</styleUrl><name>UUP438</name><description>От земли до 300 м (1000 фут) AMSL

Не распространяется на воздушные суда, выполняющие полеты (перелеты) с/на аэродром Черное</description><ExtendedData><Data name="Name"><value>UUP438</value></Data><Data name="Altitudes"><value>От земли до 300 м (1000 фут) AMSL

Не распространяется на воздушные суда, выполняющие полеты (перелеты) с/на аэродром Черное</value></Data><Data name="Type"><value>запретная_зона</value></Data></ExtendedData><MultiGeometry><Polygon><outerBoundaryIs><LinearRing><coordinates>38.1055555480165,55.7312223834242 38.1070495361655,55.7311560301022 38.1085067832194,55.730958591549 38.1098912667353,55.7306349320853 38.1111689405639,55.7301930577978 38.1123083636703,55.7296438127665 38.1132815086176,55.7290007274579 38.1140643005562,55.7282796137088 38.1146376053705,55.7274983117862 38.1149872296791,55.7266760318396 38.1151045496552,55.7258329994059 38.1149867805214,55.7249899486927 38.1146367968867,55.7241677170937 38.1140632225778,55.723386484639 38.1132802509762,55.7226655202614 38.1123070161974,55.7220225223293 38.1111676829225,55.7214733646761 38.109890188757,55.7210315890694 38.1085059747357,55.7207079990697 38.1070491768394,55.7205106595657 38.1055555480165,55.7204442879608 38.1040619191936,55.7205106595657 38.1026051212974,55.7207079990697 38.1012209072761,55.7210315890694 38.0999434131105,55.7214733646761 38.0988040798357,55.7220225223293 38.0978308450568,55.7226655202614 38.0970478734552,55.723386484639 38.0964742991463,55.7241677170937 38.0961243155116,55.7249899486927 38.0960065463779,55.7258329994059 38.096123866354,55.7266760318396 38.0964734906625,55.7274983117862 38.0970467954769,55.7282796137088 38.0978295874155,55.7290007274579 38.0988027323627,55.7296438127665 38.0999421554691,55.7301930577978 38.1012198292977,55.7306349320853 38.1026043128136,55.730958591549 38.1040615598675,55.7311560301022 38.1055555480165,55.7312223834242</coordinates></LinearRing></outerBoundaryIs></Polygon></MultiGeometry></Placemark><Placemark><styleUrl>#4326_запретная_зона_map</styleUrl><name>UUP439</name><description>От земли до 1700 м (5500 фут) AMSL

Не распространяется на воздушные суда Министерства обороны Российской Федерации</description><ExtendedData><Data name="Name"><value>UUP439</value></Data><Data name="Altitudes"><value>От земли до 1700 м (5500 фут) AMSL

Не распространяется на воздушные суда Министерства обороны Российской Федерации</value></Data><Data name="Type"><value>запретная_зона</value></Data></ExtendedData><MultiGeometry><Polygon><outerBoundaryIs><LinearRing><coordinates>37.383888844122,54.9067607218745 37.3863276802868,54.9066501106679 37.3887064191592,54.9063209667646 37.3909664905825,54.9057814630565 37.3930521990092,54.9050447904085 37.3949121608049,54.9041291586589 37.3965004720588,54.9030571767475 37.3977782357189,54.9018551294229 37.3987138310873,54.9005527198216 37.3992843511243,54.8991820354262 37.3994756922798,54.8977767725438 37.3992832731459,54.8963715121786 37.3987117649622,54.8950009437041 37.3977754509415,54.8936987774164 37.3964972381238,54.8924970190397 37.3949086573753,54.8914253474246 37.3930488752426,54.8905100259547 37.3909637058051,54.8897736422539 37.3887044428656,54.8892343300942 37.3863266023085,54.888905353883 37.383888844122,54.8887947451882 37.3814510859355,54.888905353883 37.3790732453784,54.8892343300942 37.3768139824388,54.8897736422539 37.3747288130013,54.8905100259547 37.3728690308686,54.8914253474246 37.3712804501202,54.8924970190397 37.3700022373024,54.8936987774164 37.3690659232818,54.8950009437041 37.368494415098,54.8963715121786 37.3683019959642,54.8977767725438 37.3684933371197,54.8991820354262 37.3690638571566,54.9005527198216 37.369999452525,54.9018551294229 37.3712772161852,54.9030571767475 37.372865527439,54.9041291586589 37.3747254892348,54.9050447904085 37.3768111976615,54.9057814630565 37.3790712690848,54.9063209667646 37.3814500079571,54.9066501106679 37.383888844122,54.9067607218745</coordinates></LinearRing></outerBoundaryIs></Polygon></MultiGeometry></Placemark><Placemark><styleUrl>#4326_запретная_зона_map</styleUrl><name>UUP440</name><description>От земли до 1000 м (3300 фут) AMSL

Не распространяется на воздушные суда Министерства обороны Российской Федерации</description><ExtendedData><Data name="Name"><value>UUP440</value></Data><Data name="Altitudes"><value>От земли до 1000 м (3300 фут) AMSL

Не распространяется на воздушные суда Министерства обороны Российской Федерации</value></Data><Data name="Type"><value>запретная_зона</value></Data></ExtendedData><MultiGeometry><Polygon><outerBoundaryIs><LinearRing><coordinates>34.9761111217306,55.5681020971905 34.9773509764857,55.5680468169836 34.9785602885212,55.5678822993679 34.9797092337696,55.5676125643168 34.980769605131,55.5672443289376 34.981715171799,55.5667866005033 34.9825227572394,55.5662506767745 34.9831724188529,55.5656497900315 34.9836482564589,55.564998700194 34.9839384122957,55.5643133897071 34.9840357896725,55.5636108601798 34.9839381428011,55.5629083180349 34.9836477174698,55.5622230727441 34.9831717002007,55.5615720276883 34.9825218589242,55.5609712218051 34.9817142734837,55.5604353711324 34.9807687068157,55.5599777157539 34.9797085151174,55.5596095612351 34.978559749532,55.5593399218733 34.9773507069911,55.5591754185478 34.9761111217306,55.5591201257241 34.97487153647,55.5591754185478 34.9736624939291,55.5593399218733 34.9725137283438,55.5596095612351 34.9714535366455,55.5599777157539 34.9705079699774,55.5604353711324 34.969700384537,55.5609712218051 34.9690505432604,55.5615720276883 34.9685745259914,55.5622230727441 34.96828410066,55.5629083180349 34.9681864537887,55.5636108601798 34.9682838311655,55.5643133897071 34.9685739870022,55.564998700194 34.9690498246082,55.5656497900315 34.9696994862217,55.5662506767745 34.9705070716621,55.5667866005033 34.9714526383302,55.5672443289376 34.9725130096916,55.5676125643168 34.9736619549399,55.5678822993679 34.9748712669754,55.5680468169836 34.9761111217306,55.5681020971905</coordinates></LinearRing></outerBoundaryIs></Polygon></MultiGeometry></Placemark><Placemark><styleUrl>#4326_запретная_зона_map</styleUrl><name>UUP441</name><description>От земли до 1000 м (3300 фут) AMSL

Не распространяется на воздушные суда Министерства обороны Российской Федерации</description><ExtendedData><Data name="Name"><value>UUP441</value></Data><Data name="Altitudes"><value>От земли до 1000 м (3300 фут) AMSL

Не распространяется на воздушные суда Министерства обороны Российской Федерации</value></Data><Data name="Type"><value>запретная_зона</value></Data></ExtendedData><MultiGeometry><Polygon><outerBoundaryIs><LinearRing><coordinates>34.9177777611149,55.6215284097176 34.9215022661144,55.6213624904812 34.9251350531233,55.6208687952486 34.9285864702765,55.6200595119613 34.9317714471163,55.618954548842 34.9346116505501,55.6175811808692 34.9370370119857,55.6159731884817 34.9389878832882,55.6141702507629 34.94041620459,55.6122168302158 34.9412869415949,55.610160904612 34.9415787143991,55.6080532574945 34.9412844263121,55.6059456491799 34.9404113536874,55.6038901053713 34.9389812357551,55.6019371368296 34.9370292864743,55.6001348733475 34.934603475881,55.5985275865805 34.9317637216049,55.5971549242475 34.9285798227434,55.5960506353689 34.9251302920523,55.5952418549427 34.9214997508316,55.5947484397934 34.9177777611149,55.5945826610782 34.9140557713982,55.5947484397934 34.9104252301774,55.5952418549427 34.9069756994864,55.5960506353689 34.9037918006249,55.5971549242475 34.9009520463487,55.5985275865805 34.8985262357555,55.6001348733475 34.8965742864746,55.6019371368296 34.8951441685423,55.6038901053713 34.8942710959177,55.6059456491799 34.8939768078306,55.6080532574945 34.8942685806349,55.610160904612 34.8951393176398,55.6122168302158 34.8965676389415,55.6141702507629 34.8985185102441,55.6159731884817 34.9009438716796,55.6175811808692 34.9037840751134,55.618954548842 34.9069690519533,55.6200595119613 34.9104204691064,55.6208687952486 34.9140532561154,55.6213624904812 34.9177777611149,55.6215284097176</coordinates></LinearRing></outerBoundaryIs></Polygon></MultiGeometry></Placemark><Placemark><styleUrl>#4326_запретная_зона_map</styleUrl><name>UUP442</name><description>От земли до 1700 м (5500 фут) AMSL

Не распространяется на воздушные суда Министерства обороны Российской Федерации</description><ExtendedData><Data name="Name"><value>UUP442</value></Data><Data name="Altitudes"><value>От земли до 1700 м (5500 фут) AMSL

Не распространяется на воздушные суда Министерства обороны Российской Федерации</value></Data><Data name="Type"><value>запретная_зона</value></Data></ExtendedData><MultiGeometry><Polygon><outerBoundaryIs><LinearRing><coordinates>43.8755555311535,55.7585198234373 43.8880140861658,55.7579662677598 43.9001647885304,55.7563193321743 43.9117075111106,55.7536197608891 43.92235739813,55.7499341117872 43.9318516923678,55.745353515918 43.9399564725242,55.7399909236748 43.9464722227745,55.7339788101916 43.9512391328297,55.7274653600883 43.9541404217028,55.7206112561903 43.9551057513071,55.7135853457523 43.9541122146029,55.7065607021667 43.9511854135757,55.699710218744 43.9463983812582,55.6932024438741 43.9398696054362,55.6871974554417 43.931760423535,55.6818427760913 43.9222706208735,55.6772700932254 43.9116336695943,55.6735915690681 43.9001111591079,55.6708976223265 43.8879858790659,55.6692543578809 43.8755555311535,55.6687020689973 43.863125183241,55.6692543578809 43.850999903199,55.6708976223265 43.8394773927126,55.6735915690681 43.8288404414334,55.6772700932254 43.8193506387719,55.6818427760913 43.8112414568707,55.6871974554417 43.8047126810487,55.6932024438741 43.7999256487312,55.699710218744 43.796998847704,55.7065607021667 43.7960053109998,55.7135853457523 43.7969706406041,55.7206112561903 43.7998719294772,55.7274653600883 43.8046388395324,55.7339788101916 43.8111545897827,55.7399909236748 43.8192593699391,55.745353515918 43.8287536641769,55.7499341117872 43.8394035511963,55.7536197608891 43.8509462737765,55.7563193321743 43.8630969761411,55.7579662677598 43.8755555311535,55.7585198234373</coordinates></LinearRing></outerBoundaryIs></Polygon></MultiGeometry></Placemark><Placemark><styleUrl>#4326_запретная_зона_map</styleUrl><name>UUP443</name><description>От земли до 500 м (1700 фут) AMSL

Не распространяется на воздушные суда Министерства обороны Российской Федерации</description><ExtendedData><Data name="Name"><value>UUP443</value></Data><Data name="Altitudes"><value>От земли до 500 м (1700 фут) AMSL

Не распространяется на воздушные суда Министерства обороны Российской Федерации</value></Data><Data name="Type"><value>запретная_зона</value></Data></ExtendedData><MultiGeometry><Polygon><outerBoundaryIs><LinearRing><coordinates>38.8049999979071,56.7278691662687 38.8075554353958,56.7277585975666 38.8100479908147,56.7274295562147 38.8124161295667,56.7268901354785 38.8146015509899,56.7261537096749 38.8165503561672,56.7252383920206 38.8182146648941,56.7241666408923 38.8195534241621,56.7229650144045 38.8205337556316,56.7216629866073 38.8211314946217,56.7202926524918 38.8213319087616,56.718887790654 38.8211302369803,56.7174830243143 38.8205314200119,56.7161128336601 38.8195502800586,56.7148110616568 38.8182109818015,56.7136096784223 38.8165464934115,56.7125382861569 38.8145978678972,56.711623277987 38.8124129854632,56.7108871448333 38.8100457450265,56.7103479798789 38.807554267586,56.7100190819884 38.8049999979071,56.7099085593964 38.8024457282282,56.7100190819884 38.7999542507877,56.7103479798789 38.797587010351,56.7108871448333 38.795402127917,56.711623277987 38.7934535024027,56.7125382861569 38.7917890140127,56.7136096784223 38.7904497157556,56.7148110616568 38.7894685758023,56.7161128336601 38.7888697588339,56.7174830243143 38.7886680870526,56.718887790654 38.7888685011925,56.7202926524918 38.7894662401826,56.7216629866073 38.7904465716521,56.7229650144045 38.7917853309201,56.7241666408923 38.7934496396469,56.7252383920206 38.7953984448243,56.7261537096749 38.7975838662475,56.7268901354785 38.7999520049995,56.7274295562147 38.8024445604184,56.7277585975666 38.8049999979071,56.7278691662687</coordinates></LinearRing></outerBoundaryIs></Polygon></MultiGeometry></Placemark><Placemark><styleUrl>#4326_запретная_зона_map</styleUrl><name>UUP444</name><description>От земли до 450 м (1600 фут) AMSL</description><ExtendedData><Data name="Name"><value>UUP444</value></Data><Data name="Altitudes"><value>От земли до 450 м (1600 фут) AMSL</value></Data><Data name="Type"><value>запретная_зона</value></Data></ExtendedData><MultiGeometry><Polygon><outerBoundaryIs><LinearRing><coordinates>37.9191666249974,55.804537216219 37.9216613363729,55.8044266167029 37.9240945131515,55.8040974977951 37.9264062377036,55.8035580504309 37.9285396466719,55.8028215221519 37.9304421886121,55.801906015755 37.932066881635,55.8008341870247 37.9333738405418,55.7996323354235 37.934330815814,55.7983301019393 37.9349143614225,55.7969596101983 37.935110104323,55.7955545566592 37.9349131936127,55.794149502819 37.9343286598573,55.7927791669822 37.9333708761014,55.7914771588462 37.9320633782053,55.7902756245718 37.9304385055194,55.7892040817116 37.9285362330738,55.7882889117795 37.9264032732632,55.787552650223 37.9240923571948,55.7870134282162 37.921660168563,55.7866844651975 37.9191666249974,55.7865739159895 37.9166730814317,55.7866844651975 37.9142408927999,55.7870134282162 37.9119299767315,55.787552650223 37.9097970169209,55.7882889117795 37.9078947444753,55.7892040817116 37.9062698717894,55.7902756245718 37.9049623738933,55.7914771588462 37.9040045901374,55.7927791669822 37.903420056382,55.794149502819 37.9032231456718,55.7955545566592 37.9034188885722,55.7969596101983 37.9040024341807,55.7983301019393 37.9049594094529,55.7996323354235 37.9062663683598,55.8008341870247 37.9078910613826,55.801906015755 37.9097936033229,55.8028215221519 37.9119270122911,55.8035580504309 37.9142387368433,55.8040974977951 37.9166719136218,55.8044266167029 37.9191666249974,55.804537216219</coordinates></LinearRing></outerBoundaryIs></Polygon></MultiGeometry></Placemark><Placemark><styleUrl>#4326_запретная_зона_map</styleUrl><name>UUP445</name><description>От земли до 300 м (700 фут) AMSL</description><ExtendedData><Data name="Name"><value>UUP445</value></Data><Data name="Altitudes"><value>От земли до 300 м (700 фут) AMSL</value></Data><Data name="Type"><value>запретная_зона</value></Data></ExtendedData><MultiGeometry><Polygon><outerBoundaryIs><LinearRing><coordinates>37.9936110905707,55.8067130179224 37.9948584911742,55.8066577213075 37.996075169395,55.8064931969696 37.9972311215026,55.8062234908939 37.998297960734,55.8058552791194 37.9992493664515,55.8053975644434 38.0000618926259,55.8048616767482 38.0007155068267,55.8042607674319 38.0011942190416,55.8036097085835 38.0014861715089,55.8029244861758 38.0015841777064,55.8022219473425 38.0014859020143,55.801519446377 38.0011936800524,55.8008342376239 38.0007147881744,55.8001832224318 38.0000609943107,55.7995823924006 37.9992484681362,55.7990465761252 37.9982971522503,55.7985889834679 37.9972304028504,55.7982208003841 37.9960746304059,55.7979511379609 37.9948582216796,55.7977866778781 37.9936110905707,55.7977313685304 37.9923639594617,55.7977866778781 37.9911475507355,55.7979511379609 37.989991778291,55.7982208003841 37.9889250288911,55.7985889834679 37.9879737130052,55.7990465761252 37.9871611868307,55.7995823924006 37.9865073929669,55.8001832224318 37.986028501089,55.8008342376239 37.985736279127,55.801519446377 37.9856380034349,55.8022219473425 37.9857360096324,55.8029244861758 37.9860279620998,55.8036097085835 37.9865066743147,55.8042607674319 37.9871602885154,55.8048616767482 37.9879728146899,55.8053975644434 37.9889242204073,55.8058552791194 37.9899910596387,55.8062234908939 37.9911470117463,55.8064931969696 37.9923636899672,55.8066577213075 37.9936110905707,55.8067130179224</coordinates></LinearRing></outerBoundaryIs></Polygon></MultiGeometry></Placemark><Placemark><styleUrl>#4326_запретная_зона_map</styleUrl><name>UUP446</name><description>От земли до 500 м (1700 фут) AGL</description><ExtendedData><Data name="Name"><value>UUP446</value></Data><Data name="Altitudes"><value>От земли до 500 м (1700 фут) AGL</value></Data><Data name="Type"><value>запретная_зона</value></Data></ExtendedData><MultiGeometry><Polygon><outerBoundaryIs><LinearRing><coordinates>37.6327777835392,55.2315324201957 37.6438417939045,55.2310342675466 37.6546324469289,55.2295521455 37.6648835717936,55.2271225529122 37.6743419334201,55.2238056000894 37.6827743291606,55.2196830783253 37.6899730685214,55.2148567913547 37.695760913897,55.2094458110452 37.6999958416409,55.203583527221 37.7025740963379,55.197414488809 37.703432975581,55.1910906740334 37.7025519977819,55.1847678553994 37.6999538004856,55.1786016985394 37.6957030623927,55.172743902747 37.6899049762229,55.167338589391 37.682702823264,55.1625185796816 37.6742738411216,55.1584023351317 37.6648256304578,55.1550910492446 37.6545904057736,55.1526659960402 37.643819605517,55.1511867041485 37.6327777835392,55.1506895476409 37.6217359615614,55.1511867041485 37.6109651613048,55.1526659960402 37.6007299366206,55.1550910492446 37.5912817259568,55.1584023351317 37.5828527438144,55.1625185796816 37.5756505908555,55.167338589391 37.5698525046856,55.172743902747 37.5656017665927,55.1786016985394 37.5630035692965,55.1847678553994 37.5621225914973,55.1910906740334 37.5629814707405,55.197414488809 37.5655597254374,55.203583527221 37.5697946531814,55.2094458110452 37.5755824985569,55.2148567913547 37.5827812379178,55.2196830783253 37.5912136336582,55.2238056000894 37.6006719952847,55.2271225529122 37.6109231201495,55.2295521455 37.6217137731739,55.2310342675466 37.6327777835392,55.2315324201957</coordinates></LinearRing></outerBoundaryIs></Polygon></MultiGeometry></Placemark><Placemark><styleUrl>#4326_запретная_зона_map</styleUrl><name>UUP447</name><description>От земли до 500 м (1700 фут) AGL</description><ExtendedData><Data name="Name"><value>UUP447</value></Data><Data name="Altitudes"><value>От земли до 500 м (1700 фут) AGL</value></Data><Data name="Type"><value>запретная_зона</value></Data></ExtendedData><MultiGeometry><Polygon><outerBoundaryIs><LinearRing><coordinates>36.8638888909467,56.1234256185306 36.8664041737422,56.1233150272553 36.8688574727832,56.1229859611274 36.8711883314509,56.1224465434736 36.8733393473987,56.1217100128522 36.8752575200249,56.1207945735669 36.876895687777,56.119722794838 36.8782133366357,56.1185210100931 36.8791782170824,56.1172188667939 36.8797666135935,56.1158484244622 36.8799638836299,56.1144434029454 36.8797654457836,56.1130384804841 36.8791760611257,56.111668189795 36.8782103721953,56.1103662653579 36.8768920945158,56.1091647392921 36.8752537471007,56.1080932878004 36.8733357541375,56.1071781757423 36.8711852771789,56.1064419539898 36.8688552269949,56.1059027552033 36.8664030059324,56.1055737905201 36.8638888909467,56.1054632481144 36.861374775961,56.1055737905201 36.8589225548984,56.1059027552033 36.8565925047145,56.1064419539898 36.8544420277558,56.1071781757423 36.8525240347927,56.1080932878004 36.8508856873775,56.1091647392921 36.8495674096981,56.1103662653579 36.8486017207677,56.111668189795 36.8480123361097,56.1130384804841 36.8478138982635,56.1144434029454 36.8480111682999,56.1158484244622 36.848599564811,56.1172188667939 36.8495644452576,56.1185210100931 36.8508820941164,56.119722794838 36.8525202618685,56.1207945735669 36.8544384344947,56.1217100128522 36.8565894504425,56.1224465434736 36.8589203091102,56.1229859611274 36.8613736081511,56.1233150272553 36.8638888909467,56.1234256185306</coordinates></LinearRing></outerBoundaryIs></Polygon></MultiGeometry></Placemark><Placemark><styleUrl>#4326_запретная_зона_map</styleUrl><name>UUP448</name><description>От земли до 200 м (700 фут) AGL

Не распространяется на воздушные суда Министерства обороны Российской Федерации</description><ExtendedData><Data name="Name"><value>UUP448</value></Data><Data name="Altitudes"><value>От земли до 200 м (700 фут) AGL

Не распространяется на воздушные суда Министерства обороны Российской Федерации</value></Data><Data name="Type"><value>запретная_зона</value></Data></ExtendedData><MultiGeometry><Polygon><outerBoundaryIs><LinearRing><coordinates>37.9733333298307,55.7907316451217 37.9750790259224,55.7906542080478 37.9767816028803,55.7904238697982 37.978399289044,55.790046245727 37.9798921992147,55.7895306951203 37.9812235922973,55.7888899168002 37.9823605899524,55.7881396460774 37.9832752545747,55.7872984023875 37.9839450384505,55.7863868319968 37.9843535024102,55.7854275061797 37.9844905853226,55.7844439599903 37.9843528735895,55.7834604394876 37.9839439604722,55.7825011425508 37.9832737274387,55.7815897631789 37.9823588831533,55.7807486305761 37.9812217956667,55.7799985061502 37.9798904924156,55.7793578741333 37.9783978517395,55.7788424346103 37.9767806147335,55.7784649509347 37.9750783971017,55.77823469219 37.9733333298307,55.7781572807968 37.9715882625598,55.77823469219 37.9698860449279,55.7784649509347 37.9682688079219,55.7788424346103 37.9667761672458,55.7793578741333 37.9654448639948,55.7799985061502 37.9643077765081,55.7807486305761 37.9633929322228,55.7815897631789 37.9627226991893,55.7825011425508 37.962313786072,55.7834604394876 37.9621760743389,55.7844439599903 37.9623131572513,55.7854275061797 37.9627216212109,55.7863868319968 37.9633914050868,55.7872984023875 37.9643060697091,55.7881396460774 37.9654430673642,55.7888899168002 37.9667744604468,55.7895306951203 37.9682673706175,55.790046245727 37.9698850567811,55.7904238697982 37.9715876337391,55.7906542080478 37.9733333298307,55.7907316451217</coordinates></LinearRing></outerBoundaryIs></Polygon></MultiGeometry></Placemark><Placemark><styleUrl>#4326_запретная_зона_map</styleUrl><name>UUP449</name><description>От земли до 500 м (1700 фут) AMSL

Не распространяется на полеты (перелеты) воздушных судов с/на аэродром Чкаловский и в зоне ограничения UUR449</description><ExtendedData><Data name="Name"><value>UUP449</value></Data><Data name="Altitudes"><value>От земли до 500 м (1700 фут) AMSL

Не распространяется на полеты (перелеты) воздушных судов с/на аэродром Чкаловский и в зоне ограничения UUR449</value></Data><Data name="Type"><value>запретная_зона</value></Data></ExtendedData><MultiGeometry><Polygon><outerBoundaryIs><LinearRing><coordinates>38.2180555236341,56.4491666748721 38.2061110744588,56.4308333449374 38.1775000021541,56.4416666683099 38.2180555236341,56.4491666748721</coordinates></LinearRing></outerBoundaryIs></Polygon></MultiGeometry></Placemark><Placemark><styleUrl>#4326_запретная_зона_map</styleUrl><name>UUP450</name><description>От земли до FL090</description><ExtendedData><Data name="Name"><value>UUP450</value></Data><Data name="Altitudes"><value>От земли до FL090</value></Data><Data name="Type"><value>запретная_зона</value></Data></ExtendedData><MultiGeometry><Polygon><outerBoundaryIs><LinearRing><coordinates>36.9930555795251,54.174269693515 37.0026377289977,54.1738268909275 37.0119833520561,54.172509364324 37.0208617613351,54.1703496552435 37.0290539475687,54.1674010797105 37.0363578796492,54.163736426257 37.0425936250255,54.1594460253849 37.0476076616153,54.1546357682939 37.0512769202248,54.1494242291732 37.0535114794941,54.1439398904164 37.0542568116853,54.1383177833532 37.0534951301559,54.1326964921425 37.051245838516,54.1272143067533 37.0475648119763,54.1220061597793 37.0425432295381,54.1172001870861 37.0363048790475,54.1129145990461 37.0290035520812,54.1092547057022 37.0208189116961,54.1063104145359 37.0119522703472,54.1041541503404 37.0026213796596,54.1028388298283 36.9930555795251,54.102396790371 36.9834897793906,54.1028388298283 36.9741588887029,54.1041541503404 36.9652922473541,54.1063104145359 36.9571076069689,54.1092547057022 36.9498062800027,54.1129145990461 36.9435679295121,54.1172001870861 36.9385463470739,54.1220061597793 36.9348653205341,54.1272143067533 36.9326160288942,54.1326964921425 36.9318543473648,54.1383177833532 36.9325996795561,54.1439398904164 36.9348342388253,54.1494242291732 36.9385034974348,54.1546357682939 36.9435175340247,54.1594460253849 36.9497532794009,54.163736426257 36.9570572114815,54.1674010797105 36.965249397715,54.1703496552435 36.9741278069941,54.172509364324 36.9834734300524,54.1738268909275 36.9930555795251,54.174269693515</coordinates></LinearRing></outerBoundaryIs></Polygon></MultiGeometry></Placemark><Placemark><styleUrl>#4326_запретная_зона_map</styleUrl><name>UUP451</name><description>От земли до FL090</description><ExtendedData><Data name="Name"><value>UUP451</value></Data><Data name="Altitudes"><value>От земли до FL090</value></Data><Data name="Type"><value>запретная_зона</value></Data></ExtendedData><MultiGeometry><Polygon><outerBoundaryIs><LinearRing><coordinates>36.8852777778616,54.1651030462907 36.8948578612091,54.1646602505514 36.9042014181423,54.1633427469318 36.9130778511277,54.1611830315455 36.9212682407306,54.158234485075 36.9285705558437,54.1545698069003 36.9348048639155,54.1502794004459 36.939817822527,54.1454691278449 36.9434862726528,54.1402575897575 36.9457202929329,54.1347731917358 36.946465445461,54.1291511006863 36.9457039435947,54.1235297733356 36.943455190944,54.1180475831394 36.939774972888,54.1128394926553 36.9347544684281,54.1080335078203 36.928517555242,54.1037478651627 36.9212178452432,54.1000880036071 36.9130350014886,54.0971436921286 36.9041702466019,54.0949874243105 36.8948415118709,54.09367212855 36.8852777778616,54.0932300437441 36.8757140438523,54.09367212855 36.8663853091213,54.0949874243105 36.8575205542345,54.0971436921286 36.8493377104799,54.1000880036071 36.8420380004812,54.1037478651627 36.8358010872951,54.1080335078203 36.8307805828352,54.1128394926553 36.8271003647792,54.1180475831394 36.8248516121285,54.1235297733356 36.8240901102621,54.1291511006863 36.8248352627903,54.1347731917358 36.8270692830704,54.1402575897575 36.8307377331961,54.1454691278449 36.8357506918076,54.1502794004459 36.8419849998794,54.1545698069003 36.8492873149925,54.158234485075 36.8574777045955,54.1611830315455 36.8663541375809,54.1633427469318 36.8756976945141,54.1646602505514 36.8852777778616,54.1651030462907</coordinates></LinearRing></outerBoundaryIs></Polygon></MultiGeometry></Placemark><Placemark><styleUrl>#4326_запретная_зона_map</styleUrl><name>UUP452</name><description>От земли до 650 м (2150 фут) AMSL

Не распространяется на полеты воздушных судов государственной авиации</description><ExtendedData><Data name="Name"><value>UUP452</value></Data><Data name="Altitudes"><value>От земли до 650 м (2150 фут) AMSL

Не распространяется на полеты воздушных судов государственной авиации</value></Data><Data name="Type"><value>запретная_зона</value></Data></ExtendedData><MultiGeometry><Polygon><outerBoundaryIs><LinearRing><coordinates>40.3105555731768,51.1236610233393 40.3116728078957,51.1236056787762 40.3127624643353,51.1234410014539 40.3137978625318,51.123171117055 40.314753310668,51.1228025815253 40.315605362715,51.1223445508893 40.3163331777582,51.1218082161991 40.3169186098288,51.1212068603731 40.3173472858824,51.1205552931664 40.3176087854616,51.1198695122363 40.3176966406964,51.1191664206847 40.3176086057986,51.1184633749145 40.3173469265563,51.1177776193061 40.3169179810081,51.1171260600179 40.3163324591059,51.1165248125426 40.3156047338943,51.1159885230113 40.3147526818473,51.1155305375406 40.3137972337111,51.115162110361 40.3127621050092,51.1148922338817 40.3116725384011,51.1147276384188 40.3105555731768,51.1146722830964 40.3094386079525,51.1147276384188 40.3083490413444,51.1148922338817 40.3073139126425,51.115162110361 40.3063584645064,51.1155305375406 40.3055064124594,51.1159885230113 40.3047786872477,51.1165248125426 40.3041931653455,51.1171260600179 40.3037642197974,51.1177776193061 40.3035025405551,51.1184633749145 40.3034145056572,51.1191664206847 40.303502360892,51.1198695122363 40.3037638604712,51.1205552931664 40.3041925365248,51.1212068603731 40.3047779685955,51.1218082161991 40.3055057836387,51.1223445508893 40.3063578356857,51.1228025815253 40.3073132838218,51.123171117055 40.3083486820183,51.1234410014539 40.309438338458,51.1236056787762 40.3105555731768,51.1236610233393</coordinates></LinearRing></outerBoundaryIs></Polygon></MultiGeometry></Placemark><Placemark><styleUrl>#4326_запретная_зона_map</styleUrl><name>UUP453</name><description>От земли до 300 м (1000 фут) AMSL

Не распространяется на полеты (перелеты) воздушных судов государственной авиации и на воздушные суда, выполняющие полеты с/на аэродромы Липецк, Липецк-2, Смуглянка</description><ExtendedData><Data name="Name"><value>UUP453</value></Data><Data name="Altitudes"><value>От земли до 300 м (1000 фут) AMSL

Не распространяется на полеты (перелеты) воздушных судов государственной авиации и на воздушные суда, выполняющие полеты с/на аэродромы Липецк, Липецк-2, Смуглянка</value></Data><Data name="Type"><value>запретная_зона</value></Data></ExtendedData><MultiGeometry><Polygon><outerBoundaryIs><LinearRing><coordinates>39.4261110855279,52.6886597863536 39.4272678461192,52.6886044908657 39.4283960402845,52.6884398594603 39.4294679999131,52.6881700394654 39.4304573145355,52.6878016339385 39.431339549976,52.6873436473089 39.4320929670048,52.6868074856719 39.4326991501585,52.6862063020654 39.4331430077404,52.6855548876122 39.4334137599671,52.6848692896928 39.4335046694738,52.6841664300521 39.4334134904725,52.6834635590437 39.4331425585828,52.6827779827234 39.4326985213378,52.6821266260671 39.4320922483526,52.6815254868928 39.4313387414923,52.6809894172555 39.4304565958833,52.6805315226168 39.4294673710924,52.6801631615231 39.4283955911269,52.6798933993288 39.4272675766246,52.679728789517 39.4261110855279,52.6796734826642 39.4249545944311,52.679728789517 39.4238265799288,52.6798933993288 39.4227547999633,52.6801631615231 39.4217655751725,52.6805315226168 39.4208834295635,52.6809894172555 39.4201299227031,52.6815254868928 39.4195236497179,52.6821266260671 39.4190796124729,52.6827779827234 39.4188086805833,52.6834635590437 39.4187175015819,52.6841664300521 39.4188084110887,52.6848692896928 39.4190791633153,52.6855548876122 39.4195230208972,52.6862063020654 39.4201292040509,52.6868074856719 39.4208826210797,52.6873436473089 39.4217648565202,52.6878016339385 39.4227541711426,52.6881700394654 39.4238261307712,52.6884398594603 39.4249543249365,52.6886044908657 39.4261110855279,52.6886597863536</coordinates></LinearRing></outerBoundaryIs></Polygon></MultiGeometry></Placemark><Placemark><styleUrl>#4326_запретная_зона_map</styleUrl><name>UUP454</name><description>От земли до 260 м (900 фут) AMSL

Не распространяется на полеты (перелеты) воздушных судов государственной авиации, общества с ограниченной ответственностью "Лукойл-Варандей-Авиа" и на воздушные суда, выполняющие полеты с/на аэродром Торжок</description><ExtendedData><Data name="Name"><value>UUP454</value></Data><Data name="Altitudes"><value>От земли до 260 м (900 фут) AMSL

Не распространяется на полеты (перелеты) воздушных судов государственной авиации, общества с ограниченной ответственностью "Лукойл-Варандей-Авиа" и на воздушные суда, выполняющие полеты с/на аэродром Торжок</value></Data><Data name="Type"><value>запретная_зона</value></Data></ExtendedData><MultiGeometry><Polygon><outerBoundaryIs><LinearRing><coordinates>35.0019444235136,57.0682303194871 35.0037495880771,57.0681529069606 35.005510286034,57.0679226257558 35.0071832185876,57.0675451004474 35.0087269734033,57.06702962415 35.0101037314078,57.0663889633164 35.0112794464516,57.0656388201252 35.0122252826143,57.0647977353511 35.0129178836983,57.0638864040025 35.0133402715449,57.0629272355488 35.0134820256968,57.0619439140099 35.0133396427242,57.0609606152614 35.01291680572,57.0600015177348 35.0122237554783,57.0590903128849 35.0112776498211,57.0582493728064 35.0101017551141,57.0574994070851 35.0087250869412,57.0568588747823 35.0071816016201,57.0563435921195 35.0055092080556,57.0559661933087 35.0037489592564,57.0557359830379 35.0019444235136,57.055658593297 35.0001398877709,57.0557359830379 34.9983796389717,57.0559661933087 34.9967072454072,57.0563435921195 34.9951637600861,57.0568588747823 34.9937870919131,57.0574994070851 34.9926111972062,57.0582493728064 34.991665091549,57.0590903128849 34.9909720413073,57.0600015177348 34.9905492043031,57.0609606152614 34.9904068213305,57.0619439140099 34.9905485754824,57.0629272355488 34.9909709633289,57.0638864040025 34.991663564413,57.0647977353511 34.9926094005757,57.0656388201252 34.9937851156195,57.0663889633164 34.9951618736239,57.06702962415 34.9967056284397,57.0675451004474 34.9983785609933,57.0679226257558 35.0001392589502,57.0681529069606 35.0019444235136,57.0682303194871</coordinates></LinearRing></outerBoundaryIs></Polygon></MultiGeometry></Placemark><Placemark><styleUrl>#4326_запретная_зона_map</styleUrl><name>UUP455</name><description>От земли до 700 м (2300 фут) AMSL

Не распространяется на полеты (перелеты) воздушных судов государственной авиации и на воздушные суда, выполняющие полеты с/на аэродромы Москва (Внуково), Москва (Остафьево), по МВЛ КР 907</description><ExtendedData><Data name="Name"><value>UUP455</value></Data><Data name="Altitudes"><value>От земли до 700 м (2300 фут) AMSL

Не распространяется на полеты (перелеты) воздушных судов государственной авиации и на воздушные суда, выполняющие полеты с/на аэродромы Москва (Внуково), Москва (Остафьево), по МВЛ КР 907</value></Data><Data name="Type"><value>запретная_зона</value></Data></ExtendedData><MultiGeometry><Polygon><outerBoundaryIs><LinearRing><coordinates>37.5719444114878,55.3475466844726 37.5731773492152,55.347491400057 37.5743799238861,55.3473268772727 37.575522491096,55.3470571587527 37.5765769335765,55.3466888970845 37.5775172900159,55.3462311503057 37.5783203838799,55.3456952286545 37.5789664522322,55.3450942853983 37.5794395948924,55.3444431636149 37.5797281337616,55.3437578845935 37.5798249721492,55.3430552897348 37.579727864267,55.3423527335551 37.5794390559032,55.341667469406 37.57896573358,55.3410163934388 37.5783194855646,55.3404155324793 37.5775163917006,55.3398796853916 37.5765761250927,55.3394220131727 37.5755217724437,55.3390538338035 37.5743793848969,55.3387841610992 37.5731770797206,55.3386196531882 37.5719444114878,55.3385644074582 37.5707117432549,55.3386196531882 37.5695094380786,55.3387841610992 37.5683670505318,55.3390538338035 37.5673126978829,55.3394220131727 37.566372431275,55.3398796853916 37.565569337411,55.3404155324793 37.5649230893956,55.3410163934388 37.5644497670724,55.341667469406 37.5641609587085,55.3423527335551 37.5640638508263,55.3430552897348 37.5641606892139,55.3437578845935 37.5644492280832,55.3444431636149 37.5649223707433,55.3450942853983 37.5655684390957,55.3456952286545 37.5663715329597,55.3462311503057 37.5673118893991,55.3466888970845 37.5683663318796,55.3470571587527 37.5695088990895,55.3473268772727 37.5707114737603,55.347491400057 37.5719444114878,55.3475466844726</coordinates></LinearRing></outerBoundaryIs></Polygon></MultiGeometry></Placemark><Placemark><styleUrl>#4326_запретная_зона_map</styleUrl><name>UUP456</name><description>От земли до 700 м (2300 фут) AMSL

Не распространяется на полеты воздушных судов государственной авиации</description><ExtendedData><Data name="Name"><value>UUP456</value></Data><Data name="Altitudes"><value>От земли до 700 м (2300 фут) AMSL

Не распространяется на полеты воздушных судов государственной авиации</value></Data><Data name="Type"><value>запретная_зона</value></Data></ExtendedData><MultiGeometry><Polygon><outerBoundaryIs><LinearRing><coordinates>32.4316666764537,54.8856026001063 32.4328855106311,54.8855472912428 32.4340742512466,54.8853827624592 32.4352037030533,54.8851130000818 32.4362460182775,54.8847447344794 32.4371755949335,54.8842869224353 32.4379695259816,54.8837509546146 32.4386081383171,54.8831499826628 32.4390758910855,54.8824988159723 32.4393611061883,54.8818134558864 32.4394568665975,54.8811108369966 32.4393608366937,54.880408205801 32.4390753520964,54.8797229135883 32.4386074196649,54.8790717948604 32.4379686276663,54.8784709081989 32.4371747864498,54.8779350180626 32.4362452097938,54.8774772836943 32.4352029844011,54.877109103387 32.4340737122575,54.8768393889666 32.4328852411366,54.8766748762656 32.4316666764537,54.8766196068913 32.4304481117708,54.8766748762656 32.4292596406499,54.8768393889666 32.4281303685062,54.877109103387 32.4270881431136,54.8774772836943 32.4261585664575,54.8779350180626 32.425364725241,54.8784709081989 32.4247259332424,54.8790717948604 32.4242580008109,54.8797229135883 32.4239725162136,54.880408205801 32.4238764863098,54.8811108369966 32.4239722467191,54.8818134558864 32.4242574618218,54.8824988159723 32.4247252145902,54.8831499826628 32.4253638269257,54.8837509546146 32.4261577579738,54.8842869224353 32.4270873346298,54.8847447344794 32.428129649854,54.8851130000818 32.4292591016607,54.8853827624592 32.4304478422762,54.8855472912428 32.4316666764537,54.8856026001063</coordinates></LinearRing></outerBoundaryIs></Polygon></MultiGeometry></Placemark><Placemark><styleUrl>#4326_запретная_зона_map</styleUrl><name>UUP457</name><description>От земли до 700 м (2300 фут) AMSL

Не распространяется на полеты воздушных судов государственной авиации</description><ExtendedData><Data name="Name"><value>UUP457</value></Data><Data name="Altitudes"><value>От земли до 700 м (2300 фут) AMSL

Не распространяется на полеты воздушных судов государственной авиации</value></Data><Data name="Type"><value>запретная_зона</value></Data></ExtendedData><MultiGeometry><Polygon><outerBoundaryIs><LinearRing><coordinates>41.1297221840747,55.9519907042457 41.1309742559177,55.9519354134361 41.1321955155464,55.9517709013878 41.1333557795674,55.9515011988977 41.1344265713861,55.9511329569439 41.1353815703646,55.9506752957404 41.1361971508111,55.9501394018404 41.1368531904631,55.9495385284999 41.1373336993085,55.9488874920046 41.1376267297542,55.9482022687564 41.1377250952778,55.9474997435055 41.1376263704281,55.9467972558636 41.1373331603194,55.9461120458798 41.1368524718108,55.9454610523507 41.1361962524958,55.9448602573372 41.1353806720493,55.9443244338513 41.1344257629023,55.9438668430689 41.1333550609152,55.9434986794399 41.1321949765573,55.9432290703248 41.1309739864231,55.9430645715413 41.1297221840747,55.9430092679312 41.1284703817262,55.9430645715413 41.1272493915921,55.9432290703248 41.1260893072342,55.9434986794399 41.125018605247,55.9438668430689 41.1240636961,55.9443244338513 41.1232481156535,55.9448602573372 41.1225918963385,55.9454610523507 41.12211120783,55.9461120458798 41.1218179977212,55.9467972558636 41.1217192728715,55.9474997435055 41.1218176383951,55.9482022687564 41.1221106688408,55.9488874920046 41.1225911776863,55.9495385284999 41.1232472173383,55.9501394018404 41.1240627977847,55.9506752957404 41.1250177967633,55.9511329569439 41.1260885885819,55.9515011988977 41.1272488526029,55.9517709013878 41.1284701122317,55.9519354134361 41.1297221840747,55.9519907042457</coordinates></LinearRing></outerBoundaryIs></Polygon></MultiGeometry></Placemark><Placemark><styleUrl>#4326_запретная_зона_map</styleUrl><name>UUP458</name><description>От земли до 500 м (1700 фут) AMSL</description><ExtendedData><Data name="Name"><value>UUP458</value></Data><Data name="Altitudes"><value>От земли до 500 м (1700 фут) AMSL</value></Data><Data name="Type"><value>запретная_зона</value></Data></ExtendedData><MultiGeometry><Polygon><outerBoundaryIs><LinearRing><coordinates>41.5586111383788,52.6229240952143 41.5620761200928,52.6227580670188 41.5654556720231,52.6222641334951 41.5686666101747,52.6214544749498 41.5716297031394,52.6203489742483 41.5742720077161,52.6189749455444 41.5765284858782,52.6173662074891 41.5783434420783,52.6155624300552 41.5796724097096,52.6136079892664 41.5804826002644,52.611551094985 41.5807541609747,52.6094423713323 41.5804804443077,52.6073337643789 41.5796683672908,52.6052771208084 41.5783379623551,52.6033231484144 41.5765220180082,52.6015199381647 41.5742651805199,52.5999118682832 41.5716232352693,52.5985384530605 41.5686611304515,52.5974335742249 41.5654517194359,52.5966243293935 41.5620740539676,52.5961307012683 41.5586111383788,52.5959647897625 41.5551482227901,52.5961307012683 41.5517705573218,52.5966243293935 41.5485611463062,52.5974335742249 41.5455990414884,52.5985384530605 41.5429570962378,52.5999118682832 41.5407002587495,52.6015199381647 41.5388843144026,52.6033231484144 41.5375539094669,52.6052771208084 41.53674183245,52.6073337643789 41.5364681157829,52.6094423713323 41.5367396764933,52.611551094985 41.5375498670481,52.6136079892664 41.5388788346794,52.6155624300552 41.5406937908794,52.6173662074891 41.5429502690416,52.6189749455444 41.5455925736183,52.6203489742483 41.548555666583,52.6214544749498 41.5517666047346,52.6222641334951 41.5551461566649,52.6227580670188 41.5586111383788,52.6229240952143</coordinates></LinearRing></outerBoundaryIs></Polygon></MultiGeometry></Placemark><Placemark><styleUrl>#4326_запретная_зона_map</styleUrl><name>UUP459</name><description>От земли до 5200 м (17000 фут) AMSL

Не распространяются на полеты воздушных судов в интересах Федеральной службы охраны Российской Федерации</description><ExtendedData><Data name="Name"><value>UUP459</value></Data><Data name="Altitudes"><value>От земли до 5200 м (17000 фут) AMSL

Не распространяются на полеты воздушных судов в интересах Федеральной службы охраны Российской Федерации</value></Data><Data name="Type"><value>запретная_зона</value></Data></ExtendedData><MultiGeometry><Polygon><outerBoundaryIs><LinearRing><coordinates>35.8322222063292,56.3566666719241 36.0516667063527,56.5161111058378 36.3027778082882,56.4238888744813 36.1483333360985,56.2941666674243 35.972222217908,56.2813888923861 35.8322222063292,56.3566666719241</coordinates></LinearRing></outerBoundaryIs></Polygon></MultiGeometry></Placemark><Placemark><styleUrl>#4326_запретная_зона_map</styleUrl><name>UUP460</name><description>От земли до 500 м (1600 фут) AMSL

Не распространяется на воздушные суда, выполняющие полеты с/на аэродром Тамбов</description><ExtendedData><Data name="Name"><value>UUP460</value></Data><Data name="Altitudes"><value>От земли до 500 м (1600 фут) AMSL

Не распространяется на воздушные суда, выполняющие полеты с/на аэродром Тамбов</value></Data><Data name="Type"><value>запретная_зона</value></Data></ExtendedData><MultiGeometry><Polygon><outerBoundaryIs><LinearRing><coordinates>41.466944441673,52.4693133093959 41.4703973859621,52.4691472996914 41.4737651699622,52.4686533265777 41.4769648791727,52.4678436682358 41.4799176415116,52.4667381131483 41.4825507832724,52.4653640718919 41.4847993562601,52.4637553178795 41.4866080242532,52.4619514415728 41.487932320645,52.4599969755045 41.4887397264224,52.4579400251462 41.489010298986,52.4558312283939 41.4887375704657,52.4537225496658 41.4879283680578,52.4516659084399 41.4866025445299,52.4497118616782 41.4847928883901,52.4479086146395 41.4825440459078,52.4463004820575 41.4799112634731,52.444927062237 41.4769593994495,52.4438221364097 41.473761217375,52.4430128424975 41.4703952300054,52.4425192333944 41.466944441673,52.4423532868259 41.4634936533405,52.4425192333944 41.4601276659709,52.4430128424975 41.4569294838964,52.4438221364097 41.4539776198728,52.444927062237 41.4513448374381,52.4463004820575 41.4490959949558,52.4479086146395 41.447286338816,52.4497118616782 41.4459605152882,52.4516659084399 41.4451513128802,52.4537225496658 41.44487858436,52.4558312283939 41.4451491569235,52.4579400251462 41.4459565627009,52.4599969755045 41.4472808590928,52.4619514415728 41.4490895270858,52.4637553178795 41.4513381000735,52.4653640718919 41.4539712418343,52.4667381131483 41.4569240041732,52.4678436682358 41.4601237133837,52.4686533265777 41.4634914973839,52.4691472996914 41.466944441673,52.4693133093959</coordinates></LinearRing></outerBoundaryIs></Polygon></MultiGeometry></Placemark><Placemark><styleUrl>#4326_запретная_зона_map</styleUrl><name>UUP461</name><description>От земли до FL080</description><ExtendedData><Data name="Name"><value>UUP461</value></Data><Data name="Altitudes"><value>От земли до FL080</value></Data><Data name="Type"><value>запретная_зона</value></Data></ExtendedData><MultiGeometry><Polygon><outerBoundaryIs><LinearRing><coordinates>41.4549999924977,56.3174062220176 41.4600559804113,56.3171850121769 41.4649872821634,56.3165267168284 41.4696723556962,56.315447638968 41.4739957674957,56.3139744041223 41.4778507977059,56.3121432656144 41.4811426740646,56.3099993609787 41.4837902787015,56.3075956194389 41.48572857359,56.3049911200344 41.4869098581886,56.3022501981173 41.4873052067452,56.2994402523001 41.4869051869492,56.2966304985853 41.4857195904372,56.2938901233414 41.4837780616136,56.2912865841004 41.48112830102,56.2888840083782 41.4778356161776,56.2867413910333 41.4739813046196,56.2849115398308 41.4696601386084,56.2834394708071 41.4649783888421,56.2823613031618 41.4600513091718,56.2817036543783 41.4549999924977,56.2814825866945 41.4499486758235,56.2817036543783 41.4450215961532,56.2823613031618 41.4403398463869,56.2834394708071 41.4360186803758,56.2849115398308 41.4321643688177,56.2867413910333 41.4288716839753,56.2888840083782 41.4262219233817,56.2912865841004 41.4242803945582,56.2938901233414 41.4230947980462,56.2966304985853 41.4226947782502,56.2994402523001 41.4230901268067,56.3022501981173 41.4242714114053,56.3049911200344 41.4262097062939,56.3075956194389 41.4288573109307,56.3099993609787 41.4321491872894,56.3121432656144 41.4360042174997,56.3139744041223 41.4403276292991,56.315447638968 41.4450127028319,56.3165267168284 41.4499440045841,56.3171850121769 41.4549999924977,56.3174062220176</coordinates></LinearRing></outerBoundaryIs></Polygon></MultiGeometry></Placemark><Placemark><styleUrl>#4326_запретная_зона_map</styleUrl><name>UUP_���24-2928_1</name><description /><ExtendedData><Data name="Name"><value>UUP_���24-2928_1</value></Data><Data name="Altitudes"><value /></Data><Data name="Type"><value>запретная_зона</value></Data></ExtendedData><MultiGeometry><Polygon><outerBoundaryIs><LinearRing><coordinates>37.0296641570098,56.2418958742391 37.0295377816781,56.2404880440503 37.0290174966898,56.2391085538627 37.0281161530376,56.2377913667651 37.0268559774624,56.2365689085326 37.0252680219638,56.2354712699546 37.0233913970182,56.2345254668976 37.0212723075981,56.2337547762231 37.0189629158239,56.2331781638033 37.0165200582136,56.232809818603 37.0140038489546,56.2326588041941 37.0114762033198,56.232728836198 37.0089993172305,56.2330181910734 37.006634140001,56.2335197484697 37.004438877462,56.2342211661111 37.0024675619361,56.2351051829486 37.000768723969,56.2361500431884 36.9993841983053,56.2373300308539 36.9983480934184,56.2386161018292 36.9976859499994,56.2399765979354 36.9974141092905,56.2413780255638 36.9975393070816,56.2427858797798 36.9980585037279,56.2441654936679 36.9989589547713,56.2454828920307 37.0002185208452,56.2467056284132 37.0018062096126,56.2478035847984 37.0036829367066,56.2487497142108 37.0058024871557,56.249520707843 37.0081126537106,56.250097570167 37.0105565240128,56.250466087756 37.0130738847451,56.2506171801631 37.0156027079205,56.250547124132 37.018080682352,56.2502576455561 37.0204467521904,56.2497558768945 37.0226426242305,56.2490541811032 37.0246142064875,56.2481698464584 37.0263129423061,56.2471246598632 37.0276970069406,56.24594436924 37.0287323370468,56.2446580483604 37.029393467774,56.2432973798656 37.0296641570098,56.2418958742391</coordinates></LinearRing></outerBoundaryIs></Polygon></MultiGeometry></Placemark><Placemark><styleUrl>#4326_запретная_зона_map</styleUrl><name>���</name><description /><ExtendedData><Data name="Name"><value>���</value></Data><Data name="Altitudes"><value /></Data><Data name="Type"><value>запретная_зона</value></Data></ExtendedData><MultiGeometry><Polygon><outerBoundaryIs><LinearRing><coordinates>37.4108571338449,55.6888638533444 37.4107183783745,55.6874562335425 37.4101915594955,55.6860782042113 37.4092896874898,55.6847636923941 37.4080350006107,55.6835450580149 37.4064584144557,55.6824522978249 37.4045987586651,55.6815123077692 37.4025018199442,55.6807482218382 37.4002192150554,55.6801788435753 37.3978071214893,55.6798181841265 37.3953248969113,55.679675118103 37.3928336211073,55.6797531656477 37.3903945959895,55.6800504060142 37.3880678402053,55.6805595247592 37.3859106150189,55.6812679933988 37.3839760174006,55.6821583771477 37.3823116746658,55.6832087632371 37.3809585726048,55.6843932993615 37.3799500458741,55.6856828291049 37.3793109555461,55.6870456088118 37.3790570742293,55.6884480883554 37.3791946941654,55.6898557366616 37.3797204682965,55.691233891721 37.3806214886075,55.6925486141829 37.3818756002152,55.693767523504 37.3834519438337,55.69486059602 37.3853117135637,55.6958009052131 37.3874091115468,55.6965652858535 37.3896924760651,55.6971349055494 37.3921055552697,55.6974957295219 37.3945888950144,55.6976388670552 37.3970813063529,55.697560791006 37.3995213762188,55.6972634249114 37.4018489836977,55.6967540955217 37.4040067841554,55.6960453519401 37.40594162431,55.6951546558652 37.4076058531053,55.6941039506384 37.4089584959038,55.6929191198046 37.4099662630052,55.6916293486282 37.4106043676947,55.6902664043976 37.4108571338449,55.6888638533444</coordinates></LinearRing></outerBoundaryIs></Polygon></MultiGeometry></Placemark><Placemark><styleUrl>#4326_запретная_зона_map</styleUrl><name>UUP_���24-2928_2</name><description /><ExtendedData><Data name="Name"><value>UUP_���24-2928_2</value></Data><Data name="Altitudes"><value /></Data><Data name="Type"><value>запретная_зона</value></Data></ExtendedData><MultiGeometry><Polygon><outerBoundaryIs><LinearRing><coordinates>37.0337688184245,56.2195602726856 37.033642347197,56.2181524413275 37.0331221985926,56.2167729647897 37.0322212201865,56.2154558058268 37.0309616296758,56.2142333895263 37.0293744646169,56.2131358056531 37.0274988160027,56.2121900687358 37.0253808647648,56.2114194540177 37.023072745016,56.2108429255108 37.0206312619885,56.2104746701224 37.0181164960726,56.2103237492202 37.0155903270598,56.210393876127 37.0131149145738,56.2106833249658 37.0107511717034,56.2111849730702 37.0085572690108,56.2118864759257 37.0065872053718,56.2127705703774 37.0048894805264,56.2138154987108 37.0035059018115,56.2149955432625 37.0024705543649,56.2162816585058 37.0018089601916,56.2176421851627 37.0015374469598,56.2190436288655 37.0016627423375,56.2204514842794 37.0021818042146,56.2218310844587 37.0030818913925,56.2231484545455 37.0043408734138,56.2243711487861 37.0059277722852,56.2254690502091 37.0078035230701,56.2264151132017 37.0099219348359,56.2271860306021 37.0122308283899,56.2277628087697 37.0146733227546,56.2281312363586 37.0171892385431,56.2282822351451 37.019716583406,56.2282120841823 37.0221930826192,56.2279225117021 37.0245577167179,56.2274206524738 37.0267522278999,56.2267188716781 37.0287225577262,56.2258344596767 37.0304201804006,56.224789205268 37.0318032985876,56.223608858034 37.0328378722289,56.22232249313 37.033498455065,56.2209617942725 37.0337688184245,56.2195602726856</coordinates></LinearRing></outerBoundaryIs></Polygon></MultiGeometry></Placemark><Placemark><styleUrl>#4326_запретная_зона_map</styleUrl><name>Ступино</name><description>Уточнить, в фз 172 нет</description><ExtendedData><Data name="Name"><value>Ступино</value></Data><Data name="Altitudes"><value>Уточнить, в фз 172 нет</value></Data><Data name="Type"><value>запретная_зона</value></Data></ExtendedData><MultiGeometry><Polygon><outerBoundaryIs><LinearRing><coordinates>38.167961036738,54.8873256803978 38.1677166414653,54.8852152125581 38.1669026273225,54.8831527641041 38.1655391189002,54.8811891085539 38.163659755377,54.8793725801729 38.1613108558523,54.8777478855328 38.1585502746255,54.8763550048794 38.1554459750166,54.8752282101437 38.1520743570015,54.8743952235389 38.14851837973,54.8738765372166 38.1448655247903,54.8736849105136 38.141205649785,54.8738250569909 38.1376287843232,54.8742935288511 38.1342229218592,54.8750788015347 38.1310718609066,54.8761615564398 38.1282531480102,54.8775151549086 38.1258361725059,54.8791062919732 38.123880459568,54.8808958139786 38.122434203414,54.8828396801889 38.1215330768875,54.8848900449423 38.121199347093,54.8869964339313 38.1214413194422,54.8891069858239 38.1222531245475,54.8911697287737 38.1236148540545,54.8931338604353 38.1254930429171,54.8949509999385 38.12784148702,54.8965763808903 38.1306023766438,54.8979699558643 38.1337077182804,54.8990973849644 38.1370810099532,54.8999308838814 38.140639128683,54.900449910315 38.1442943832607,54.9006416716359 38.1479566811904,54.9005014411057 38.1515357556901,54.9000326747496 38.1549433970694,54.8992469259544 38.1580956326822,54.8981635599271 38.1609148009997,54.8968092751464 38.1633314681063,54.8952174437612 38.165286139016,54.8934272873916 38.1667307215123,54.8914829088692 38.1676297065809,54.8894322040046 38.167961036738,54.8873256803978</coordinates></LinearRing></outerBoundaryIs></Polygon></MultiGeometry></Placemark><Placemark><styleUrl>#4326_пост_ограничение_map</styleUrl><name>UUR205</name><description>От земли до 1400 м (4600 фут) AMSL</description><ExtendedData><Data name="Name"><value>UUR205</value></Data><Data name="Altitudes"><value>От земли до 1400 м (4600 фут) AMSL</value></Data><Data name="Type"><value>пост_ограничение</value></Data></ExtendedData><MultiGeometry><Polygon><outerBoundaryIs><LinearRing><coordinates>34.9411111412938,53.1549999758616 34.9502778199475,53.1538888939046 34.9622221792913,53.1452777852108 34.9711110988592,53.1369444470759 34.9616666611196,53.1302777847136 34.9519444642941,53.1325000129378 34.9469444414227,53.1383333595477 34.9416666594655,53.1394444678416 34.9366666365941,53.142499988282 34.9363888775082,53.1519444309561 34.9411111412938,53.1549999758616</coordinates></LinearRing></outerBoundaryIs></Polygon></MultiGeometry></Placemark><Placemark><styleUrl>#4326_пост_ограничение_map</styleUrl><name>UUR252</name><description>От земли до 4500 м (14800 фут) AMSL

Не распространяется на воздушные суда, выполняющие полеты (перелеты) по стандартным маршрутам вылета, прилета, схемам захода на посадку, в том числе при уходе на второй круг с/на аэродромы Московского узлового диспетчерского района Москва (Домодедово), Москва (Внуково), Москва (Шереметьево), Кубинка, Раменское, Ермолино. Для аэродрома Ермолино и посадочной площадки Ермолино (Авиазапчасть) маневрирование в зоне UUR252 ограничить кривой, урезающей зону, образованной точками 550612с 0364222в, 550609с 0364919в, 551103с 0365806в. Полеты воздушных судов по траекториям, задаваемым органом ОВД для аэродромов Москва (Домодедово), Москва (Внуково), Москва (Шереметьево), Кубинка, Раменское, Ермолино разрешаются при согласовании с Государственным комплексом "Таруса" Федеральной службы охраны Российской Федерации.</description><ExtendedData><Data name="Name"><value>UUR252</value></Data><Data name="Altitudes"><value>От земли до 4500 м (14800 фут) AMSL

Не распространяется на воздушные суда, выполняющие полеты (перелеты) по стандартным маршрутам вылета, прилета, схемам захода на посадку, в том числе при уходе на второй круг с/на аэродромы Московского узлового диспетчерского района Москва (Домодедово), Москва (Внуково), Москва (Шереметьево), Кубинка, Раменское, Ермолино. Для аэродрома Ермолино и посадочной площадки Ермолино (Авиазапчасть) маневрирование в зоне UUR252 ограничить кривой, урезающей зону, образованной точками 550612с 0364222в, 550609с 0364919в, 551103с 0365806в. Полеты воздушных судов по траекториям, задаваемым органом ОВД для аэродромов Москва (Домодедово), Москва (Внуково), Москва (Шереметьево), Кубинка, Раменское, Ермолино разрешаются при согласовании с Государственным комплексом "Таруса" Федеральной службы охраны Российской Федерации.</value></Data><Data name="Type"><value>пост_ограничение</value></Data></ExtendedData><MultiGeometry><Polygon><outerBoundaryIs><LinearRing><coordinates>36.9397222417808,54.8977777562036 36.8747222139471,54.9016666478666 36.8333333253781,54.9097222143675 36.7949999664165,54.9216666836701 36.7608333530687,54.9372221996346 36.7319444318467,54.9561111304462 36.7088889005852,54.9772222224496 36.6927777956276,55.0005555593659 36.6824999907989,55.0377777611699 36.6850000022346,55.0627777623477 36.6949999581459,55.0872222481885 36.7125000381959,55.1102777719661 36.7508333073259,55.1405555412426 36.7836111252444,55.1572222042628 36.841111118771,55.1755555346517 36.8833333744291,55.1827777894966 36.9269444255164,55.1855555579577 36.9708333255211,55.1838888996603 37.0338888600908,55.1736111257495 37.0724999781383,55.161388870344 37.1066666813175,55.145833353297 37.1477778108007,55.11666667585 37.1672222044516,55.0941666642685 37.1794444127127,55.0700000128975 37.1844444355841,55.045000003022 37.1772222501944,55.007777776378 37.1630555486692,54.9838888709102 37.149999973319,54.968888911476 37.149999973319,54.939166692688 37.149999973319,54.9094444381773 37.149999973319,54.8797222402549 37.149999973319,54.849999984071 37.0974772752871,54.8619784674265 37.0449234057149,54.8739342627389 36.9923383646022,54.8858673876444 36.9397222417808,54.8977777562036</coordinates></LinearRing></outerBoundaryIs></Polygon></MultiGeometry></Placemark><Placemark><styleUrl>#4326_пост_ограничение_map</styleUrl><name>UUR276</name><description>От земли до 8100 м (26500 фут) AMSL

Исключая границы запретных зон UUP52 и UUP425. Не распространяется на воздушные суда, выполняющие полеты (перелеты) с/на аэродромы Москва (Внуково), Москва (Шереметьево), Остафьево, Кубинка, Ермолино, на воздушные суда, выполняющие полеты (перелеты) с/на вертодром и посадочные площадки, информация о которых опубликована в Сборнике аэронавигационной информации Российской Федерации, на пилотируемые воздушные суда и беспилотные воздушные суда Федеральной службы безопасности Российской Федерации и Федеральной службы охраны Российской Федерации, по траекториям, задаваемым органом ОВД, по маршрутам ОВД</description><ExtendedData><Data name="Name"><value>UUR276</value></Data><Data name="Altitudes"><value>От земли до 8100 м (26500 фут) AMSL

Исключая границы запретных зон UUP52 и UUP425. Не распространяется на воздушные суда, выполняющие полеты (перелеты) с/на аэродромы Москва (Внуково), Москва (Шереметьево), Остафьево, Кубинка, Ермолино, на воздушные суда, выполняющие полеты (перелеты) с/на вертодром и посадочные площадки, информация о которых опубликована в Сборнике аэронавигационной информации Российской Федерации, на пилотируемые воздушные суда и беспилотные воздушные суда Федеральной службы безопасности Российской Федерации и Федеральной службы охраны Российской Федерации, по траекториям, задаваемым органом ОВД, по маршрутам ОВД</value></Data><Data name="Type"><value>пост_ограничение</value></Data></ExtendedData><MultiGeometry><Polygon><outerBoundaryIs><LinearRing><coordinates>36.9036111351691,55.7875000089604 37.2849999620264,55.853888889714 37.380000037257,55.7955555687817 37.3694444733425,55.7800000249428 37.3691666244251,55.7349999766427 37.4233333292585,55.6777777951733 37.0050000287004,55.594999980563 36.9333333336486,55.6899999832122 36.9036111351691,55.7875000089604</coordinates></LinearRing></outerBoundaryIs></Polygon></MultiGeometry></Placemark><Placemark><styleUrl>#4326_пост_ограничение_map</styleUrl><name>UUR278</name><description>От земли до 200 м (700 фут) AGL</description><ExtendedData><Data name="Name"><value>UUR278</value></Data><Data name="Altitudes"><value>От земли до 200 м (700 фут) AGL</value></Data><Data name="Type"><value>пост_ограничение</value></Data></ExtendedData><MultiGeometry><Polygon><outerBoundaryIs><LinearRing><coordinates>38.0483333135758,55.627222204403 38.0519444511864,55.6241666544677 38.0463889101433,55.6211111194611 38.041111128186,55.6213888729069 38.0358333462287,55.6227777629834 38.0361111053146,55.6241666544677 38.0405555201828,55.6255555473555 38.0483333135758,55.627222204403</coordinates></LinearRing></outerBoundaryIs></Polygon></MultiGeometry></Placemark><Placemark><styleUrl>#4326_пост_ограничение_map</styleUrl><name>UUR279</name><description>От земли до FL120</description><ExtendedData><Data name="Name"><value>UUR279</value></Data><Data name="Altitudes"><value>От земли до FL120</value></Data><Data name="Type"><value>пост_ограничение</value></Data></ExtendedData><MultiGeometry><Polygon><outerBoundaryIs><LinearRing><coordinates>43.3999999961546,56.7115683896314 43.412771703875,56.7110149069669 43.4252278334361,56.709368194583 43.4370607118531,56.7066689218168 43.4479781171641,56.7029837208812 43.4577108242784,56.6984036326768 43.4660188931835,56.6930417688214 43.4726979571525,56.6870304333783 43.4775840736459,56.6805179475623 43.4805577667309,56.6736648275436 43.4815467220272,56.6666399545439 43.4805277630004,56.6596164379786 43.4775271204569,56.6527670707654 43.4726195342282,56.6462604150987 43.4659266362039,56.6402564805885 43.4576138062277,56.6349028374981 43.4478859500159,56.6303309700049 43.4369822889288,56.6266531699415 43.4251708802471,56.6239597272829 43.412741789976,56.6223167676862 43.3999999961546,56.6217645919518 43.3872582023331,56.6223167676862 43.374829112062,56.6239597272829 43.3630177033803,56.6266531699415 43.3521140422932,56.6303309700049 43.3423861860814,56.6349028374981 43.3340733561053,56.6402564805885 43.3273804580809,56.6462604150987 43.3224728718522,56.6527670707654 43.3194722293087,56.6596164379786 43.3184532702819,56.6666399545439 43.3194422255782,56.6736648275436 43.3224159186632,56.6805179475623 43.3273020351566,56.6870304333783 43.3339810991256,56.6930417688214 43.3422891680307,56.6984036326768 43.352021875145,56.7029837208812 43.362939280456,56.7066689218168 43.374772158873,56.709368194583 43.3872282884341,56.7110149069669 43.3999999961546,56.7115683896314</coordinates></LinearRing></outerBoundaryIs></Polygon></MultiGeometry></Placemark><Placemark><styleUrl>#4326_пост_ограничение_map</styleUrl><name>UUR280</name><description>От земли до 450 м (1500 фут) AMSL</description><ExtendedData><Data name="Name"><value>UUR280</value></Data><Data name="Altitudes"><value>От земли до 450 м (1500 фут) AMSL</value></Data><Data name="Type"><value>пост_ограничение</value></Data></ExtendedData><MultiGeometry><Polygon><outerBoundaryIs><LinearRing><coordinates>37.8972222199108,55.7923149716296 37.8997161228025,55.7922043878571 37.9021485809289,55.791875317027 37.9044595868288,55.7913358514391 37.9065923669764,55.7905992934278 37.9084942800959,55.7896838021173 37.9101184341296,55.7886119392164 37.9114249438788,55.7874101137161 37.9123816496564,55.7861078747249 37.9129650156019,55.7847373559975 37.9131606686708,55.7833323152375 37.912963847792,55.7819272742164 37.9123794936997,55.7805569115534 37.9114219794384,55.7792548981567 37.9101149307,55.7780533396839 37.9084905970032,55.7769818136092 37.9065888635468,55.7760666591219 37.9044566223884,55.7753303681279 37.9021464249722,55.7747911281368 37.8997149549927,55.7744622133799 37.8972222199108,55.7743516293441 37.8947294848289,55.7744622133799 37.8922980148493,55.7747911281368 37.8899878174332,55.7753303681279 37.8878555762748,55.7760666591219 37.8859538428183,55.7769818136092 37.8843295091216,55.7780533396839 37.8830224603832,55.7792548981567 37.8820649461218,55.7805569115534 37.8814805920295,55.7819272742164 37.8812837711507,55.7833323152375 37.8814794242196,55.7847373559975 37.8820627901651,55.7861078747249 37.8830194959427,55.7874101137161 37.884326005692,55.7886119392164 37.8859501597256,55.7896838021173 37.8878520728452,55.7905992934278 37.8899848529927,55.7913358514391 37.8922958588927,55.791875317027 37.894728317019,55.7922043878571 37.8972222199108,55.7923149716296</coordinates></LinearRing></outerBoundaryIs></Polygon></MultiGeometry></Placemark><Placemark><styleUrl>#4326_пост_ограничение_map</styleUrl><name>UUR281</name><description>От земли до 450 м (1500 фут) AMSL</description><ExtendedData><Data name="Name"><value>UUR281</value></Data><Data name="Altitudes"><value>От земли до 450 м (1500 фут) AMSL</value></Data><Data name="Type"><value>пост_ограничение</value></Data></ExtendedData><MultiGeometry><Polygon><outerBoundaryIs><LinearRing><coordinates>36.8450000154675,55.9243610791591 36.8457507375504,55.9243278909997 36.8464829543385,55.9242291837977 36.8471786096946,55.9240673780885 36.8478207254596,55.923846457727 36.8483933116217,55.9235718691039 36.8488822646309,55.9232503195096 36.8492757267253,55.9228898277046 36.8495638164369,55.9224991692188 36.8497395269065,55.9220880782274 36.8497985462207,55.9216665414825 36.849739437075,55.9212450505758 36.8495636367739,55.9208339462269 36.8492754572307,55.9204433173752 36.8488819951363,55.920082849796 36.8483929522956,55.9197613215778 36.8478203661335,55.9194867543351 36.8471783402,55.9192658581984 36.8464827746755,55.9191040821258 36.8457506477189,55.9190053615638 36.8450000154675,55.9189722192439 36.8442493832161,55.9190053615638 36.8435172562595,55.9191040821258 36.842821690735,55.9192658581984 36.8421796648015,55.9194867543351 36.8416070786394,55.9197613215778 36.8411180357987,55.920082849796 36.8407245737043,55.9204433173752 36.8404363941611,55.9208339462269 36.84026059386,55.9212450505758 36.8402014847143,55.9216665414825 36.8402605040285,55.9220880782274 36.8404362144981,55.9224991692188 36.8407243042097,55.9228898277046 36.8411177663041,55.9232503195096 36.8416067193133,55.9235718691039 36.8421793054754,55.923846457727 36.8428214212405,55.9240673780885 36.8435170765965,55.9242291837977 36.8442492933846,55.9243278909997 36.8450000154675,55.9243610791591</coordinates></LinearRing></outerBoundaryIs></Polygon></MultiGeometry></Placemark><Placemark><styleUrl>#4326_пост_ограничение_map</styleUrl><name>UUR282</name><description>От земли до 500 м (1700 фyт) AGL

Не распространяется на воздушные суда, выполняющие полеты (перелеты) по МВЛ</description><ExtendedData><Data name="Name"><value>UUR282</value></Data><Data name="Altitudes"><value>От земли до 500 м (1700 фyт) AGL

Не распространяется на воздушные суда, выполняющие полеты (перелеты) по МВЛ</value></Data><Data name="Type"><value>пост_ограничение</value></Data></ExtendedData><MultiGeometry><Polygon><outerBoundaryIs><LinearRing><coordinates>35.6241666373093,53.5236111253871 35.7486111519337,53.4213889024004 35.1747222530109,53.1186111239199 35.1069444546556,53.2566666732249 35.6241666373093,53.5236111253871</coordinates></LinearRing></outerBoundaryIs></Polygon></MultiGeometry></Placemark><Placemark><styleUrl>#4326_пост_ограничение_map</styleUrl><name>UUR284</name><description>От земли до 500 м (1700 фyт) AGL

Не распространяется на воздушные суда государственной авиации и на воздушные суда, выполняющие полеты (перелеты) под литерами "А", "К"</description><ExtendedData><Data name="Name"><value>UUR284</value></Data><Data name="Altitudes"><value>От земли до 500 м (1700 фyт) AGL

Не распространяется на воздушные суда государственной авиации и на воздушные суда, выполняющие полеты (перелеты) под литерами "А", "К"</value></Data><Data name="Type"><value>пост_ограничение</value></Data></ExtendedData><MultiGeometry><Polygon><outerBoundaryIs><LinearRing><coordinates>40.2075000352989,49.4506579896096 40.2096574292852,49.4505472996359 40.2117617328383,49.4502178637033 40.2137610233346,49.4496778182229 40.2156060730967,49.448940509728 40.217251427371,49.44802408573 40.2186565721385,49.4469510857795 40.2197869222605,49.445748032642 40.2206147197948,49.4444444377552 40.2211194831529,49.4430724508357 40.221288815584,49.4416658649726 40.2211186746692,49.4402593556888 40.2206131926588,49.4388874853233 40.2197849459669,49.4375840584922 40.2186542365187,49.4363811842957 40.2172489120883,49.4353084553569 40.2156036476454,49.434392243792 40.2137589572094,49.433655172811 40.2117602955338,49.4331153539635 40.209656710633,49.4327860345824 40.2075000352989,49.4326753626171 40.2053433599648,49.4327860345824 40.2032397750639,49.4331153539635 40.2012411133883,49.433655172811 40.1993964229524,49.434392243792 40.1977511585095,49.4353084553569 40.196345834079,49.4363811842957 40.1952151246309,49.4375840584922 40.1943868779389,49.4388874853233 40.1938813959286,49.4402593556888 40.1937112550138,49.4416658649726 40.1938805874448,49.4430724508357 40.194385350803,49.4444444377552 40.1952131483373,49.445748032642 40.1963434984593,49.4469510857795 40.1977486432267,49.44802408573 40.1993939975011,49.448940509728 40.2012390472631,49.4496778182229 40.2032383377595,49.4502178637033 40.2053426413125,49.4505472996359 40.2075000352989,49.4506579896096</coordinates></LinearRing></outerBoundaryIs></Polygon></MultiGeometry></Placemark><Placemark><styleUrl>#4326_пост_ограничение_map</styleUrl><name>UUR285</name><description>От земли до 500 м (1700 фyт) AGL

Не распространяется на воздушные суда государственной авиации и на воздушные суда, выполняющие полеты (перелеты) с/на аэродром Чкаловский и посадочную площадку Пересвет</description><ExtendedData><Data name="Name"><value>UUR285</value></Data><Data name="Altitudes"><value>От земли до 500 м (1700 фyт) AGL

Не распространяется на воздушные суда государственной авиации и на воздушные суда, выполняющие полеты (перелеты) с/на аэродром Чкаловский и посадочную площадку Пересвет</value></Data><Data name="Type"><value>пост_ограничение</value></Data></ExtendedData><MultiGeometry><Polygon><outerBoundaryIs><LinearRing><coordinates>38.1786111283291,56.4358333197413 38.1977777628941,56.4344444321917 38.2025000266797,56.430277762485 38.2016666595906,56.4244444511008 38.184444428458,56.4233333394964 38.169999967847,56.4197222381698 38.1630555415431,56.4308333449374 38.1786111283291,56.4358333197413</coordinates></LinearRing></outerBoundaryIs></Polygon></MultiGeometry></Placemark><Placemark><styleUrl>#4326_пост_ограничение_map</styleUrl><name>UUR286</name><description>От земли до FL120</description><ExtendedData><Data name="Name"><value>UUR286</value></Data><Data name="Altitudes"><value>От земли до FL120</value></Data><Data name="Type"><value>пост_ограничение</value></Data></ExtendedData><MultiGeometry><Polygon><outerBoundaryIs><LinearRing><coordinates>32.3583333370553,54.3218091192312 32.3619395339318,54.3216431786447 32.3654567975953,54.3211493438832 32.3687985304522,54.3203398915077 32.371882356991,54.3192347063868 32.3746323695703,54.3178610738446 32.3769806555545,54.3162527896782 32.3788695431025,54.3144494805112 32.3802525893139,54.3124956090203 32.3810957480396,54.3104392687205 32.3813782681964,54.3083311356933 32.3810934124198,54.3062231043189 32.380248187569,54.3041670795937 32.3788634345585,54.3022137158904 32.3769734690323,54.3004110496485 32.3746248237219,54.2988033938921 32.3718752603003,54.2974304423121 32.3687925117398,54.2963258475766 32.3654523958504,54.2955169029996 32.3619371983121,54.2950233837936 32.3583333370553,54.2948575448732 32.3547294757984,54.2950233837936 32.3512142782601,54.2955169029996 32.3478741623707,54.2963258475766 32.3447914138102,54.2974304423121 32.3420418503886,54.2988033938921 32.3396932050782,54.3004110496485 32.337803239552,54.3022137158904 32.3364184865415,54.3041670795937 32.3355732616907,54.3062231043189 32.3352884059141,54.3083311356933 32.335570926071,54.3104392687205 32.3364140847966,54.3124956090203 32.3377971310081,54.3144494805112 32.339686018556,54.3162527896782 32.3420343045402,54.3178610738446 32.3447843171195,54.3192347063868 32.3478681436583,54.3203398915077 32.3512098765152,54.3211493438832 32.3547271401787,54.3216431786447 32.3583333370553,54.3218091192312</coordinates></LinearRing></outerBoundaryIs></Polygon></MultiGeometry></Placemark><Placemark><styleUrl>#4326_пост_ограничение_map</styleUrl><name>UUR287</name><description>От земли до 300 м (1000 фyт) AGL

Не распространяется на воздушные суда государственной авиации</description><ExtendedData><Data name="Name"><value>UUR287</value></Data><Data name="Altitudes"><value>От земли до 300 м (1000 фyт) AGL

Не распространяется на воздушные суда государственной авиации</value></Data><Data name="Type"><value>пост_ограничение</value></Data></ExtendedData><MultiGeometry><Polygon><outerBoundaryIs><LinearRing><coordinates>36.4880555153009,54.1408333533169 36.4950000314364,54.13583334121 36.4752777888681,54.1327777874609 36.4538889019532,54.1377778008807 36.4880555153009,54.1408333533169</coordinates></LinearRing></outerBoundaryIs></Polygon></MultiGeometry></Placemark><Placemark><styleUrl>#4326_пост_ограничение_map</styleUrl><name>UUR288</name><description>От земли до 1200 м (4000 фут) AMSL</description><ExtendedData><Data name="Name"><value>UUR288</value></Data><Data name="Altitudes"><value>От земли до 1200 м (4000 фут) AMSL</value></Data><Data name="Type"><value>пост_ограничение</value></Data></ExtendedData><MultiGeometry><Polygon><outerBoundaryIs><LinearRing><coordinates>38.749444407813,56.1227307548009 38.7557324351387,56.1224541706413 38.7618654132465,56.1216312306353 38.7676919760108,56.1202821729345 38.7730684828178,56.1184403645107 38.7778626118261,56.1161511535543 38.7819560549127,56.1134710246176 38.7852481109345,56.1104660520174 38.7876579315156,56.107210252722 38.7891262278475,56.103783837834 38.7896172469818,56.1002712614531 38.7891190413253,56.0967589657844 38.7876441872918,56.0933335249537 38.785229156482,56.0900791330098 38.7819337766937,56.087075942614 38.7778391657972,56.0843978488869 38.7730462944303,56.0821106228943 38.7676730215583,56.0802706468932 38.7618516690226,56.078923046725 38.7557252486165,56.0781010305848 38.749444407813,56.0778247271273 38.7431635670094,56.0781010305848 38.7370371466033,56.078923046725 38.7312157940676,56.0802706468932 38.7258425211956,56.0821106228943 38.7210496498287,56.0843978488869 38.7169550389322,56.087075942614 38.7136596591439,56.0900791330098 38.7112446283341,56.0933335249537 38.7097697743006,56.0967589657844 38.7092715686441,56.1002712614531 38.7097625877784,56.103783837834 38.7112308841103,56.107210252722 38.7136407046914,56.1104660520174 38.7169327607132,56.1134710246176 38.7210262037998,56.1161511535543 38.7258203328081,56.1184403645107 38.7311968396151,56.1202821729345 38.7370234023794,56.1216312306353 38.7431563804872,56.1224541706413 38.749444407813,56.1227307548009</coordinates></LinearRing></outerBoundaryIs></Polygon></MultiGeometry></Placemark><Placemark><styleUrl>#4326_пост_ограничение_map</styleUrl><name>UUR289</name><description>От земли до 1200 м (4000 фут) AMSL</description><ExtendedData><Data name="Name"><value>UUR289</value></Data><Data name="Altitudes"><value>От земли до 1200 м (4000 фут) AMSL</value></Data><Data name="Type"><value>пост_ограничение</value></Data></ExtendedData><MultiGeometry><Polygon><outerBoundaryIs><LinearRing><coordinates>41.4636111529797,56.1788877605493 41.4711677811497,56.1785558149018 41.4785380088983,56.1775681781342 41.4855398375488,56.1759492023412 41.4920007905668,56.1737387963431 41.4977615068208,56.1709915332223 41.5026801423275,56.1677751589444 41.506635514355,56.1641690019257 41.5095305150211,56.1602618812702 41.5112940875869,56.1561501137662 41.5118832027502,56.1519350169656 41.5112836671296,56.1477203584333 41.5095106622533,56.1436099511811 41.5066082055703,56.139704893655 41.5026479826403,56.1361013571211 41.4977277301661,56.1328878679143 41.4919687207111,56.1301434898517 41.4855125287642,56.1279357042829 41.4785181561305,56.1263187916305 41.4711573606924,56.1253324649763 41.4636111529797,56.1250010077599 41.456064945267,56.1253324649763 41.4487041498289,56.1263187916305 41.4417097771952,56.1279357042829 41.4352535852483,56.1301434898517 41.4294945757933,56.1328878679143 41.4245743233191,56.1361013571211 41.4206141003891,56.139704893655 41.4177116437061,56.1436099511811 41.4159386388298,56.1477203584333 41.4153391032092,56.1519350169656 41.4159282183725,56.1561501137662 41.4176917909383,56.1602618812702 41.4205867916044,56.1641690019257 41.4245421636319,56.1677751589444 41.4294607991386,56.1709915332223 41.4352215153926,56.1737387963431 41.4416824684106,56.1759492023412 41.4486842970611,56.1775681781342 41.4560545248097,56.1785558149018 41.4636111529797,56.1788877605493</coordinates></LinearRing></outerBoundaryIs></Polygon></MultiGeometry></Placemark><Placemark><styleUrl>#4326_пост_ограничение_map</styleUrl><name>UUR290</name><description>От земли до 1200 м (4000 фут) AMSL</description><ExtendedData><Data name="Name"><value>UUR290</value></Data><Data name="Altitudes"><value>От земли до 1200 м (4000 фут) AMSL</value></Data><Data name="Type"><value>пост_ограничение</value></Data></ExtendedData><MultiGeometry><Polygon><outerBoundaryIs><LinearRing><coordinates>31.6905555789082,56.5381175918081 31.6984378463687,56.5377745766925 31.7061256285702,56.5367540001754 31.7134292013247,56.5350811221208 31.7201685422492,56.5327971065878 31.7261773731847,56.5299583868122 31.7313076517723,56.52663494077 31.7354332545462,56.5229086672518 31.7384527617107,56.518871513606 31.7402920622549,56.5146229067453 31.7409062404147,56.5102675784486 31.7402806536508,56.5059126914901 31.7384310224808,56.5016655571601 31.7354034304787,56.497630602916 31.7312726174762,56.493907179936 31.7261404524265,56.4905868700066 31.7201334181216,56.4877512863456 31.7133993772573,56.4854701213498 31.7061039791719,56.4837994427055 31.6984264377646,56.4827803386898 31.6905555789082,56.4824378145577 31.6826847200518,56.4827803386898 31.6750071786446,56.4837994427055 31.6677117805592,56.4854701213498 31.6609777396948,56.4877512863456 31.6549707053899,56.4905868700066 31.6498385403402,56.493907179936 31.6457077273377,56.497630602916 31.6426801353357,56.5016655571601 31.6408305041657,56.5059126914901 31.6402049174018,56.5102675784486 31.6408190955616,56.5146229067453 31.6426583961058,56.518871513606 31.6456779032703,56.5229086672518 31.6498035060442,56.52663494077 31.6549337846318,56.5299583868122 31.6609426155672,56.5327971065878 31.6676819564918,56.5350811221208 31.6749855292462,56.5367540001754 31.6826733114477,56.5377745766925 31.6905555789082,56.5381175918081</coordinates></LinearRing></outerBoundaryIs></Polygon></MultiGeometry></Placemark><Placemark><styleUrl>#4326_пост_ограничение_map</styleUrl><name>UUR292</name><description>От земли до 500 м (1700 фут) AGL</description><ExtendedData><Data name="Name"><value>UUR292</value></Data><Data name="Altitudes"><value>От земли до 500 м (1700 фут) AGL</value></Data><Data name="Type"><value>пост_ограничение</value></Data></ExtendedData><MultiGeometry><Polygon><outerBoundaryIs><LinearRing><coordinates>34.1194444291287,53.4096371239805 34.1241491757662,53.4094157640261 34.1287379499005,53.4087572059502 34.1330976536374,53.4076776402226 34.1371207586374,53.4062037674073 34.1407081807245,53.4043717820756 34.1437715256749,53.4022269481555 34.1462354248361,53.3998220474724 34.1480392419267,53.3972164187285 34.1491387798344,53.3944741369122 34.1495069094379,53.391662889595 34.1491348272472,53.3888517779173 34.1480318757413,53.3861100286632 34.1462251840419,53.3835052213282 34.1437594882501,53.3811014060249 34.140695514479,53.3789577032815 34.1371087212125,53.3771269028146 34.1330874128432,53.3756540079859 34.1287304938837,53.374575317356 34.1241453130105,53.3739172918477 34.1194444291287,53.3736961212123 34.1147435452469,53.3739172918477 34.1101583643737,53.374575317356 34.1058014454142,53.3756540079859 34.1017801370448,53.3771269028146 34.0981933437784,53.3789577032815 34.0951293700073,53.3811014060249 34.0926636742155,53.3835052213282 34.090856982516,53.3861100286632 34.0897540310102,53.3888517779173 34.0893819488195,53.391662889595 34.0897500784229,53.3944741369122 34.0908496163307,53.3972164187285 34.0926534334212,53.3998220474724 34.0951173325825,53.4022269481555 34.0981806775329,53.4043717820756 34.10176809962,53.4062037674073 34.1057912046199,53.4076776402226 34.1101509083568,53.4087572059502 34.1147396824912,53.4094157640261 34.1194444291287,53.4096371239805</coordinates></LinearRing></outerBoundaryIs></Polygon></MultiGeometry></Placemark><Placemark><styleUrl>#4326_пост_ограничение_map</styleUrl><name>UUR293</name><description>От земли до 500 м (1700 фут) AMSL

He распространяется на воздушные суда, выполняющие полеты (перелеты) под литерами "А" и "К"</description><ExtendedData><Data name="Name"><value>UUR293</value></Data><Data name="Altitudes"><value>От земли до 500 м (1700 фут) AMSL

He распространяется на воздушные суда, выполняющие полеты (перелеты) под литерами "А" и "К"</value></Data><Data name="Type"><value>пост_ограничение</value></Data></ExtendedData><MultiGeometry><Polygon><outerBoundaryIs><LinearRing><coordinates>36.1213889081405,58.571388869563 36.1697222230134,58.5475000014166 36.1269444491836,58.5277777571639 36.074166629611,58.5486110886684 36.1213889081405,58.571388869563</coordinates></LinearRing></outerBoundaryIs></Polygon></MultiGeometry></Placemark><Placemark><styleUrl>#4326_пост_ограничение_map</styleUrl><name>UUR294</name><description>От земли до 500 м (1700 фут) AMSL

He распространяется на воздушные суда, выполняющие полеты (перелеты) под литерами "А" и "К"</description><ExtendedData><Data name="Name"><value>UUR294</value></Data><Data name="Altitudes"><value>От земли до 500 м (1700 фут) AMSL

He распространяется на воздушные суда, выполняющие полеты (перелеты) под литерами "А" и "К"</value></Data><Data name="Type"><value>пост_ограничение</value></Data></ExtendedData><MultiGeometry><Polygon><outerBoundaryIs><LinearRing><coordinates>32.4052777666674,54.5519444460301 32.4283332979289,54.5263888761163 32.3808333501451,54.5163888637226 32.3638888780984,54.5419444541668 32.4052777666674,54.5519444460301</coordinates></LinearRing></outerBoundaryIs></Polygon></MultiGeometry></Placemark><Placemark><styleUrl>#4326_пост_ограничение_map</styleUrl><name>UUR295</name><description>От земли до 500 м (1700 фут) AMSL

He распространяется на воздушные суда, выполняющие полеты (перелеты) под литерами "А" и "К"</description><ExtendedData><Data name="Name"><value>UUR295</value></Data><Data name="Altitudes"><value>От земли до 500 м (1700 фут) AMSL

He распространяется на воздушные суда, выполняющие полеты (перелеты) под литерами "А" и "К"</value></Data><Data name="Type"><value>пост_ограничение</value></Data></ExtendedData><MultiGeometry><Polygon><outerBoundaryIs><LinearRing><coordinates>32.1902777713436,56.5527777645518 32.2013888534298,56.5266666658894 32.1508333760386,56.5216666763711 32.1433333417315,56.5463888652659 32.1902777713436,56.5527777645518</coordinates></LinearRing></outerBoundaryIs></Polygon></MultiGeometry></Placemark><Placemark><styleUrl>#4326_пост_ограничение_map</styleUrl><name>UUR296</name><description>От земли до 500 м (1700 фут) AMSL

He распространяется на воздушные суда, выполняющие полеты (перелеты) под литерами "А" и "К"</description><ExtendedData><Data name="Name"><value>UUR296</value></Data><Data name="Altitudes"><value>От земли до 500 м (1700 фут) AMSL

He распространяется на воздушные суда, выполняющие полеты (перелеты) под литерами "А" и "К"</value></Data><Data name="Type"><value>пост_ограничение</value></Data></ExtendedData><MultiGeometry><Polygon><outerBoundaryIs><LinearRing><coordinates>39.840555579221,57.5608333412179 39.879999974526,57.538888877893 39.8402778201352,57.5177777699451 39.7963889201305,57.538888877893 39.840555579221,57.5608333412179</coordinates></LinearRing></outerBoundaryIs></Polygon></MultiGeometry></Placemark><Placemark><styleUrl>#4326_пост_ограничение_map</styleUrl><name>UUR297</name><description>От земли до 500 м (1700 фут) AMSL

He распространяется на воздушные суда, выполняющие полеты (перелеты) под литерами "А" и "К"</description><ExtendedData><Data name="Name"><value>UUR297</value></Data><Data name="Altitudes"><value>От земли до 500 м (1700 фут) AMSL

He распространяется на воздушные суда, выполняющие полеты (перелеты) под литерами "А" и "К"</value></Data><Data name="Type"><value>пост_ограничение</value></Data></ExtendedData><MultiGeometry><Polygon><outerBoundaryIs><LinearRing><coordinates>39.717500039689,57.5933333177977 39.7727777808657,57.5952777614851 39.7763889184764,57.5663889110272 39.722222213643,57.5625000049536 39.717500039689,57.5933333177977</coordinates></LinearRing></outerBoundaryIs></Polygon></MultiGeometry></Placemark><Placemark><styleUrl>#4326_пост_ограничение_map</styleUrl><name>UUR298</name><description>От земли до 500 м (1700 фут) AMSL

He распространяется на воздушные суда, выполняющие полеты (перелеты) под литерами "А" и "К"</description><ExtendedData><Data name="Name"><value>UUR298</value></Data><Data name="Altitudes"><value>От земли до 500 м (1700 фут) AMSL

He распространяется на воздушные суда, выполняющие полеты (перелеты) под литерами "А" и "К"</value></Data><Data name="Type"><value>пост_ограничение</value></Data></ExtendedData><MultiGeometry><Polygon><outerBoundaryIs><LinearRing><coordinates>39.6261111020689,57.3938888770114 39.6641667019447,57.3819444228125 39.6369444250693,57.3533333111218 39.5936111330678,57.3652778013903 39.6261111020689,57.3938888770114</coordinates></LinearRing></outerBoundaryIs></Polygon></MultiGeometry></Placemark><Placemark><styleUrl>#4326_пост_ограничение_map</styleUrl><name>UUR299</name><description>От земли до 500 м (1700 фут) AMSL

He распространяется на воздушные суда, выполняющие полеты (перелеты) под литерами "А" и "К"</description><ExtendedData><Data name="Name"><value>UUR299</value></Data><Data name="Altitudes"><value>От земли до 500 м (1700 фут) AMSL

He распространяется на воздушные суда, выполняющие полеты (перелеты) под литерами "А" и "К"</value></Data><Data name="Type"><value>пост_ограничение</value></Data></ExtendedData><MultiGeometry><Polygon><outerBoundaryIs><LinearRing><coordinates>38.3794444221277,57.7547222047168 38.4305555973537,57.7425000096268 38.4088888615214,57.719166648658 38.3558333726945,57.7297222458749 38.3794444221277,57.7547222047168</coordinates></LinearRing></outerBoundaryIs></Polygon></MultiGeometry></Placemark><Placemark><styleUrl>#4326_пост_ограничение_map</styleUrl><name>UUR300</name><description>От земли до 500 м (1700 фут) AMSL

He распространяется на воздушные суда, выполняющие полеты (перелеты) под литерами "А" и "К"</description><ExtendedData><Data name="Name"><value>UUR300</value></Data><Data name="Altitudes"><value>От земли до 500 м (1700 фут) AMSL

He распространяется на воздушные суда, выполняющие полеты (перелеты) под литерами "А" и "К"</value></Data><Data name="Type"><value>пост_ограничение</value></Data></ExtendedData><MultiGeometry><Polygon><outerBoundaryIs><LinearRing><coordinates>37.8861111378245,57.9905555415547 37.9330555674367,57.9825000167925 37.9172222215649,57.9538888791141 37.8680555396029,57.9619444628731 37.8861111378245,57.9905555415547</coordinates></LinearRing></outerBoundaryIs></Polygon></MultiGeometry></Placemark><Placemark><styleUrl>#4326_пост_ограничение_map</styleUrl><name>UUR301</name><description>От земли до 500 м (1700 фут) AMSL

He распространяется на воздушные суда, выполняющие полеты (перелеты) под литерами "А" и "К"</description><ExtendedData><Data name="Name"><value>UUR301</value></Data><Data name="Altitudes"><value>От земли до 500 м (1700 фут) AMSL

He распространяется на воздушные суда, выполняющие полеты (перелеты) под литерами "А" и "К"</value></Data><Data name="Type"><value>пост_ограничение</value></Data></ExtendedData><MultiGeometry><Polygon><outerBoundaryIs><LinearRing><coordinates>38.1272221940173,57.9233333212622 38.1650000348072,57.9041666673847 38.1302778134562,57.8855555356669 38.0911110874055,57.9047222069415 38.1272221940173,57.9233333212622</coordinates></LinearRing></outerBoundaryIs></Polygon></MultiGeometry></Placemark><Placemark><styleUrl>#4326_пост_ограничение_map</styleUrl><name>UUR302</name><description>От земли до 500 м (1700 фут) AMSL</description><ExtendedData><Data name="Name"><value>UUR302</value></Data><Data name="Altitudes"><value>От земли до 500 м (1700 фут) AMSL</value></Data><Data name="Type"><value>пост_ограничение</value></Data></ExtendedData><MultiGeometry><Polygon><outerBoundaryIs><LinearRing><coordinates>32.4116666747995,55.618148581135 32.4141495284133,55.6180379588113 32.4165711169247,55.6177088860474 32.4188719718619,55.6171693898295 32.4209952298675,55.6164328322578 32.4228886988233,55.6155173523555 32.4245056663348,55.6144454098022 32.4258064268662,55.6132435321739 32.4267588207304,55.6119412995521 32.4273395815616,55.6105707356861 32.4275344261467,55.6091656480444 32.4273385035832,55.6077605606945 32.4267567546052,55.6063901552009 32.4258034624257,55.6050881517008 32.4245022527367,55.6038865454539 32.4228850157307,55.6028149447244 32.4209918162694,55.6018997558121 32.4188690074215,55.6011634696231 32.4165690507996,55.6006242533749 32.4141483606035,55.6002952881371 32.4116666747995,55.6001847169481 32.4091849889956,55.6002952881371 32.4067642987995,55.6006242533749 32.4044643421776,55.6011634696231 32.4023415333297,55.6018997558121 32.4004483338684,55.6028149447244 32.3988310968624,55.6038865454539 32.3975298871734,55.6050881517008 32.3965765949939,55.6063901552009 32.3959948460159,55.6077605606945 32.3957989234524,55.6091656480444 32.3959937680375,55.6105707356861 32.3965745288687,55.6119412995521 32.3975269227329,55.6132435321739 32.3988276832643,55.6144454098022 32.4004446507757,55.6155173523555 32.4023381197316,55.6164328322578 32.4044613777371,55.6171693898295 32.4067622326744,55.6177088860474 32.4091838211858,55.6180379588113 32.4116666747995,55.618148581135</coordinates></LinearRing></outerBoundaryIs></Polygon></MultiGeometry></Placemark><Placemark><styleUrl>#4326_пост_ограничение_map</styleUrl><name>UUR303</name><description>От земли до 1000 м (3300 фут) AMSL</description><ExtendedData><Data name="Name"><value>UUR303</value></Data><Data name="Altitudes"><value>От земли до 1000 м (3300 фут) AMSL</value></Data><Data name="Type"><value>пост_ограничение</value></Data></ExtendedData><MultiGeometry><Polygon><outerBoundaryIs><LinearRing><coordinates>36.7758333318514,56.7504985543262 36.7789017073674,56.7503658434625 36.781894534568,56.749970965401 36.7847379719368,56.749323684073 36.7873619508817,56.7484399283275 36.7897018825338,56.7473414479917 36.7917001848833,56.7460553716228 36.7933075404212,56.744613369602 36.7944844232749,56.7430509159046 36.7952019975239,56.7414065002828 36.7954424765254,56.7397206919395 36.7952002008933,56.7380349064009 36.7944810995084,56.7363907640968 36.7933029590132,56.7348286583307 36.7916947949916,56.7333870630885 36.789696312979,56.7321014453018 36.7873566508215,56.7310034729111 36.7847334803604,56.7301201239357 36.7818912108014,56.729473190545 36.7789000005684,56.729078536429 36.7758333318514,56.7289458977379 36.7727666631345,56.729078536429 36.7697754529015,56.729473190545 36.7669331833425,56.7301201239357 36.7643100128813,56.7310034729111 36.7619703507238,56.7321014453018 36.7599718687113,56.7333870630885 36.7583637046896,56.7348286583307 36.7571855641945,56.7363907640968 36.7564664628096,56.7380349064009 36.7562241871775,56.7397206919395 36.756464666179,56.7414065002828 36.757182240428,56.7430509159046 36.7583591232817,56.744613369602 36.7599664788196,56.7460553716228 36.7619647811691,56.7473414479917 36.7643047128212,56.7484399283275 36.7669286917661,56.749323684073 36.7697721291349,56.749970965401 36.7727649563355,56.7503658434625 36.7758333318514,56.7504985543262</coordinates></LinearRing></outerBoundaryIs></Polygon></MultiGeometry></Placemark><Placemark><styleUrl>#4326_пост_ограничение_map</styleUrl><name>UUR304</name><description>От земли до 500 м (1700 фут) AMSL</description><ExtendedData><Data name="Name"><value>UUR304</value></Data><Data name="Altitudes"><value>От земли до 500 м (1700 фут) AMSL</value></Data><Data name="Type"><value>пост_ограничение</value></Data></ExtendedData><MultiGeometry><Polygon><outerBoundaryIs><LinearRing><coordinates>46.0888888678784,56.432961426068 46.0939602169834,56.4327401920318 46.0989064307693,56.4320819571372 46.1036056976836,56.4310028751036 46.1079422248861,56.4295296395678 46.1118089331951,56.4276985426395 46.1151107808534,56.4255546838339 46.1177663804963,56.4231509804614 46.1197105144342,56.4205465805836 46.1208953922939,56.4178056735473 46.1212919086604,56.4149957517053 46.1208906312229,56.4121860696496 46.1197015312814,56.4094457529849 46.1177540735769,56.4068422536637 46.1150962281458,56.4044397038644 46.1117936618353,56.4022971686086 46.1079276721785,56.400467345437 46.1035933907642,56.3989953132737 46.0988974476164,56.3979171815799 46.0939554559124,56.3972594872608 46.0888888678784,56.3970384930321 46.0838222798444,56.3972594872608 46.0788802881404,56.3979171815799 46.0741843449927,56.3989953132737 46.0698500635783,56.400467345437 46.0659840739216,56.4022971686086 46.062681507611,56.4044397038644 46.0600236621799,56.4068422536637 46.0580762044755,56.4094457529849 46.0568871045339,56.4121860696496 46.0564858270965,56.4149957517053 46.0568823434629,56.4178056735473 46.0580672213226,56.4205465805836 46.0600113552605,56.4231509804614 46.0626669549034,56.4255546838339 46.0659688025617,56.4276985426395 46.0698355108707,56.4295296395678 46.0741720380733,56.4310028751036 46.0788713049876,56.4320819571372 46.0838175187734,56.4327401920318 46.0888888678784,56.432961426068</coordinates></LinearRing></outerBoundaryIs></Polygon></MultiGeometry></Placemark><Placemark><styleUrl>#4326_пост_ограничение_map</styleUrl><name>UUR305</name><description>От земли до 500 м (1700 фут) AMSL</description><ExtendedData><Data name="Name"><value>UUR305</value></Data><Data name="Altitudes"><value>От земли до 500 м (1700 фут) AMSL</value></Data><Data name="Type"><value>пост_ограничение</value></Data></ExtendedData><MultiGeometry><Polygon><outerBoundaryIs><LinearRing><coordinates>38.3108333465149,52.7771390491499 38.3154696415277,52.7769176637289 38.3199915810049,52.7762590572007 38.3242877738512,52.775179389318 38.3282523985262,52.7737053232834 38.3317876284953,52.7718732123208 38.3348064170076,52.7697281237336 38.337234473389,52.7673230268905 38.3390121495048,52.7647170549497 38.3400956075689,52.7619745287852 38.3404585269437,52.7591629446115 38.3400918346448,52.7563515595398 38.3390049629825,52.7536095395348 38.3372245919209,52.7510044326145 38.3347948287404,52.7486003133802 38.3317754114074,52.7464563621531 38.328240810259,52.7446253885828 38.3242779822146,52.743152354651 38.3199843944827,52.74207349728 38.3154658686035,52.7414153969148 38.3108333465149,52.74119421058 38.3062008244262,52.7414153969148 38.3016822985471,52.74207349728 38.2973887108151,52.743152354651 38.2934258827707,52.7446253885828 38.2898912816223,52.7464563621531 38.2868718642893,52.7486003133802 38.2844421011088,52.7510044326145 38.2826617300472,52.7536095395348 38.281574858385,52.7563515595398 38.281208166086,52.7591629446115 38.2815710854608,52.7619745287852 38.282654543525,52.7647170549497 38.2844322196407,52.7673230268905 38.2868602760222,52.7697281237336 38.2898790645344,52.7718732123208 38.2934142945036,52.7737053232834 38.2973789191785,52.775179389318 38.3016751120248,52.7762590572007 38.306197051502,52.7769176637289 38.3108333465149,52.7771390491499</coordinates></LinearRing></outerBoundaryIs></Polygon></MultiGeometry></Placemark><Placemark><styleUrl>#4326_пост_ограничение_map</styleUrl><name>UUR306</name><description>От земли до 500 м (1700 фут) AMSL</description><ExtendedData><Data name="Name"><value>UUR306</value></Data><Data name="Altitudes"><value>От земли до 500 м (1700 фут) AMSL</value></Data><Data name="Type"><value>пост_ограничение</value></Data></ExtendedData><MultiGeometry><Polygon><outerBoundaryIs><LinearRing><coordinates>36.0666666851354,53.1374157240562 36.071341697537,53.1371943476898 36.0759013662562,53.1365357759337 36.0802334018823,53.1354561954649 36.0842310845597,53.1339822086202 36.0877957792701,53.1321501888941 36.0908397206104,53.1300052051891 36.0932880789173,53.1276002707114 36.0950804874037,53.1249944572018 36.0961731082837,53.1222520891841 36.0965389022674,53.1194406944196 36.096169245528,53.116629439171 36.0950732110499,53.1138876158726 36.0932780177861,53.1112826426218 36.0908279526802,53.1088787095495 36.0877832926877,53.1067348832501 36.084219226798,53.1049040209629 36.0802233407511,53.1034310895512 36.0758940899024,53.1023522952983 36.0713378347813,53.1016942682754 36.0666666851354,53.1014730854478 36.0619955354895,53.1016942682754 36.0574392803685,53.1023522952983 36.0531100295197,53.1034310895512 36.0491141434729,53.1049040209629 36.0455500775832,53.1067348832501 36.0425054175907,53.1088787095495 36.0400553524848,53.1112826426218 36.038260159221,53.1138876158726 36.0371641247428,53.116629439171 36.0367944680034,53.1194406944196 36.0371602619871,53.1222520891841 36.0382528828672,53.1249944572018 36.0400452913536,53.1276002707114 36.0424936496605,53.1300052051891 36.0455375910007,53.1321501888941 36.0491022857112,53.1339822086202 36.0530999683885,53.1354561954649 36.0574320040147,53.1365357759337 36.0619916727338,53.1371943476898 36.0666666851354,53.1374157240562</coordinates></LinearRing></outerBoundaryIs></Polygon></MultiGeometry></Placemark><Placemark><styleUrl>#4326_пост_ограничение_map</styleUrl><name>UUR307</name><description>От земли до 500 м (1700 фут) AMSL</description><ExtendedData><Data name="Name"><value>UUR307</value></Data><Data name="Altitudes"><value>От земли до 500 м (1700 фут) AMSL</value></Data><Data name="Type"><value>пост_ограничение</value></Data></ExtendedData><MultiGeometry><Polygon><outerBoundaryIs><LinearRing><coordinates>32.0161111464171,52.5257509285425 32.0207209411291,52.5255295752635 32.0252170091261,52.5248708782557 32.0294886779651,52.5237912007763 32.0334305752634,52.5223170870089 32.0369455931386,52.5204848821917 32.0399471339974,52.5183397509689 32.0423613563235,52.5159345318086 32.0441288814765,52.5133284817684 32.0452062309968,52.510585801489 32.0455669944149,52.5077741043469 32.0452024580726,52.5049625553262 32.0441217847858,52.5022204467302 32.0423516545184,52.4996152240323 32.0399357253933,52.4972110034121 32.0369335557138,52.4950669782739 32.0334191666593,52.4932358795359 32.0294789761601,52.4917627643087 32.0252100022669,52.4906839141917 32.0207171682049,52.4900257888508 32.0161111464171,52.4898045836935 32.0115051246293,52.4900257888508 32.0070122905673,52.4906839141917 32.0027433166741,52.4917627643087 31.9988031261749,52.4932358795359 31.9952887371204,52.4950669782739 31.9922865674408,52.4972110034121 31.9898706383157,52.4996152240323 31.9881005080484,52.5022204467302 31.9870198347616,52.5049625553262 31.9866552984193,52.5077741043469 31.9870160618374,52.510585801489 31.9880934113576,52.5133284817684 31.9898609365107,52.5159345318086 31.9922751588367,52.5183397509689 31.9952766996956,52.5204848821917 31.9987917175708,52.5223170870089 32.002733614869,52.5237912007763 32.0070052837081,52.5248708782557 32.0115013517051,52.5255295752635 32.0161111464171,52.5257509285425</coordinates></LinearRing></outerBoundaryIs></Polygon></MultiGeometry></Placemark><Placemark><styleUrl>#4326_пост_ограничение_map</styleUrl><name>UUR308</name><description>От земли до 500 м (1700 фут) AMSL</description><ExtendedData><Data name="Name"><value>UUR308</value></Data><Data name="Altitudes"><value>От земли до 500 м (1700 фут) AMSL</value></Data><Data name="Type"><value>пост_ограничение</value></Data></ExtendedData><MultiGeometry><Polygon><outerBoundaryIs><LinearRing><coordinates>33.9941666372468,52.9921384260183 33.9988259291309,52.9919170569669 34.0033703264902,52.9912584718767 34.0076878094088,52.990178858339 34.0116720173569,52.9887048550552 34.015224764474,52.9868727424908 34.0182585548516,52.9847277971082 34.0206986486578,52.982322724503 34.0224851282634,52.9797169056522 34.0235739762192,52.9769744498897 34.0239386023931,52.974162951606 34.0235701134635,52.9713516491215 34.0224778519096,52.9686097445187 34.0206886773582,52.9660047217232 34.0182467869214,52.9636007171498 34.0152124575547,52.9614568889147 34.0116602494267,52.9596259476941 34.0076778381091,52.9581529582203 34.0033630501364,52.9570741407256 33.9988220663752,52.9564161068191 33.9941666372468,52.9561949335592 33.9895112081184,52.9564161068191 33.9849702243571,52.9570741407256 33.9806554363844,52.9581529582203 33.9766730250669,52.9596259476941 33.9731208169389,52.9614568889147 33.9700864875722,52.9636007171498 33.9676445971354,52.9660047217232 33.965855422584,52.9686097445187 33.96476316103,52.9713516491215 33.9643946721005,52.974162951606 33.9647592982743,52.9769744498897 33.9658481462302,52.9797169056522 33.9676346258357,52.982322724503 33.970074719642,52.9847277971082 33.9731085100195,52.9868727424908 33.9766612571367,52.9887048550552 33.9806454650848,52.990178858339 33.9849629480033,52.9912584718767 33.9895073453626,52.9919170569669 33.9941666372468,52.9921384260183</coordinates></LinearRing></outerBoundaryIs></Polygon></MultiGeometry></Placemark><Placemark><styleUrl>#4326_пост_ограничение_map</styleUrl><name>UUR309</name><description>От земли до 500 м (1700 фут) AMSL</description><ExtendedData><Data name="Name"><value>UUR309</value></Data><Data name="Altitudes"><value>От земли до 500 м (1700 фут) AMSL</value></Data><Data name="Type"><value>пост_ограничение</value></Data></ExtendedData><MultiGeometry><Polygon><outerBoundaryIs><LinearRing><coordinates>37.198055529106,52.8582498839312 37.2027004479456,52.8580285327 37.2072308315865,52.8573699095654 37.2115351092704,52.8562902526561 37.2155070102991,52.8548162294512 37.2190487979698,52.8529841248852 37.2220732458684,52.8508390847667 37.2245058836578,52.8484339790371 37.2262867937085,52.8458281018326 37.2273723178979,52.843085599032 37.2277358660934,52.84027405791 37.2273685449737,52.8374626602488 37.2262796071863,52.83472071453 37.2244959123581,52.8321156424079 37.2220615677697,52.8297115618891 37.2190365808819,52.8275676515165 37.2154953322004,52.8257366767058 37.2115251379707,52.8242636787291 37.2072236450642,52.8231848268762 37.2026966750215,52.8225267608271 37.198055529106,52.8223055530468 37.1934143831906,52.8225267608271 37.1888874131478,52.8231848268762 37.1845859202414,52.8242636787291 37.1806157260117,52.8257366767058 37.1770744773302,52.8275676515165 37.1740494904424,52.8297115618891 37.171615145854,52.8321156424079 37.1698314510258,52.83472071453 37.1687425132384,52.8374626602488 37.1683751921187,52.84027405791 37.1687387403142,52.843085599032 37.1698242645036,52.8458281018326 37.1716051745543,52.8484339790371 37.1740378123437,52.8508390847667 37.1770622602423,52.8529841248852 37.180604047913,52.8548162294512 37.1845759489417,52.8562902526561 37.1888802266256,52.8573699095654 37.1934106102664,52.8580285327 37.198055529106,52.8582498839312</coordinates></LinearRing></outerBoundaryIs></Polygon></MultiGeometry></Placemark><Placemark><styleUrl>#4326_пост_ограничение_map</styleUrl><name>UUR310</name><description>От земли до 500 м (1700 фут) AMSL</description><ExtendedData><Data name="Name"><value>UUR310</value></Data><Data name="Altitudes"><value>От земли до 500 м (1700 фут) AMSL</value></Data><Data name="Type"><value>пост_ограничение</value></Data></ExtendedData><MultiGeometry><Polygon><outerBoundaryIs><LinearRing><coordinates>35.0924999940446,53.1221380114253 35.0971732996472,53.1219166640393 35.1017314412303,53.1212580731363 35.1060619497205,53.1201784852342 35.1100581950934,53.1187045122038 35.1136216321624,53.1168724324803 35.1166644955244,53.1147274932437 35.1191119555159,53.1123225104865 35.1209037351816,53.1097167392367 35.1219959069041,53.1069743648627 35.1223616110562,53.104162939253 35.1219920441483,53.1013516533728 35.1208964588278,53.0986098243943 35.1191018943848,53.0960048944742 35.1166526377626,53.0936009144135 35.11360914558,53.0914571340788 35.1100463373317,53.0896262132277 35.1060518885893,53.0881532969706 35.101724075045,53.0870744963166 35.0971694368914,53.0864164508115 35.0924999940446,53.086195297225 35.0878305511977,53.0864164508115 35.0832759130442,53.0870744963166 35.0789480994999,53.0881532969706 35.0749536507575,53.0896262132277 35.0713908425092,53.0914571340788 35.0683473503266,53.0936009144135 35.0658980937044,53.0960048944742 35.0641035292613,53.0986098243943 35.0630079439408,53.1013516533728 35.0626383770329,53.104162939253 35.0630040811851,53.1069743648627 35.0640962529075,53.1097167392367 35.0658880325732,53.1123225104865 35.0683354925648,53.1147274932437 35.0713783559267,53.1168724324803 35.0749417929958,53.1187045122038 35.0789380383687,53.1201784852342 35.0832685468589,53.1212580731363 35.087826688442,53.1219166640393 35.0924999940446,53.1221380114253</coordinates></LinearRing></outerBoundaryIs></Polygon></MultiGeometry></Placemark><Placemark><styleUrl>#4326_пост_ограничение_map</styleUrl><name>UUR311</name><description>От земли до 500 м (1700 фут) AMSL</description><ExtendedData><Data name="Name"><value>UUR311</value></Data><Data name="Altitudes"><value>От земли до 500 м (1700 фут) AMSL</value></Data><Data name="Type"><value>пост_ограничение</value></Data></ExtendedData><MultiGeometry><Polygon><outerBoundaryIs><LinearRing><coordinates>32.9372222588495,52.7857501401477 32.9418594521776,52.785528744279 32.9463822899701,52.7848701597652 32.9506793811317,52.783790488672 32.9546447244589,52.7823164433515 32.9581806730802,52.7804843153133 32.9612000005817,52.7783392173474 32.9636285959523,52.7759341082722 32.9654066313941,52.7733282184302 32.9664903589529,52.7705856379819 32.9668532783277,52.7677740676371 32.9664865860287,52.7649626417736 32.9653994448719,52.7622206760861 32.9636187144842,52.7596155417092 32.9611884123145,52.7572114640151 32.9581684559923,52.7550675025946 32.9546331361917,52.7532365111266 32.9506694996636,52.7517634971905 32.9463751932794,52.7506846360268 32.9418556792534,52.7500265573246 32.9372222588495,52.7498053604014 32.9325888384455,52.7500265573246 32.9280693244196,52.7506846360268 32.9237750180354,52.7517634971905 32.9198113815073,52.7532365111266 32.9162760617066,52.7550675025946 32.9132561053845,52.7572114640151 32.9108258032148,52.7596155417092 32.9090450728271,52.7622206760861 32.9079579316702,52.7649626417736 32.9075912393713,52.7677740676371 32.9079541587461,52.7705856379819 32.9090378863048,52.7733282184302 32.9108159217467,52.7759341082722 32.9132445171173,52.7783392173474 32.9162638446187,52.7804843153133 32.9197997932401,52.7823164433515 32.9237651365673,52.783790488672 32.9280622277288,52.7848701597652 32.9325850655213,52.785528744279 32.9372222588495,52.7857501401477</coordinates></LinearRing></outerBoundaryIs></Polygon></MultiGeometry></Placemark><Placemark><styleUrl>#4326_пост_ограничение_map</styleUrl><name>UUR312</name><description>От земли до 500 м (1700 фут) AMSL</description><ExtendedData><Data name="Name"><value>UUR312</value></Data><Data name="Altitudes"><value>От земли до 500 м (1700 фут) AMSL</value></Data><Data name="Type"><value>пост_ограничение</value></Data></ExtendedData><MultiGeometry><Polygon><outerBoundaryIs><LinearRing><coordinates>36.1313888640518,53.059915975607 36.1360554322897,53.0596946310971 36.1406070161713,53.0590360026547 36.1449312364545,53.0579564146105 36.1489217326096,53.0564824093993 36.1524800492815,53.054650372466 36.1555185108985,53.0525054004318 36.1579624674605,53.0501003862176 36.1597517318434,53.0474945628623 36.1608422865983,53.0447521550016 36.1612075415928,53.0419407044979 36.1608384238426,53.0391294487509 36.1597444554896,53.0363875349038 36.1579524063293,53.033782557161 36.1555067429683,53.0313786051172 36.1524676525306,53.0292347437941 36.1489099646794,53.027403871745 36.1449212651548,53.0259308745399 36.140599649986,53.0248521321293 36.136051569534,53.0241940518242 36.1313888640518,53.0239728479155 36.1267261585696,53.0241940518242 36.1221780781176,53.0248521321293 36.1178564629488,53.0259308745399 36.1138677634242,53.027403871745 36.110310075573,53.0292347437941 36.1072709851353,53.0313786051172 36.1048253217743,53.033782557161 36.103033272614,53.0363875349038 36.101939304261,53.0391294487509 36.1015701865107,53.0419407044979 36.1019354415052,53.0447521550016 36.1030259962602,53.0474945628623 36.1048152606431,53.0501003862176 36.107259217205,53.0525054004318 36.1102976788221,53.054650372466 36.113855995494,53.0564824093993 36.1178464916491,53.0579564146105 36.1221707119323,53.0590360026547 36.1267222958138,53.0596946310971 36.1313888640518,53.059915975607</coordinates></LinearRing></outerBoundaryIs></Polygon></MultiGeometry></Placemark><Placemark><styleUrl>#4326_пост_ограничение_map</styleUrl><name>UUR313</name><description>От земли до 500 м (1700 фут) AMSL</description><ExtendedData><Data name="Name"><value>UUR313</value></Data><Data name="Altitudes"><value>От земли до 500 м (1700 фут) AMSL</value></Data><Data name="Type"><value>пост_ограничение</value></Data></ExtendedData><MultiGeometry><Polygon><outerBoundaryIs><LinearRing><coordinates>32.6913888490397,52.7835279060652 32.6960257728733,52.7833065533009 32.7005484310027,52.7826479349884 32.7048452526697,52.781568262956 32.7088104163338,52.7800941964621 32.7123461852921,52.7782620833544 32.715365422962,52.7761170387484 32.7177938386696,52.7737119152344 32.7195717842799,52.7711059461876 32.7206554220071,52.7683634429908 32.7210183413819,52.7655518374134 32.7206516490829,52.7627404308369 32.7195645977576,52.7599984335283 32.7177839572014,52.7573933290645 32.7153538346948,52.7549892371129 32.7123339682042,52.7528452747857 32.7087988280666,52.751014298468 32.7048354610331,52.7495412635333 32.7005412444804,52.7484624015793 32.6960219999491,52.7478042891461 32.6913888490397,52.7475831353969 32.6867556981303,52.7478042891461 32.682236453599,52.7484624015793 32.6779422370463,52.7495412635333 32.6739788700128,52.751014298468 32.6704437298752,52.7528452747857 32.6674238633845,52.7549892371129 32.6649937408779,52.7573933290645 32.6632131003217,52.7599984335283 32.6621260489964,52.7627404308369 32.6617593566975,52.7655518374134 32.6621222760722,52.7683634429908 32.6632059137995,52.7711059461876 32.6649838594098,52.7737119152344 32.6674122751174,52.7761170387484 32.6704315127873,52.7782620833544 32.6739672817456,52.7800941964621 32.6779324454097,52.781568262956 32.6822292670767,52.7826479349884 32.6867519252061,52.7833065533009 32.6913888490397,52.7835279060652</coordinates></LinearRing></outerBoundaryIs></Polygon></MultiGeometry></Placemark><Placemark><styleUrl>#4326_пост_ограничение_map</styleUrl><name>UUR314</name><description>От земли до 500 м (1700 фут) AMSL</description><ExtendedData><Data name="Name"><value>UUR314</value></Data><Data name="Altitudes"><value>От земли до 500 м (1700 фут) AMSL</value></Data><Data name="Type"><value>пост_ограничение</value></Data></ExtendedData><MultiGeometry><Polygon><outerBoundaryIs><LinearRing><coordinates>39.5636110856709,55.5873153277399 39.5660919629911,55.5872047198129 39.5685116650404,55.5868755906937 39.570810723347,55.5863361263514 39.5729323643851,55.5855995468195 39.5748243062049,55.5846840563434 39.576440016075,55.5836121323616 39.577739698628,55.5824102725392 39.5786914636715,55.5811079785634 39.5792717753451,55.5797374521392 39.5794663504356,55.5783323238914 39.5792706075352,55.5769272469218 39.5786893077149,55.5755568283906 39.5777368240191,55.5742548150415 39.5764366024769,55.5730531764786 39.5748207129438,55.5719815952124 39.5729288609555,55.5710663965691 39.5708077589066,55.5703301400811 39.5685095989152,55.5697908545845 39.5660908850127,55.5694619351355 39.5636110856709,55.5693513784878 39.5611312863291,55.5694619351355 39.5587125724266,55.5697908545845 39.5564144124352,55.5703301400811 39.5542933103864,55.5710663965691 39.552401458398,55.5719815952124 39.550785568865,55.5730531764786 39.5494853473227,55.5742548150415 39.548532863627,55.5755568283906 39.5479515638066,55.5769272469218 39.5477558209062,55.5783323238914 39.5479503959968,55.5797374521392 39.5485307076703,55.5811079785634 39.5494824727138,55.5824102725392 39.5507821552669,55.5836121323616 39.5523978651369,55.5846840563434 39.5542898069568,55.5855995468195 39.5564114479948,55.5863361263514 39.5587105063015,55.5868755906937 39.5611302083508,55.5872047198129 39.5636110856709,55.5873153277399</coordinates></LinearRing></outerBoundaryIs></Polygon></MultiGeometry></Placemark><Placemark><styleUrl>#4326_пост_ограничение_map</styleUrl><name>UUR315</name><description>От земли до 500 м (1700 фут) AMSL</description><ExtendedData><Data name="Name"><value>UUR315</value></Data><Data name="Altitudes"><value>От земли до 500 м (1700 фут) AMSL</value></Data><Data name="Type"><value>пост_ограничение</value></Data></ExtendedData><MultiGeometry><Polygon><outerBoundaryIs><LinearRing><coordinates>42.7463888497012,56.036759052136 42.7488984731104,56.0366484622363 42.7513462924281,56.0363194063686 42.7536719408672,56.0357799256752 42.7558181059124,56.0350434395732 42.7577319666253,56.0341279924192 42.7593664512847,56.0330561542335 42.7606812255346,56.0318543683448 42.7616439500245,56.0305521984167 42.7622309990627,56.029181726199 42.7624278199415,56.0277766975015 42.7622298312529,56.0263717683664 42.7616417940679,56.025001448952 42.7606781712626,56.023699499654 42.7593629478551,56.0224979746398 42.7577282835326,56.0214264661979 42.7558146024828,56.0205113487923 42.7536688865952,56.0197751235729 42.7513440466399,56.0192359138059 42.7488973053005,56.0189070107518 42.7463888497012,56.0187964198012 42.7438803941018,56.0189070107518 42.7414336527624,56.0192359138059 42.7391088128071,56.0197751235729 42.7369630969195,56.0205113487923 42.7350494158697,56.0214264661979 42.7334147515472,56.0224979746398 42.7320995281397,56.023699499654 42.7311359053344,56.025001448952 42.7305478681495,56.0263717683664 42.7303498794608,56.0277766975015 42.7305467003396,56.029181726199 42.7311337493778,56.0305521984167 42.7320964738678,56.0318543683448 42.7334112481176,56.0330561542335 42.7350457327771,56.0341279924192 42.7369595934899,56.0350434395732 42.7391057585352,56.0357799256752 42.7414314069742,56.0363194063686 42.7438792262919,56.0366484622363 42.7463888497012,56.036759052136</coordinates></LinearRing></outerBoundaryIs></Polygon></MultiGeometry></Placemark><Placemark><styleUrl>#4326_пост_ограничение_map</styleUrl><name>UUR316</name><description>От земли до 500 м (1700 фут) AMSL</description><ExtendedData><Data name="Name"><value>UUR316</value></Data><Data name="Altitudes"><value>От земли до 500 м (1700 фут) AMSL</value></Data><Data name="Type"><value>пост_ограничение</value></Data></ExtendedData><MultiGeometry><Polygon><outerBoundaryIs><LinearRing><coordinates>41.5888888550301,56.3809252116333 41.591421026153,56.380814617241 41.5938908541951,56.3804855733435 41.5962374333803,56.379946148493 41.5984029122042,56.3792096913541 41.6003340205705,56.3782942835132 41.6019832376006,56.3772225414445 41.6033097797806,56.3760208205054 41.6042812179289,56.3747187179683 41.6048734771957,56.3733483266748 41.605072094705,56.3719433886911 41.6048723093858,56.3705384984017 41.6042789721407,56.3691682552827 41.6033067255087,56.3678664161771 41.6019795545079,56.3666649473779 41.6003302476463,56.3655935250184 41.5983993189431,56.3646784368762 41.5962343791083,56.3639422318804 41.5938886084069,56.3634030704621 41.5914198583431,56.3630741747464 41.5888888550301,56.3629636280481 41.5863578517171,56.3630741747464 41.5838891016533,56.3634030704621 41.5815433309518,56.3639422318804 41.5793783911171,56.3646784368762 41.5774474624139,56.3655935250184 41.5757981555523,56.3666649473779 41.5744709845515,56.3678664161771 41.5734987379195,56.3691682552827 41.5729054006743,56.3705384984017 41.5727056153551,56.3719433886911 41.5729042328645,56.3733483266748 41.5734964921313,56.3747187179683 41.5744679302795,56.3760208205054 41.5757944724596,56.3772225414445 41.5774436894897,56.3782942835132 41.579374797856,56.3792096913541 41.5815402766799,56.379946148493 41.5838868558651,56.3804855733435 41.5863566839072,56.380814617241 41.5888888550301,56.3809252116333</coordinates></LinearRing></outerBoundaryIs></Polygon></MultiGeometry></Placemark><Placemark><styleUrl>#4326_пост_ограничение_map</styleUrl><name>UUR317</name><description>От земли до 950 м (3200 фут) AMSL</description><ExtendedData><Data name="Name"><value>UUR317</value></Data><Data name="Altitudes"><value>От земли до 950 м (3200 фут) AMSL</value></Data><Data name="Type"><value>пост_ограничение</value></Data></ExtendedData><MultiGeometry><Polygon><outerBoundaryIs><LinearRing><coordinates>37.3977777865613,55.9233333426104 37.591666654056,55.963333320321 37.5997222065348,55.9322222372706 37.4433333309126,55.8897222404494 37.3977777865613,55.9233333426104</coordinates></LinearRing></outerBoundaryIs></Polygon></MultiGeometry></Placemark><Placemark><styleUrl>#4326_пост_ограничение_map</styleUrl><name>UUR319</name><description>От земли до 750 м (2500 фут) AMSL</description><ExtendedData><Data name="Name"><value>UUR319</value></Data><Data name="Altitudes"><value>От земли до 750 м (2500 фут) AMSL</value></Data><Data name="Type"><value>пост_ограничение</value></Data></ExtendedData><MultiGeometry><Polygon><outerBoundaryIs><LinearRing><coordinates>33.8066666778842,52.469166665694 34.013055512726,52.5536111183714 34.1069444617817,52.5555555468798 34.1163888995213,52.4888888789578 34.1094444732174,52.4694444269927 33.8869444435865,52.4677777779126 33.8961111222402,52.4294444190935 33.8283333238849,52.4288888816833 33.8066666778842,52.469166665694</coordinates></LinearRing></outerBoundaryIs></Polygon></MultiGeometry></Placemark><Placemark><styleUrl>#4326_пост_ограничение_map</styleUrl><name>UUR320</name><description>От земли до 2150 м (7000 фут) AMSL</description><ExtendedData><Data name="Name"><value>UUR320</value></Data><Data name="Altitudes"><value>От земли до 2150 м (7000 фут) AMSL</value></Data><Data name="Type"><value>пост_ограничение</value></Data></ExtendedData><MultiGeometry><Polygon><outerBoundaryIs><LinearRing><coordinates>35.9000000046845,56.5950000034416 36.3000000377667,56.641666666099 36.5350000347446,56.5333333139073 36.5750000380528,56.4499999779953 36.3333333738569,56.3666666425636 36.4199999578598,56.2583333380542 36.1249999559196,56.2333333386226 35.6999999881434,56.2333333386226 35.9000000046845,56.5950000034416</coordinates></LinearRing></outerBoundaryIs></Polygon></MultiGeometry></Placemark><Placemark><styleUrl>#4326_пост_ограничение_map</styleUrl><name>UUR321</name><description>От земли до 700 м (2300 фут) AMSL</description><ExtendedData><Data name="Name"><value>UUR321</value></Data><Data name="Altitudes"><value>От земли до 700 м (2300 фут) AMSL</value></Data><Data name="Type"><value>пост_ограничение</value></Data></ExtendedData><MultiGeometry><Polygon><outerBoundaryIs><LinearRing><coordinates>39.3547222393935,51.9069444664249 39.6277777464156,52.0311111327362 39.7911111381732,52.0069444249873 39.6813889330772,51.8613888827521 39.3547222393935,51.9069444664249</coordinates></LinearRing></outerBoundaryIs></Polygon></MultiGeometry></Placemark><Placemark><styleUrl>#4326_пост_ограничение_map</styleUrl><name>UUR322</name><description>От земли до 700 м (2300 фут) AMSL</description><ExtendedData><Data name="Name"><value>UUR322</value></Data><Data name="Altitudes"><value>От земли до 700 м (2300 фут) AMSL</value></Data><Data name="Type"><value>пост_ограничение</value></Data></ExtendedData><MultiGeometry><Polygon><outerBoundaryIs><LinearRing><coordinates>37.5002778062675,58.6716666726534 37.9041666462147,58.6499999778325 37.7016667080694,58.8469444366577 37.9797222379629,58.8966666589024 38.1386111250208,58.821111088097 38.2069444415478,58.5708333408481 38.1108333299738,58.4738889094423 37.6458333588894,58.4686111118638 37.5002778062675,58.6716666726534</coordinates></LinearRing></outerBoundaryIs></Polygon></MultiGeometry></Placemark><Placemark><styleUrl>#4326_пост_ограничение_map</styleUrl><name>UUR323</name><description>От земли до 750 м (2500 фут) AMSL</description><ExtendedData><Data name="Name"><value>UUR323</value></Data><Data name="Altitudes"><value>От земли до 750 м (2500 фут) AMSL</value></Data><Data name="Type"><value>пост_ограничение</value></Data></ExtendedData><MultiGeometry><Polygon><outerBoundaryIs><LinearRing><coordinates>35.6233333600518,53.8197222180171 35.6702777896639,53.8452777617634 35.8036111340246,53.7763888787766 35.6780555830568,53.7352777609825 35.6233333600518,53.8197222180171</coordinates></LinearRing></outerBoundaryIs></Polygon></MultiGeometry></Placemark><Placemark><styleUrl>#4326_пост_ограничение_map</styleUrl><name>UUR324</name><description>От земли до 750 м (2500 фут) AMSL</description><ExtendedData><Data name="Name"><value>UUR324</value></Data><Data name="Altitudes"><value>От земли до 750 м (2500 фут) AMSL</value></Data><Data name="Type"><value>пост_ограничение</value></Data></ExtendedData><MultiGeometry><Polygon><outerBoundaryIs><LinearRing><coordinates>35.9088889242524,53.6391666798332 35.7741666946309,53.5072222304636 35.6308333045274,53.542222197247 35.6283332930917,53.5905555660438 35.6727778010996,53.640000002816 35.8808333701195,53.6536110939613 35.9088889242524,53.6391666798332</coordinates></LinearRing></outerBoundaryIs></Polygon></MultiGeometry></Placemark><Placemark><styleUrl>#4326_пост_ограничение_map</styleUrl><name>UUR325</name><description>От земли до 700 м (2300 фут) AMSL</description><ExtendedData><Data name="Name"><value>UUR325</value></Data><Data name="Altitudes"><value>От земли до 700 м (2300 фут) AMSL</value></Data><Data name="Type"><value>пост_ограничение</value></Data></ExtendedData><MultiGeometry><Polygon><outerBoundaryIs><LinearRing><coordinates>45.2713889013272,56.4580555555197 44.8938888813348,56.3888889046831 44.7444444320165,56.5436111163469 44.9522222419505,56.6197222140996 45.0719444029578,56.6158333170121 45.2713889013272,56.4580555555197</coordinates></LinearRing></outerBoundaryIs></Polygon></MultiGeometry></Placemark><Placemark><styleUrl>#4326_пост_ограничение_map</styleUrl><name>UUR326</name><description>От земли до 700 м (2300 фут) AMSL</description><ExtendedData><Data name="Name"><value>UUR326</value></Data><Data name="Altitudes"><value>От земли до 700 м (2300 фут) AMSL</value></Data><Data name="Type"><value>пост_ограничение</value></Data></ExtendedData><MultiGeometry><Polygon><outerBoundaryIs><LinearRing><coordinates>43.2486111434037,54.9225000109985 43.4330555731589,54.9369444589236 43.6322222226109,54.8619444231264 43.2238888779641,54.7058333247286 43.0694444057743,54.7741666482312 43.2486111434037,54.9225000109985</coordinates></LinearRing></outerBoundaryIs></Polygon></MultiGeometry></Placemark><Placemark><styleUrl>#4326_пост_ограничение_map</styleUrl><name>UUR327</name><description>От земли до 700 м (2300 фут) AMSL</description><ExtendedData><Data name="Name"><value>UUR327</value></Data><Data name="Altitudes"><value>От земли до 700 м (2300 фут) AMSL</value></Data><Data name="Type"><value>пост_ограничение</value></Data></ExtendedData><MultiGeometry><Polygon><outerBoundaryIs><LinearRing><coordinates>40.4947222438461,54.961111134676 40.550833352112,55.0033333189149 40.7955555459153,54.9613889144663 41.0272222541999,54.8050000234724 40.9647222378019,54.7252777647994 40.7283333555633,54.6588889074152 40.5730555162844,54.6499999740207 40.549722225937,54.6630555296066 40.5975000226382,54.849722208744 40.4983332916252,54.8747222206023 40.4947222438461,54.961111134676</coordinates></LinearRing></outerBoundaryIs></Polygon></MultiGeometry></Placemark><Placemark><styleUrl>#4326_пост_ограничение_map</styleUrl><name>UUR328</name><description>От земли до 700 м (2300 фyт) AMSL

Не распространяется на воздушные суда, выполняющие полеты (перелеты) с/на аэродром Борисоглебск</description><ExtendedData><Data name="Name"><value>UUR328</value></Data><Data name="Altitudes"><value>От земли до 700 м (2300 фyт) AMSL

Не распространяется на воздушные суда, выполняющие полеты (перелеты) с/на аэродром Борисоглебск</value></Data><Data name="Type"><value>пост_ограничение</value></Data></ExtendedData><MultiGeometry><Polygon><outerBoundaryIs><LinearRing><coordinates>41.5777777729439,51.1400000173335 41.7738888927885,51.3080555496126 41.8788889239304,51.3058333239349 41.9416666994143,51.2450000005597 41.6499999861673,51.1033333276316 41.5777777729439,51.1400000173335</coordinates></LinearRing></outerBoundaryIs></Polygon></MultiGeometry></Placemark><Placemark><styleUrl>#4326_пост_ограничение_map</styleUrl><name>UUR329</name><description>От земли до 800 м (2600 фут) AMSL</description><ExtendedData><Data name="Name"><value>UUR329</value></Data><Data name="Altitudes"><value>От земли до 800 м (2600 фут) AMSL</value></Data><Data name="Type"><value>пост_ограничение</value></Data></ExtendedData><MultiGeometry><Polygon><outerBoundaryIs><LinearRing><coordinates>32.8299999753577,56.4202777763281 32.7219444146083,56.5074999845606 32.8597222636687,56.6163888983642 33.0119444835086,56.5502777966703 33.0283333475521,56.4397222025503 32.8299999753577,56.4202777763281</coordinates></LinearRing></outerBoundaryIs></Polygon></MultiGeometry></Placemark><Placemark><styleUrl>#4326_пост_ограничение_map</styleUrl><name>UUR330</name><description>От земли до 300 м (1000 фут) AMSL</description><ExtendedData><Data name="Name"><value>UUR330</value></Data><Data name="Altitudes"><value>От земли до 300 м (1000 фут) AMSL</value></Data><Data name="Type"><value>пост_ограничение</value></Data></ExtendedData><MultiGeometry><Polygon><outerBoundaryIs><LinearRing><coordinates>42.3122222032713,54.7742609549404 42.3146530444301,54.7741503418725 42.317024057791,54.7738212012847 42.319276763029,54.773281629245 42.321355554428,54.7725449641206 42.3232094076798,54.7716293201861 42.3247925985365,54.7705572772819 42.3260661401148,54.7693552590018 42.3269986812113,54.7680528069867 42.3275673147861,54.7666820628152 42.3277581169525,54.7652767821786 42.3275662368078,54.7638715044689 42.3269967049176,54.7625009297062 42.3260633553374,54.761198723616 42.3247893646015,54.759996945584 42.3232059940817,54.7589252165188 42.3213523204929,54.7580098864197 42.3192739782516,54.7572735134874 42.3170220814974,54.7567341354157 42.3146520562833,54.7564051642402 42.3122222032713,54.7562946060471 42.3097923502592,54.7564051642402 42.3074223250451,54.7567341354157 42.3051704282909,54.7572735134874 42.3030920860496,54.7580098864197 42.3012384124608,54.7589252165188 42.299655041941,54.759996945584 42.2983810512051,54.761198723616 42.2974477016249,54.7625009297062 42.2968781697347,54.7638715044689 42.29668628959,54.7652767821786 42.2968770917564,54.7666820628152 42.2974457253312,54.7680528069867 42.2983782664277,54.7693552590018 42.299651808006,54.7705572772819 42.3012349988627,54.7716293201861 42.3030888521145,54.7725449641206 42.3051676435135,54.773281629245 42.3074203487515,54.7738212012847 42.3097913621124,54.7741503418725 42.3122222032713,54.7742609549404</coordinates></LinearRing></outerBoundaryIs></Polygon></MultiGeometry></Placemark><Placemark><styleUrl>#4326_пост_ограничение_map</styleUrl><name>UUR331</name><description>От земли до 500 м (1700 фут) AMSL</description><ExtendedData><Data name="Name"><value>UUR331</value></Data><Data name="Altitudes"><value>От земли до 500 м (1700 фут) AMSL</value></Data><Data name="Type"><value>пост_ограничение</value></Data></ExtendedData><MultiGeometry><Polygon><outerBoundaryIs><LinearRing><coordinates>40.7511111277389,57.0334242929189 40.7536875858053,57.0333137463723 40.7562004431496,57.0329847006874 40.7585879855117,57.032445329805 40.7607912834091,57.0317089475322 40.7627560785985,57.0307936167786 40.7644340417177,57.0297219549978 40.7657837604321,57.0285203519881 40.7667720869077,57.0272183835949 40.7673746768003,57.0258481762733 40.7675767977392,57.0244433794402 40.7673735089904,57.0230386272922 40.7667697512879,57.0216685592498 40.7657805264971,57.0203668398626 40.7644302687935,57.0191655211872 40.7627521260112,57.018094208786 40.7607875104849,57.0171792274043 40.7585847515767,57.0164431294717 40.7561981075298,57.0159040075922 40.7536863281639,57.0155751011698 40.7511111277389,57.0154645993251 40.7485359273139,57.0155751011698 40.746024147948,57.0159040075922 40.7436375039012,57.0164431294717 40.741434744993,57.0171792274043 40.7394701294666,57.018094208786 40.7377919866843,57.0191655211872 40.7364417289808,57.0203668398626 40.7354525041899,57.0216685592498 40.7348487464874,57.0230386272922 40.7346454577386,57.0244433794402 40.7348475786776,57.0258481762733 40.7354501685702,57.0272183835949 40.7364384950457,57.0285203519881 40.7377882137601,57.0297219549978 40.7394661768793,57.0307936167786 40.7414309720688,57.0317089475322 40.7436342699661,57.032445329805 40.7460218123283,57.0329847006874 40.7485346696725,57.0333137463723 40.7511111277389,57.0334242929189</coordinates></LinearRing></outerBoundaryIs></Polygon></MultiGeometry></Placemark><Placemark><styleUrl>#4326_пост_ограничение_map</styleUrl><name>UUR332</name><description>От земли до 500 м (1700 фут) AMSL</description><ExtendedData><Data name="Name"><value>UUR332</value></Data><Data name="Altitudes"><value>От земли до 500 м (1700 фут) AMSL</value></Data><Data name="Type"><value>пост_ограничение</value></Data></ExtendedData><MultiGeometry><Polygon><outerBoundaryIs><LinearRing><coordinates>38.6716666535464,55.0592605062637 38.6741147423587,55.0591499037994 38.6765025542154,55.0588207758629 38.6787712494654,55.0582812641714 38.6808647732351,55.0575446124062 38.6827318317216,55.0566290125284 38.6843261616878,55.0555570388395 38.6856087762505,55.0543550305918 38.6865478750485,55.053052680862 38.6871205510421,55.0516820064489 38.6873127006814,55.0502767816014 38.6871194730638,55.0488715587987 38.6865458987549,55.0475010500961 38.6856059016416,55.046198889086 38.6843228379213,55.0449971660505 38.682728328292,55.0439254985468 38.6808614494685,55.0430102048455 38.6787683748565,55.04227383829 38.6765004880902,55.0417345669001 38.6741136643803,55.0414055530903 38.6716666535464,55.0412950042536 38.6692196427124,55.0414055530903 38.6668328190025,55.0417345669001 38.6645649322362,55.04227383829 38.6624718576242,55.0430102048455 38.6606049788008,55.0439254985468 38.6590104691715,55.0449971660505 38.6577274054512,55.046198889086 38.6567874083379,55.0475010500961 38.6562138340289,55.0488715587987 38.6560206064113,55.0502767816014 38.6562127560506,55.0516820064489 38.6567854320442,55.053052680862 38.6577245308423,55.0543550305918 38.6590071454049,55.0555570388395 38.6606014753712,55.0566290125284 38.6624685338577,55.0575446124062 38.6645620576273,55.0582812641714 38.6668307528774,55.0588207758629 38.6692185647341,55.0591499037994 38.6716666535464,55.0592605062637</coordinates></LinearRing></outerBoundaryIs></Polygon></MultiGeometry></Placemark><Placemark><styleUrl>#4326_пост_ограничение_map</styleUrl><name>UUR333</name><description>От земли до 850 м (2800 фут) AMSL</description><ExtendedData><Data name="Name"><value>UUR333</value></Data><Data name="Altitudes"><value>От земли до 850 м (2800 фут) AMSL</value></Data><Data name="Type"><value>пост_ограничение</value></Data></ExtendedData><MultiGeometry><Polygon><outerBoundaryIs><LinearRing><coordinates>36.5466666350025,55.3349999983258 36.5866666383107,55.3049999808237 36.5516666578739,55.2799999969025 36.5133332989123,55.3133333462511 36.5466666350025,55.3349999983258</coordinates></LinearRing></outerBoundaryIs></Polygon></MultiGeometry></Placemark><Placemark><styleUrl>#4326_пост_ограничение_map</styleUrl><name>UUR334</name><description>От земли до 700 м (2300 фут) AMSL</description><ExtendedData><Data name="Name"><value>UUR334</value></Data><Data name="Altitudes"><value>От земли до 700 м (2300 фут) AMSL</value></Data><Data name="Type"><value>пост_ограничение</value></Data></ExtendedData><MultiGeometry><Polygon><outerBoundaryIs><LinearRing><coordinates>36.2944444068921,51.1930555359458 36.3108333607671,51.197777757684 36.3491666298971,51.1838888727766 36.3347222591177,51.167499982918 36.2944444068921,51.1930555359458</coordinates></LinearRing></outerBoundaryIs></Polygon></MultiGeometry></Placemark><Placemark><styleUrl>#4326_пост_ограничение_map</styleUrl><name>UUR335</name><description>От земли до 700 м (2300 фут) AMSL</description><ExtendedData><Data name="Name"><value>UUR335</value></Data><Data name="Altitudes"><value>От земли до 700 м (2300 фут) AMSL</value></Data><Data name="Type"><value>пост_ограничение</value></Data></ExtendedData><MultiGeometry><Polygon><outerBoundaryIs><LinearRing><coordinates>36.3755555396834,51.1844444683216 36.4416666936921,51.1805555533567 36.4733332956041,51.1558333606824 36.4327777741242,51.1397222055104 36.3697222395545,51.1816666491135 36.3755555396834,51.1844444683216</coordinates></LinearRing></outerBoundaryIs></Polygon></MultiGeometry></Placemark><Placemark><styleUrl>#4326_пост_ограничение_map</styleUrl><name>UUR336</name><description>От земли до 750 м (2500 фут) AMSL</description><ExtendedData><Data name="Name"><value>UUR336</value></Data><Data name="Altitudes"><value>От земли до 750 м (2500 фут) AMSL</value></Data><Data name="Type"><value>пост_ограничение</value></Data></ExtendedData><MultiGeometry><Polygon><outerBoundaryIs><LinearRing><coordinates>36.0888888493079,51.5463888945514 36.0688888476538,51.5494444228818 36.0883333311362,51.5786111237925 36.1747222458848,51.6047221988548 36.2030555591036,51.6008333406735 36.0888888493079,51.5463888945514</coordinates></LinearRing></outerBoundaryIs></Polygon></MultiGeometry></Placemark><Placemark><styleUrl>#4326_пост_ограничение_map</styleUrl><name>UUR337</name><description>От земли до 750 м (2500 фут) AMSL</description><ExtendedData><Data name="Name"><value>UUR337</value></Data><Data name="Altitudes"><value>От земли до 750 м (2500 фут) AMSL</value></Data><Data name="Type"><value>пост_ограничение</value></Data></ExtendedData><MultiGeometry><Polygon><outerBoundaryIs><LinearRing><coordinates>36.2519444819797,51.5283333487444 36.270555598373,51.5399999867564 36.3422222035932,51.5463888945514 36.3441666968572,51.5436111000121 36.2980555445027,51.5050000246185 36.2519444819797,51.5283333487444</coordinates></LinearRing></outerBoundaryIs></Polygon></MultiGeometry></Placemark><Placemark><styleUrl>#4326_пост_ограничение_map</styleUrl><name>UUR338</name><description>От земли до 750 м (2500 фут) AMSL</description><ExtendedData><Data name="Name"><value>UUR338</value></Data><Data name="Altitudes"><value>От земли до 750 м (2500 фут) AMSL</value></Data><Data name="Type"><value>пост_ограничение</value></Data></ExtendedData><MultiGeometry><Polygon><outerBoundaryIs><LinearRing><coordinates>37.6538889113682,51.548611097064 37.6472222441502,51.5527777967312 37.6788888460622,51.5677777960514 37.6794444540654,51.5900000221945 37.7019444671552,51.5800000036614 37.7008333409803,51.566666675143 37.6538889113682,51.548611097064</coordinates></LinearRing></outerBoundaryIs></Polygon></MultiGeometry></Placemark><Placemark><styleUrl>#4326_пост_ограничение_map</styleUrl><name>UUR339</name><description>От земли до 750 м (2500 фут) AMSL</description><ExtendedData><Data name="Name"><value>UUR339</value></Data><Data name="Altitudes"><value>От земли до 750 м (2500 фут) AMSL</value></Data><Data name="Type"><value>пост_ограничение</value></Data></ExtendedData><MultiGeometry><Polygon><outerBoundaryIs><LinearRing><coordinates>37.3036110784197,51.5038888758558 37.3474999784244,51.5102777774711 37.3641666913853,51.5044444536416 37.3552777718174,51.4966666421543 37.3036110784197,51.5038888758558</coordinates></LinearRing></outerBoundaryIs></Polygon></MultiGeometry></Placemark><Placemark><styleUrl>#4326_пост_ограничение_map</styleUrl><name>UUR340</name><description>От земли до 300 м (1000 фут) AMSL</description><ExtendedData><Data name="Name"><value>UUR340</value></Data><Data name="Altitudes"><value>От земли до 300 м (1000 фут) AMSL</value></Data><Data name="Type"><value>пост_ограничение</value></Data></ExtendedData><MultiGeometry><Polygon><outerBoundaryIs><LinearRing><coordinates>45.8338888692464,56.0639812867096 45.8364002892862,56.063870674645 45.838849815403,56.063541600612 45.8411770808095,56.0630021503031 45.8433247729908,56.0622656331012 45.8452399811765,56.0613502313338 45.8468756336459,56.0602783984974 45.848191306211,56.0590766094266 45.8491547493532,56.0577744570874 45.8497421577175,56.0564040004928 45.8499391582593,56.0549989615409 45.8497409899076,56.0535940219915 45.849152503565,56.0522237178359 45.848188251939,56.0509217855734 45.8468720403847,56.0497202566874 45.8452362980839,56.0486487528036 45.8433212695612,56.0477336297324 45.8411740265376,56.046997422989 45.8388475696147,56.0464581927497 45.8363991214764,56.0461292711568 45.8338888692464,56.0460187585008 45.8313786170165,56.0461292711568 45.8289301688781,56.0464581927497 45.8266037119553,56.046997422989 45.8244564689316,56.0477336297324 45.8225414404089,56.0486487528036 45.8209056981081,56.0497202566874 45.8195894865538,56.0509217855734 45.8186252349278,56.0522237178359 45.8180367485852,56.0535940219915 45.8178385802335,56.0549989615409 45.8180355807753,56.0564040004928 45.8186229891396,56.0577744570874 45.8195864322818,56.0590766094266 45.820902104847,56.0602783984974 45.8225377573163,56.0613502313338 45.824452965502,56.0622656331012 45.8266006576833,56.0630021503031 45.8289279230899,56.063541600612 45.8313774492066,56.063870674645 45.8338888692464,56.0639812867096</coordinates></LinearRing></outerBoundaryIs></Polygon></MultiGeometry></Placemark><Placemark><styleUrl>#4326_пост_ограничение_map</styleUrl><name>UUR356</name><description>От земли до 500 м (1700 фут) AMSL</description><ExtendedData><Data name="Name"><value>UUR356</value></Data><Data name="Altitudes"><value>От земли до 500 м (1700 фут) AMSL</value></Data><Data name="Type"><value>пост_ограничение</value></Data></ExtendedData><MultiGeometry><Polygon><outerBoundaryIs><LinearRing><coordinates>44.1413888527858,56.1422673849589 44.150196564652,56.1418801032772 44.158786794388,56.1407276638252 44.1669477192496,56.1388386373084 44.1744779369502,56.1362596142834 44.1811917657207,56.1330541647345 44.1869238257171,56.1293014498504 44.19153308144,56.1250939324763 44.1949062553318,56.1205354385047 44.1969606125551,56.1157382128129 44.1976462067799,56.1108205234525 44.1969465090051,56.1059034580089 44.1948793058733,56.1011080654324 44.1914959810187,56.0965523412762 44.1868801675943,56.0923483577969 44.1811458618097,56.0885995900246 44.1744342788274,56.0853980875368 44.1669106188284,56.0828225984469 44.1587598449294,56.0809363417008 44.1501823712705,56.0797857855424 44.1413888527858,56.079399077599 44.1325953343011,56.0797857855424 44.1240178606422,56.0809363417008 44.1158670867433,56.0828225984469 44.1083434267442,56.0853980875368 44.101631843762,56.0885995900246 44.0958975379773,56.0923483577969 44.0912817245529,56.0965523412762 44.0878983996983,56.1011080654324 44.0858311965665,56.1059034580089 44.0851314987917,56.1108205234525 44.0858170930166,56.1157382128129 44.0878714502398,56.1205354385047 44.0912446241317,56.1250939324763 44.0958538798545,56.1293014498504 44.1015859398509,56.1330541647345 44.1082997686214,56.1362596142834 44.1158299863221,56.1388386373084 44.1239909111837,56.1407276638252 44.1325811409196,56.1418801032772 44.1413888527858,56.1422673849589</coordinates></LinearRing></outerBoundaryIs></Polygon></MultiGeometry></Placemark><Placemark><styleUrl>#4326_пост_ограничение_map</styleUrl><name>UUR362</name><description>От земли до 500 м (1700 фут) AMSL</description><ExtendedData><Data name="Name"><value>UUR362</value></Data><Data name="Altitudes"><value>От земли до 500 м (1700 фут) AMSL</value></Data><Data name="Type"><value>пост_ограничение</value></Data></ExtendedData><MultiGeometry><Polygon><outerBoundaryIs><LinearRing><coordinates>44.2030555919263,56.0009258176676 44.2055628797158,56.0008152253523 44.2080084532453,56.0004861144337 44.2103319457277,55.9999466845772 44.2124761344793,55.9992101663739 44.2143882883931,55.9982947217029 44.2160211560851,55.9972228913099 44.217334762525,55.9960210928556 44.2182965886997,55.994718917582 44.2188830089172,55.9933484268131 44.2190797399644,55.9919433978211 44.2188819309389,55.9905384686008 44.2182943429115,55.9891681311136 44.217331708253,55.9878661772009 44.2160176526555,55.986664640524 44.2143845154689,55.9855931409195 44.2124726310497,55.9846780270407 44.2103288914557,55.9839417706137 44.2080062074571,55.983402562124 44.2055617119059,55.9830736548353 44.2030555919263,55.9829630615834 44.2005494719467,55.9830736548353 44.1981049763955,55.983402562124 44.1957822923969,55.9839417706137 44.1936385528029,55.9846780270407 44.1917266683837,55.9855931409195 44.1900935311972,55.986664640524 44.1887794755995,55.9878661772009 44.1878168409411,55.9891681311136 44.1872292529137,55.9905384686008 44.1870314438882,55.9919433978211 44.1872281749354,55.9933484268131 44.1878145951529,55.994718917582 44.1887764213276,55.9960210928556 44.1900900277676,55.9972228913099 44.1917228954595,55.9982947217029 44.1936350493733,55.9992101663739 44.1957792381249,55.9999466845772 44.1981027306073,56.0004861144337 44.2005483041368,56.0008152253523 44.2030555919263,56.0009258176676</coordinates></LinearRing></outerBoundaryIs></Polygon></MultiGeometry></Placemark><Placemark><styleUrl>#4326_пост_ограничение_map</styleUrl><name>UUR364</name><description>От земли до 500 м (1700 фут) AMSL</description><ExtendedData><Data name="Name"><value>UUR364</value></Data><Data name="Altitudes"><value>От земли до 500 м (1700 фут) AMSL</value></Data><Data name="Type"><value>пост_ограничение</value></Data></ExtendedData><MultiGeometry><Polygon><outerBoundaryIs><LinearRing><coordinates>44.9575000239078,56.2189337105996 44.966325252922,56.2185463539956 44.9749327303114,56.2173939711343 44.9831099146797,56.2155049750471 44.9906550444141,56.2129259625459 44.9973822580823,56.2097205758607 45.0031258165143,56.2059678669631 45.0077442350531,56.2017604132019 45.011124056478,56.1972019320602 45.0131825459516,56.1924047937201 45.0138694876494,56.1874871794182 45.0131683525701,56.1825701346235 45.011097017188,56.1777748168453 45.0077069549688,56.1732191361998 45.0030819787285,56.169015292039 44.9973362643397,56.1652665029506 44.9906112964597,56.1620650862162 44.9830726345954,56.1594895830774 44.9749056011898,56.157603437626 44.9663110595405,56.1564528251884 44.9575000239078,56.1560661382453 44.948688988275,56.1564528251884 44.9400944466257,56.157603437626 44.9319274132202,56.1594895830774 44.9243887513558,56.1620650862162 44.9176637834759,56.1652665029506 44.9119180690871,56.169015292039 44.9072930928468,56.1732191361998 44.9039030306276,56.1777748168453 44.9018316952455,56.1825701346235 44.9011305601662,56.1874871794182 44.901817501864,56.1924047937201 44.9038759913376,56.1972019320602 44.9072558127625,56.2017604132019 44.9118742313012,56.2059678669631 44.9176177897333,56.2097205758607 44.9243450034015,56.2129259625459 44.9318901331359,56.2155049750471 44.9400673175042,56.2173939711343 44.9486747948935,56.2185463539956 44.9575000239078,56.2189337105996</coordinates></LinearRing></outerBoundaryIs></Polygon></MultiGeometry></Placemark><Placemark><styleUrl>#4326_пост_ограничение_map</styleUrl><name>UUR365</name><description>От земли до 500 м (1700 фут) AMSL

Не распространяется на воздушные суда, выполняющие полеты (перелеты) под литерами "А" и "К"</description><ExtendedData><Data name="Name"><value>UUR365</value></Data><Data name="Altitudes"><value>От земли до 500 м (1700 фут) AMSL

Не распространяется на воздушные суда, выполняющие полеты (перелеты) под литерами "А" и "К"</value></Data><Data name="Type"><value>пост_ограничение</value></Data></ExtendedData><MultiGeometry><Polygon><outerBoundaryIs><LinearRing><coordinates>39.6883333593811,57.7287010746225 39.6909589552936,57.7285904980605 39.693519962337,57.7282615055529 39.6959530492841,57.7277222127703 39.6981984781683,57.726985874307 39.7002008229366,57.7260706925686 39.7019107660799,57.7249991463645 39.7032862664429,57.7237976560464 39.7042934575395,57.722495816104 39.7049075458677,57.721125723704 39.7051135295624,57.7197211146601 39.7049062882263,57.7183165470334 39.7042910320882,57.7169465842371 39.7032829426764,57.7156450256997 39.7019068134926,57.7144438485929 39.7001966906863,57.7133726298475 39.698194525581,57.7124577755793 39.6959497255175,57.7117217503258 39.6935175368858,57.7111826908822 39.6909576976522,57.7108538760508 39.6883333593811,57.7107433408992 39.6857090211101,57.7108538760508 39.6831491818765,57.7111826908822 39.6807169932447,57.7117217503258 39.6784721931812,57.7124577755793 39.676470028076,57.7133726298475 39.6747599052696,57.7144438485929 39.6733837760859,57.7156450256997 39.672375686674,57.7169465842371 39.6717604305359,57.7183165470334 39.6715531891999,57.7197211146601 39.6717591728945,57.721125723704 39.6723732612228,57.722495816104 39.6733804523193,57.7237976560464 39.6747559526824,57.7249991463645 39.6764658958257,57.7260706925686 39.678468240594,57.726985874307 39.6807136694782,57.7277222127703 39.6831467564252,57.7282615055529 39.6857077634687,57.7285904980605 39.6883333593811,57.7287010746225</coordinates></LinearRing></outerBoundaryIs></Polygon></MultiGeometry></Placemark><Placemark><styleUrl>#4326_пост_ограничение_map</styleUrl><name>UUR368</name><description>От земли до 300 м (1000 фут) AMSL</description><ExtendedData><Data name="Name"><value>UUR368</value></Data><Data name="Altitudes"><value>От земли до 300 м (1000 фут) AMSL</value></Data><Data name="Type"><value>пост_ограничение</value></Data></ExtendedData><MultiGeometry><Polygon><outerBoundaryIs><LinearRing><coordinates>34.4416667079443,53.236678710614 34.4486953962218,53.2363466086617 34.455550619818,53.2353585873506 34.4620634056279,53.2337389093491 34.4680731348786,53.2315275514232 34.4734316753799,53.2287791350024 34.478006974785,53.2255613198629 34.4816864741887,53.2219535223034 34.4843798030736,53.2180446089889 34.4860207556031,53.2139309128743 34.486569177084,53.2097137615113 34.4860120419448,53.2054970559942 34.4843631842408,53.2013845225137 34.4816637468121,53.197477499249 34.4779802049895,53.1938720182939 34.47340346828,53.1906568012952 34.4680463650831,53.1879109830601 34.4620405884196,53.1857019956427 34.4555340908168,53.184084153729 34.4486866825636,53.1830972950893 34.4416667079443,53.1827656389824 34.434646733325,53.1830972950893 34.4277993250718,53.184084153729 34.4212928274689,53.1857019956427 34.4152870508054,53.1879109830601 34.4099299476086,53.1906568012952 34.405353210899,53.1938720182939 34.4016696690765,53.197477499249 34.3989702316477,53.2013845225137 34.3973213739437,53.2054970559942 34.3967642388045,53.2097137615113 34.3973126602855,53.2139309128743 34.398953612815,53.2180446089889 34.4016469416998,53.2219535223034 34.4053264411036,53.2255613198629 34.4099017405086,53.2287791350024 34.4152602810099,53.2315275514232 34.4212700102607,53.2337389093491 34.4277827960706,53.2353585873506 34.4346380196667,53.2363466086617 34.4416667079443,53.236678710614</coordinates></LinearRing></outerBoundaryIs></Polygon></MultiGeometry></Placemark><Placemark><styleUrl>#4326_пост_ограничение_map</styleUrl><name>UUR371</name><description>От земли до 500 м (1700 фут) AGL</description><ExtendedData><Data name="Name"><value>UUR371</value></Data><Data name="Altitudes"><value>От земли до 500 м (1700 фут) AGL</value></Data><Data name="Type"><value>пост_ограничение</value></Data></ExtendedData><MultiGeometry><Polygon><outerBoundaryIs><LinearRing><coordinates>39.3650000442221,56.3144427220503 39.3725834421876,56.3141107561312 39.3799797210794,56.3131231291555 39.3870063432318,56.3115041563022 39.3934902032895,56.3092938537671 39.3992713113005,56.3065466500965 39.4042071944606,56.3033303495849 39.4081765802065,56.2997241980562 39.4110818216669,56.2958171981811 39.4128515926081,56.2917055243043 39.4134427738966,56.2874904839511 39.4128410823193,56.2832759762451 39.4110617892361,56.2791656462055 39.4081490917588,56.2752606841054 39.4041748551104,56.2716571709339 39.3992371753197,56.2684437700117 39.3934577741078,56.2656995159076 39.3869787649526,56.2634918018098 39.3799596886486,56.261874916666 39.3725729318988,56.2608885835399 39.3650000442221,56.2605571502807 39.3574271565455,56.2608885835399 39.3500403997957,56.261874916666 39.3430213234917,56.2634918018098 39.3365423143365,56.2656995159076 39.3307629131246,56.2684437700117 39.3258252333339,56.2716571709339 39.3218509966854,56.2752606841054 39.3189382992082,56.2791656462055 39.317159006125,56.2832759762451 39.3165573145477,56.2874904839511 39.3171484958361,56.2917055243043 39.3189182667774,56.2958171981811 39.3218235082377,56.2997241980562 39.3257928939837,56.3033303495849 39.3307287771438,56.3065466500965 39.3365098851548,56.3092938537671 39.3429937452125,56.3115041563022 39.3500203673649,56.3131231291555 39.3574166462567,56.3141107561312 39.3650000442221,56.3144427220503</coordinates></LinearRing></outerBoundaryIs></Polygon></MultiGeometry></Placemark><Placemark><styleUrl>#4326_пост_ограничение_map</styleUrl><name>UUR376</name><description>От земли до 50 м (170 фyт) AGL</description><ExtendedData><Data name="Name"><value>UUR376</value></Data><Data name="Altitudes"><value>От земли до 50 м (170 фyт) AGL</value></Data><Data name="Type"><value>пост_ограничение</value></Data></ExtendedData><MultiGeometry><Polygon><outerBoundaryIs><LinearRing><coordinates>37.8613888723849,55.6672687113252 37.8626318712435,55.6672134190464 37.8638441477194,55.6670489126289 37.8649960574083,55.6667792018394 37.8660591237155,55.6664109359563 37.8670071158348,55.6659532517083 37.8678166775689,55.6654173166264 37.8684680459814,55.6648164309542 37.8689450513973,55.6641653171508 37.8692359258863,55.6634800694368 37.8693335727576,55.6627775447296 37.8692356563917,55.6620750073583 37.8689445124081,55.6613897736703 37.8684673273292,55.6607387549601 37.8678158690851,55.6601379494958 37.8670062175195,55.6596020867874 37.8660582254002,55.6591444749219 37.864995338756,55.6587762892411 37.8638436985618,55.6585066735484 37.8626316017489,55.6583421811598 37.8613888723849,55.6582868762149 37.8601461430208,55.6583421811598 37.858934046208,55.6585066735484 37.8577824060137,55.6587762892411 37.8567195193696,55.6591444749219 37.8557715272502,55.6596020867874 37.8549618756847,55.6601379494958 37.8543104174406,55.6607387549601 37.8538332323617,55.6613897736703 37.8535420883781,55.6620750073583 37.8534441720121,55.6627775447296 37.8535418188835,55.6634800694368 37.8538326933725,55.6641653171508 37.8543096987884,55.6648164309542 37.8549610672009,55.6654173166264 37.8557706289349,55.6659532517083 37.8567186210543,55.6664109359563 37.8577816873615,55.6667792018394 37.8589335970503,55.6670489126289 37.8601458735262,55.6672134190464 37.8613888723849,55.6672687113252</coordinates></LinearRing></outerBoundaryIs></Polygon></MultiGeometry></Placemark><Placemark><styleUrl>#4326_пост_ограничение_map</styleUrl><name>UUR377</name><description>От земли до 500 м (1700 фут) AGL</description><ExtendedData><Data name="Name"><value>UUR377</value></Data><Data name="Altitudes"><value>От земли до 500 м (1700 фут) AGL</value></Data><Data name="Type"><value>пост_ограничение</value></Data></ExtendedData><MultiGeometry><Polygon><outerBoundaryIs><LinearRing><coordinates>38.2250000397695,54.0705637956405 38.2321687753998,54.0702317827873 38.2391606327507,54.0692438121504 38.2458032251191,54.0676243536123 38.2519326099657,54.0654132807681 38.2573978703228,54.0626651928023 38.2620642588977,54.0594477874891 38.2658169709971,54.0558404466511 38.2685637496413,54.0519320816584 38.2702372211841,54.0478189246403 38.27079651228,54.0436023701071 38.2702281481997,54.0393862317488 38.2685464121563,54.0352743653255 38.265792985979,54.031367864469 38.2620360517977,54.0277629399735 38.2573682259184,54.0245482140827 38.2519044926973,54.0218028055688 38.245779240101,54.0195941490365 38.2391432054342,54.0179766075134 38.2321596125839,54.0169898745683 38.2250000397695,54.016658277927 38.217840466955,54.0169898745683 38.2108568741048,54.0179766075134 38.2042208394379,54.0195941490365 38.1980955868416,54.0218028055688 38.1926318536206,54.0245482140827 38.1879640277412,54.0277629399735 38.18420709356,54.031367864469 38.1814536673826,54.0352743653255 38.1797719313392,54.0393862317488 38.1792035672589,54.0436023701071 38.1797628583548,54.0478189246403 38.1814363298976,54.0519320816584 38.1841831085419,54.0558404466511 38.1879358206413,54.0594477874891 38.1926022092162,54.0626651928023 38.1980674695732,54.0654132807681 38.2041968544198,54.0676243536123 38.2108394467883,54.0692438121504 38.2178313041391,54.0702317827873 38.2250000397695,54.0705637956405</coordinates></LinearRing></outerBoundaryIs></Polygon></MultiGeometry></Placemark><Placemark><styleUrl>#4326_пост_ограничение_map</styleUrl><name>UUR381</name><description>От земли до 500 м (1700 фут) AGL</description><ExtendedData><Data name="Name"><value>UUR381</value></Data><Data name="Altitudes"><value>От земли до 500 м (1700 фут) AGL</value></Data><Data name="Type"><value>пост_ограничение</value></Data></ExtendedData><MultiGeometry><Polygon><outerBoundaryIs><LinearRing><coordinates>31.8761111348383,54.8247271131015 31.8834128211307,54.8243950665134 31.8905343952086,54.8234072609717 31.897300056771,54.8217879231418 31.9035431683325,54.8195771260521 31.9091096688221,54.8168293457846 31.9138624753273,54.8136123316308 31.9176847170297,54.8100054068017 31.9204822504875,54.806097457714 31.9221866240761,54.8019848180994 31.9227561559662,54.7977687873444 31.9221770121026,54.7935531972371 31.9204640146873,54.7894418189951 31.9176595642018,54.7855358698702 31.913833010586,54.7819314119055 31.9090785871133,54.778717162572 31.9035136137597,54.7759721471373 31.8972749937745,54.7737638169214 31.8905161594083,54.7721464790201 31.8834032091572,54.7711598829548 31.8761111348383,54.7708283289022 31.8688190605195,54.7711598829548 31.8617061102683,54.7721464790201 31.8549472759021,54.7737638169214 31.848708655917,54.7759721471373 31.8431436825634,54.778717162572 31.8383892590906,54.7819314119055 31.8345627054749,54.7855358698702 31.8317582549894,54.7894418189951 31.8300452575741,54.7935531972371 31.8294661137104,54.7977687873444 31.8300356456005,54.8019848180994 31.8317400191891,54.806097457714 31.8345375526469,54.8100054068017 31.8383597943493,54.8136123316308 31.8431126008545,54.8168293457846 31.8486791013441,54.8195771260521 31.8549222129057,54.8217879231418 31.861687874468,54.8234072609717 31.8688094485459,54.8243950665134 31.8761111348383,54.8247271131015</coordinates></LinearRing></outerBoundaryIs></Polygon></MultiGeometry></Placemark><Placemark><styleUrl>#4326_пост_ограничение_map</styleUrl><name>UUR382</name><description>От земли до 500 м (1700 фут) AGL</description><ExtendedData><Data name="Name"><value>UUR382</value></Data><Data name="Altitudes"><value>От земли до 500 м (1700 фут) AGL</value></Data><Data name="Type"><value>пост_ограничение</value></Data></ExtendedData><MultiGeometry><Polygon><outerBoundaryIs><LinearRing><coordinates>31.689999970905,56.3011094833266 31.6975806739246,56.3007775508748 31.7049744375336,56.2997899273259 31.7119986342348,56.2981709364227 31.7184801586727,56.2959606084507 31.7242592903901,56.2932133911153 31.7291935565827,56.2899970626111 31.7331615050242,56.2863909465861 31.7360657583377,56.2824839270947 31.7378349004583,56.2783722622016 31.7384258122522,56.2741572449943 31.7378243901694,56.2699426610523 31.7360457259069,56.2658323416182 31.7331339267449,56.2619273623953 31.7291611274009,56.2583238879378 31.7242252442408,56.2551104625201 31.7184478193225,56.252366148266 31.7119710559555,56.2501584618741 31.7049544051028,56.248541561179 31.6975701636358,56.2475552831021 31.689999970905,56.2472237839104 31.6824297781742,56.2475552831021 31.6750455367072,56.248541561179 31.6680288858545,56.2501584618741 31.6615521224875,56.252366148266 31.6557746975692,56.2551104625201 31.6508388144091,56.2583238879378 31.6468660150651,56.2619273623953 31.6439542159031,56.2658323416182 31.6421755516406,56.2699426610523 31.6415741295579,56.2741572449943 31.6421650413518,56.2783722622016 31.6439341834723,56.2824839270947 31.6468384367859,56.2863909465861 31.6508063852273,56.2899970626111 31.65574065142,56.2932133911153 31.6615197831373,56.2959606084507 31.6680013075753,56.2981709364227 31.6750255042764,56.2997899273259 31.6824192678854,56.3007775508748 31.689999970905,56.3011094833266</coordinates></LinearRing></outerBoundaryIs></Polygon></MultiGeometry></Placemark><Placemark><styleUrl>#4326_пост_ограничение_map</styleUrl><name>UUR383</name><description>От земли до 200 м (700 фут) AGL

Не распространяется на воздушные суда, вьшолняюшие полеты (перелеты) с/на аэродром Ступино</description><ExtendedData><Data name="Name"><value>UUR383</value></Data><Data name="Altitudes"><value>От земли до 200 м (700 фут) AGL

Не распространяется на воздушные суда, вьшолняюшие полеты (перелеты) с/на аэродром Ступино</value></Data><Data name="Type"><value>пост_ограничение</value></Data></ExtendedData><MultiGeometry><Polygon><outerBoundaryIs><LinearRing><coordinates>38.2869444481643,54.853380406121 38.288162294195,54.8533251046642 38.2893500466636,54.8531605473952 38.2904786899866,54.8528907756734 38.291520196727,54.8525225252778 38.2924489648992,54.8520647083604 38.2932422671267,54.8515287765712 38.293880340473,54.8509277884616 38.2943477339153,54.8502766171534 38.2946327693549,54.8495912768452 38.2947284399327,54.848888612063 38.2946324998604,54.8481859868237 38.2943471949261,54.8475006626784 38.2938797116523,54.8468495394807 38.2932414586429,54.8462486368664 38.2924481564155,54.845712782983 38.2915193882432,54.8452550439575 38.2904779713344,54.8448868272277 38.289349597506,54.8446171554501 38.2881620247004,54.8444526143412 38.2869444481643,54.8443973524314 38.2857268716282,54.8444526143412 38.2845392988226,54.8446171554501 38.2834109249942,54.8448868272277 38.2823695080853,54.8452550439575 38.2814407399131,54.845712782983 38.2806474376857,54.8462486368664 38.2800091846763,54.8468495394807 38.2795417014024,54.8475006626784 38.2792563964682,54.8481859868237 38.2791604563959,54.848888612063 38.2792561269736,54.8495912768452 38.2795411624133,54.8502766171534 38.2800085558556,54.8509277884616 38.2806466292019,54.8515287765712 38.2814399314293,54.8520647083604 38.2823686996016,54.8525225252778 38.283410206342,54.8528907756734 38.2845388496649,54.8531605473952 38.2857266021336,54.8533251046642 38.2869444481643,54.853380406121</coordinates></LinearRing></outerBoundaryIs></Polygon></MultiGeometry></Placemark><Placemark><styleUrl>#4326_пост_ограничение_map</styleUrl><name>UUR392</name><description>От земли до 3650 м (12000 фут) AMSL</description><ExtendedData><Data name="Name"><value>UUR392</value></Data><Data name="Altitudes"><value>От земли до 3650 м (12000 фут) AMSL</value></Data><Data name="Type"><value>пост_ограничение</value></Data></ExtendedData><MultiGeometry><Polygon><outerBoundaryIs><LinearRing><coordinates>37.7988888559869,56.1925000091171 37.7988888559869,56.1668055377032 37.7988888559869,56.1411110952859 37.7905555444222,56.1380555740583 37.7766666918144,56.1355555529959 37.771666668943,56.1352777572277 37.7569444492462,56.1355555529959 37.7475000115066,56.1369444514459 37.742777747721,56.1380555740583 37.7344444361564,56.140833339825 37.7233333540701,56.1463888685111 37.717777813027,56.1508333226663 37.7136110674132,56.1558333120166 37.711111145809,56.1611111105571 37.7102777787199,56.1638889075627 37.7102777787199,56.1694444477099 37.7119444230665,56.1747222225584 37.7152778015913,56.180000020509 37.7202777346312,56.1847222179846 37.7266666427634,56.1888888704208 37.7341666770705,56.1925000091171 37.742777747721,56.1952777800764 37.7566666901603,56.1977777565166 37.7616667130317,56.1980555494 37.776388842897,56.1977777565166 37.7858333704682,56.1963888619615 37.7905555444222,56.1952777800764 37.7988888559869,56.1925000091171</coordinates></LinearRing></outerBoundaryIs></Polygon></MultiGeometry></Placemark><Placemark><styleUrl>#4326_пост_ограничение_map</styleUrl><name>UUR427</name><description>От земли до 2000 м (6600 фут) AMSL</description><ExtendedData><Data name="Name"><value>UUR427</value></Data><Data name="Altitudes"><value>От земли до 2000 м (6600 фут) AMSL</value></Data><Data name="Type"><value>пост_ограничение</value></Data></ExtendedData><MultiGeometry><Polygon><outerBoundaryIs><LinearRing><coordinates>37.5500000064012,54.9180555362368 37.6491666475827,54.9252777642742 37.7122221821524,54.8563889082834 37.5649999851839,54.8472222480243 37.5500000064012,54.9180555362368</coordinates></LinearRing></outerBoundaryIs></Polygon></MultiGeometry></Placemark><Placemark><styleUrl>#4326_пост_ограничение_map</styleUrl><name>UUR428</name><description>От земли до 700 м (2300 фут) AMSL</description><ExtendedData><Data name="Name"><value>UUR428</value></Data><Data name="Altitudes"><value>От земли до 700 м (2300 фут) AMSL</value></Data><Data name="Type"><value>пост_ограничение</value></Data></ExtendedData><MultiGeometry><Polygon><outerBoundaryIs><LinearRing><coordinates>42.5913888593397,52.4294444190935 42.6405555413017,52.4133333391309 42.605277801779,52.3480555404449 42.5141666232448,52.3072222369644 42.5058333116801,52.3363888640435 42.5913888593397,52.4294444190935</coordinates></LinearRing></outerBoundaryIs></Polygon></MultiGeometry></Placemark><Placemark><styleUrl>#4326_пост_ограничение_map</styleUrl><name>UUR429</name><description>От земли до 700 м (2300 фут) AMSL</description><ExtendedData><Data name="Name"><value>UUR429</value></Data><Data name="Altitudes"><value>От земли до 700 м (2300 фут) AMSL</value></Data><Data name="Type"><value>пост_ограничение</value></Data></ExtendedData><MultiGeometry><Polygon><outerBoundaryIs><LinearRing><coordinates>42.5855555592107,52.5855555754829 42.6241666772582,52.5816666779982 42.6705555886986,52.5508333461282 42.6477778165229,52.4447222065138 42.609999975733,52.4361110877911 42.5136111050731,52.460277758062 42.5338888658131,52.3944444573491 42.4411111327638,52.4158333471005 42.4336110984567,52.4511110916164 42.5513888560315,52.486666684018 42.5855555592107,52.5855555754829</coordinates></LinearRing></outerBoundaryIs></Polygon></MultiGeometry></Placemark><Placemark><styleUrl>#4326_пост_ограничение_map</styleUrl><name>UUR430</name><description>От земли до 700 м (2300 фут) AMSL</description><ExtendedData><Data name="Name"><value>UUR430</value></Data><Data name="Altitudes"><value>От земли до 700 м (2300 фут) AMSL</value></Data><Data name="Type"><value>пост_ограничение</value></Data></ExtendedData><MultiGeometry><Polygon><outerBoundaryIs><LinearRing><coordinates>44.5875000382225,58.0102777855218 44.6044444204377,58.0772222296995 44.7794444124533,58.0641666854394 44.7561111221059,57.9622222388611 44.5875000382225,58.0102777855218</coordinates></LinearRing></outerBoundaryIs></Polygon></MultiGeometry></Placemark><Placemark><styleUrl>#4326_пост_ограничение_map</styleUrl><name>UUR431</name><description>От земли до 700 м (2300 фут) AMSL</description><ExtendedData><Data name="Name"><value>UUR431</value></Data><Data name="Altitudes"><value>От земли до 700 м (2300 фут) AMSL</value></Data><Data name="Type"><value>пост_ограничение</value></Data></ExtendedData><MultiGeometry><Polygon><outerBoundaryIs><LinearRing><coordinates>36.0383333719167,50.5391666589139 36.0458333163922,50.5552778017867 36.0630555475248,50.5616666702809 36.0647221918714,50.5611111137455 36.0383333719167,50.5391666589139</coordinates></LinearRing></outerBoundaryIs></Polygon></MultiGeometry></Placemark><Placemark><styleUrl>#4326_пост_ограничение_map</styleUrl><name>UUR432</name><description>От земли до 700 м (2300 фут) AMSL</description><ExtendedData><Data name="Name"><value>UUR432</value></Data><Data name="Altitudes"><value>От земли до 700 м (2300 фут) AMSL</value></Data><Data name="Type"><value>пост_ограничение</value></Data></ExtendedData><MultiGeometry><Polygon><outerBoundaryIs><LinearRing><coordinates>35.9344444669496,50.6194444363183 35.9466666752108,50.6347222179982 35.9816666556476,50.634444445225 36.0033333016483,50.6116666628955 35.9702778144755,50.5961111248657 35.9344444669496,50.6194444363183</coordinates></LinearRing></outerBoundaryIs></Polygon></MultiGeometry></Placemark><Placemark><styleUrl>#4326_пост_ограничение_map</styleUrl><name>UUR433</name><description>От земли до 700 м (2300 фут) AMSL</description><ExtendedData><Data name="Name"><value>UUR433</value></Data><Data name="Altitudes"><value>От земли до 700 м (2300 фут) AMSL</value></Data><Data name="Type"><value>пост_ограничение</value></Data></ExtendedData><MultiGeometry><Polygon><outerBoundaryIs><LinearRing><coordinates>37.8122221904229,50.6741666649143 37.8050000050332,50.6847222295858 37.8216666281625,50.7016666864486 37.8338889262552,50.6877777763038 37.8122221904229,50.6741666649143</coordinates></LinearRing></outerBoundaryIs></Polygon></MultiGeometry></Placemark><Placemark><styleUrl>#4326_пост_ограничение_map</styleUrl><name>UUR434</name><description>От земли до 750 м (2500 фут) AMSL</description><ExtendedData><Data name="Name"><value>UUR434</value></Data><Data name="Altitudes"><value>От земли до 750 м (2500 фут) AMSL</value></Data><Data name="Type"><value>пост_ограничение</value></Data></ExtendedData><MultiGeometry><Polygon><outerBoundaryIs><LinearRing><coordinates>37.6161110705783,51.1897222055499 37.6427777394505,51.2047222304551 37.6691666492368,51.1938889012277 37.6641666263654,51.1788888874743 37.6341666688,51.1741666396937 37.6161110705783,51.1897222055499</coordinates></LinearRing></outerBoundaryIs></Polygon></MultiGeometry></Placemark><Placemark><styleUrl>#4326_пост_ограничение_map</styleUrl><name>UUR435</name><description>От земли до 750 м (2500 фут) AMSL</description><ExtendedData><Data name="Name"><value>UUR435</value></Data><Data name="Altitudes"><value>От земли до 750 м (2500 фут) AMSL</value></Data><Data name="Type"><value>пост_ограничение</value></Data></ExtendedData><MultiGeometry><Polygon><outerBoundaryIs><LinearRing><coordinates>37.4638888507384,51.228055565096 37.4580555506095,51.2344444699575 37.4777777931777,51.2422222428361 37.4780555522636,51.2419444295955 37.4763889079169,51.234722215942 37.4638888507384,51.228055565096</coordinates></LinearRing></outerBoundaryIs></Polygon></MultiGeometry></Placemark><Placemark><styleUrl>#4326_пост_ограничение_map</styleUrl><name>UUR441</name><description>От земли до 700 м (2300 фут) AMSL</description><ExtendedData><Data name="Name"><value>UUR441</value></Data><Data name="Altitudes"><value>От земли до 700 м (2300 фут) AMSL</value></Data><Data name="Type"><value>пост_ограничение</value></Data></ExtendedData><MultiGeometry><Polygon><outerBoundaryIs><LinearRing><coordinates>42.7027777986138,52.3977777755805 42.7116666283502,52.3983333223347 42.7355555267008,52.3838889109043 42.7297222265718,52.37972219759 42.7027777986138,52.3977777755805</coordinates></LinearRing></outerBoundaryIs></Polygon></MultiGeometry></Placemark><Placemark><styleUrl>#4326_пост_ограничение_map</styleUrl><name>UUR447</name><description>От земли до 1450 м (4800 фут) AMSL</description><ExtendedData><Data name="Name"><value>UUR447</value></Data><Data name="Altitudes"><value>От земли до 1450 м (4800 фут) AMSL</value></Data><Data name="Type"><value>пост_ограничение</value></Data></ExtendedData><MultiGeometry><Polygon><outerBoundaryIs><LinearRing><coordinates>46.3666666386861,55.3012981127437 46.3715926403781,55.3010768178181 46.3763971000121,55.3004184606463 46.3809617992969,55.2993392149472 46.3851739996641,55.297865749417 46.3889299456985,55.2960343092737 46.3921372905889,55.2938901063472 46.3947168927588,55.2914859408741 46.3966053311491,55.288881079496 46.3977563425226,55.2861396712952 46.3981417197795,55.2833292651924 46.3977519407778,55.28051901818 46.396596976817,55.2777782093602 46.3947053943232,55.275174239326 46.3921237260282,55.2727711917455 46.388915752317,55.2706282395921 46.3851604351033,55.2687980502031 46.3809503008612,55.2673257025846 46.37638874568,55.2662473482158 46.3715882386332,55.2655895391517 46.3666666386861,55.2653684545785 46.361745038739,55.2655895391517 46.3569445316922,55.2662473482158 46.3523829765109,55.2673257025846 46.3481728422689,55.2687980502031 46.3444175250551,55.2706282395921 46.341209551344,55.2727711917455 46.338627883049,55.275174239326 46.3367363005552,55.2777782093602 46.3355813365944,55.28051901818 46.3351915575926,55.2833292651924 46.3355769348495,55.2861396712952 46.3367279462231,55.288881079496 46.3386163846133,55.2914859408741 46.3411959867832,55.2938901063472 46.3444033316736,55.2960343092737 46.3481592777081,55.297865749417 46.3523714780753,55.2993392149472 46.35693617736,55.3004184606463 46.3617406369941,55.3010768178181 46.3666666386861,55.3012981127437</coordinates></LinearRing></outerBoundaryIs></Polygon></MultiGeometry></Placemark><Placemark><styleUrl>#4326_пост_ограничение_map</styleUrl><name>UUR448</name><description>От земли до 700 м (2300 фут) AMSL</description><ExtendedData><Data name="Name"><value>UUR448</value></Data><Data name="Altitudes"><value>От земли до 700 м (2300 фут) AMSL</value></Data><Data name="Type"><value>пост_ограничение</value></Data></ExtendedData><MultiGeometry><Polygon><outerBoundaryIs><LinearRing><coordinates>37.6633333491078,55.0837987723148 37.6682325810043,55.0835774971675 37.6730109894952,55.0829191267651 37.6775508054465,55.0818398209908 37.681740098774,55.0803662925722 37.685475742883,55.0785348319933 37.6886655706254,55.0763905395442 37.6912312489084,55.073986300222 37.6931094465044,55.0713813462579 37.6942542595025,55.0686398189895 37.6946374808027,55.0658293296155 37.6942499475891,55.063019002895 37.6931012718353,55.060278086095 37.6912198403043,55.0576739889538 37.6886522755592,55.0552708889771 37.6854617291646,55.0531278195634 37.6817268037078,55.0512975820384 37.6775394866739,55.0498251414002 37.6730027249945,55.0487467955607 37.668228269091,55.0480889325101 37.6633333491078,55.047867871584 37.6584384291246,55.0480889325101 37.6536639732211,55.0487467955607 37.6491272115417,55.0498251414002 37.6449398945078,55.0512975820384 37.641204969051,55.0531278195634 37.6380144226564,55.0552708889771 37.6354468579114,55.0576739889538 37.6335654263803,55.060278086095 37.6324167506265,55.063019002895 37.6320292174129,55.0658293296155 37.6324124387131,55.0686398189895 37.6335572517112,55.0713813462579 37.6354354493072,55.073986300222 37.6380011275902,55.0763905395442 37.6411909553326,55.0785348319933 37.6449265994416,55.0803662925722 37.6491158927691,55.0818398209908 37.6536557087205,55.0829191267651 37.6584341172113,55.0835774971675 37.6633333491078,55.0837987723148</coordinates></LinearRing></outerBoundaryIs></Polygon></MultiGeometry></Placemark><Placemark><styleUrl>#4326_пост_ограничение_map</styleUrl><name>UUR451</name><description>От земли до 800 м (2600 фут) AMSL</description><ExtendedData><Data name="Name"><value>UUR451</value></Data><Data name="Altitudes"><value>От земли до 800 м (2600 фут) AMSL</value></Data><Data name="Type"><value>пост_ограничение</value></Data></ExtendedData><MultiGeometry><Polygon><outerBoundaryIs><LinearRing><coordinates>39.1591666377206,51.579771763508 39.1602950115489,51.5797164103399 39.1613955376035,51.5795518056245 39.1624412664258,51.5792818660266 39.163406236704,51.5789134179821 39.1642668227461,51.5784553583803 39.1650018243116,51.5779191026004 39.1655930954316,51.5773178012418 39.1660261732301,51.5766662844604 39.1662902779236,51.5759805585051 39.1663789416422,51.5752775260781 39.1662900084291,51.5745745386956 39.1660257240725,51.573888836994 39.1655925564425,51.573237326781 39.1650011954909,51.5726360751159 39.1642661040939,51.5720999182524 39.1634056078833,51.57164195756 39.1624406376051,51.5712735032367 39.1613951782774,51.5710036821533 39.1602947420544,51.570839045718 39.1591666377206,51.5707837375937 39.1580385333868,51.570839045718 39.1569380971637,51.5710036821533 39.1558926378361,51.5712735032367 39.1549276675579,51.57164195756 39.1540671713472,51.5720999182524 39.1533320799502,51.5726360751159 39.1527407189987,51.573237326781 39.1523075513687,51.573888836994 39.1520432670121,51.5745745386956 39.151954333799,51.5752775260781 39.1520429975175,51.5759805585051 39.152307102211,51.5766662844604 39.1527401800095,51.5773178012418 39.1533314511295,51.5779191026004 39.154066452695,51.5784553583803 39.1549270387372,51.5789134179821 39.1558920090154,51.5792818660266 39.1569377378376,51.5795518056245 39.1580382638922,51.5797164103399 39.1591666377206,51.579771763508</coordinates></LinearRing></outerBoundaryIs></Polygon></MultiGeometry></Placemark><Placemark><styleUrl>#4326_пост_ограничение_map</styleUrl><name>UUR453</name><description>От земли до 1400 м (4600 фут) AMSL</description><ExtendedData><Data name="Name"><value>UUR453</value></Data><Data name="Altitudes"><value>От земли до 1400 м (4600 фут) AMSL</value></Data><Data name="Type"><value>пост_ограничение</value></Data></ExtendedData><MultiGeometry><Polygon><outerBoundaryIs><LinearRing><coordinates>40.2480555567788,56.0049999942164 40.3647221881787,56.0049999942164 40.365000037096,55.8249999802242 40.2483333158646,55.8050000004332 40.2480555567788,56.0049999942164</coordinates></LinearRing></outerBoundaryIs></Polygon></MultiGeometry></Placemark><Placemark><styleUrl>#4326_svo_map</styleUrl><name>WR3366</name><description>SVO</description><ExtendedData><Data name="Name"><value>WR3366</value></Data><Data name="Altitudes"><value>SVO</value></Data><Data name="Type"><value>svo</value></Data></ExtendedData><MultiGeometry><Polygon><outerBoundaryIs><LinearRing><coordinates>39.4000000246589,43.7999999833823 39.3654523459677,43.8001509977957 39.3309045774449,43.8002916015636 39.2963566292591,43.8004217947601 39.2618085014102,43.8005415774537 39.2272602837297,43.8006509497073 39.1927118863863,43.8007499115787 39.1581633992113,43.8008384631199 39.1236148222047,43.8009166694409 39.0890661553667,43.8009844004559 39.0545174885286,43.8010417212641 39.0199686420275,43.8010886318957 38.9854198853579,43.8011251974385 38.9508709490252,43.8011512877854 38.9163221025241,43.8011670330765 38.8817731661915,43.8011723031936 38.8472243196903,43.801167228266 38.8126753833577,43.8011517432278 38.7781265368565,43.8011257830075 38.7435776903554,43.8010894777181 38.7090289336858,43.8010427622771 38.6744801770162,43.8009856366601 38.6399315101782,43.8009180357734 38.6053829331716,43.8008400897083 38.5708344459966,43.8007517333605 38.5362861384847,43.8006529666834 38.5017379208042,43.800543789625 38.4671897929554,43.8004242021279 38.432641754938,43.8002942691932 38.3980939864152,43.8001538606244 38.3635463077239,43.8000030414117 38.3289988985273,43.7998418765401 38.2944515791621,43.7996702357959 38.2599045292916,43.7994882492181 38.2253576590841,43.799295786581 38.1908110583712,43.7990929779137 38.1562647271528,43.7988797580444 38.1217185755976,43.7986560617948 38.0871726935369,43.798422019179 38.0526271708023,43.7981775650079 38.0180818277308,43.797922699153 37.9835368439854,43.7976574865472 37.9489921297346,43.797381796917 37.9144477748099,43.797095695184 37.8799037792113,43.7967992462657 37.8453600531073,43.7964923849387 37.8108167761609,43.7961751110415 37.7762738585407,43.7958474244071 37.7417313002465,43.795509324863 37.7071891012785,43.7951608122312 37.6726473514681,43.7948018863284 37.6381060508154,43.7944326120361 37.6035651993203,43.7940529240903 37.5690247071513,43.7936628222911 37.5344847539715,43.7932623064332 37.4999451601178,43.7928513763059 37.4654061052533,43.7924300967655 37.4308675893779,43.7919984025186 37.3963295226602,43.7915562933379 37.3617919949317,43.7911037689907 37.3272550061923,43.790640829239 37.2927185564421,43.7901675389142 37.2581826456811,43.7896838326932 37.2236473637407,43.7891897103213 37.1891125309581,43.7886851715384 37.1545784168276,43.7881702811566 37.1200448416863,43.7876449738285 37.0855118953657,43.7871093143563 37.0509794880343,43.7865631723014 37.0164477993551,43.7860066775343 36.9819167394966,43.7854397646835 36.9473863982903,43.7848624985318 36.9128566859047,43.7842748136956 36.8783276023399,43.7836767098655 36.8437993272588,43.78306825181 36.8092716809983,43.7824493741272 36.7747447533901,43.7818201415757 36.7402186342657,43.7811804887414 36.705693143962,43.7805304152878 36.671168462142,43.7798699859594 36.6366445888058,43.7791991353235 36.6021215239533,43.7785179281151 36.5675991777531,43.7778262988894 36.5330776400366,43.7771243123719 36.4985569108038,43.7764119031053 36.4640370798864,43.7756891358058 36.4295179676212,43.7749559450037 36.3949998435028,43.7742123954059 36.3604825278681,43.7734584215302 36.3259660207172,43.7726940880741 36.2914505017132,43.7719193295429 36.2569358810243,43.7711342106251 36.2224220688193,43.7703387309102 36.1879092447611,43.7695328248845 36.1533974088496,43.7687165572227 36.1188864712535,43.7678899274981 36.0843765218042,43.7670528701781 36.0498674706702,43.7662054499237 36.0153594975145,43.765347666292 35.980852422674,43.7644794537312 35.946346425812,43.7636009419932 35.9118414170967,43.7627119353058 35.8773374863598,43.7618126285174 35.8428345437697,43.7609029560534 35.8083326791579,43.7599828523302 35.7738318925245,43.759052381973 35.7393321838694,43.7581115444956 35.7048335531927,43.7571603394061 35.6703360004943,43.7561987662075 35.6358396156058,43.7552267592835 35.6013443086956,43.7542444483522 35.5668501695953,43.753251702672 35.5323571084733,43.7522486519545 35.4978653049927,43.7512351654428 35.463374669322,43.7502113077231 35.4288852014611,43.7491771433803 35.3943969014102,43.748132541635 35.3599098590006,43.7470776321825 35.3254239844009,43.7460122842279 35.2909393674426,43.7449366274607 35.2564560081257,43.7438505310701 35.2219739064502,43.7427541247396 35.187493062416,43.7416473427714 35.1530134760233,43.7405302497169 35.1185352371035,43.7394027147342 35.0840582558251,43.7382648674948 35.0495826220197,43.7371165771412 35.0151082458556,43.7359579733388 34.980635306996,43.7347890554862 34.9461637156093,43.7336097578393 34.911693381864,43.7324200797821 34.8772244854232,43.7312200206928 34.8427570262868,43.7300096450859 34.8082909146233,43.7287888871904 34.7738262402643,43.7275577463686 34.7393630032098,43.7263162871227 34.7049011136282,43.7250645088081 34.6704407511825,43.7238023456272 34.6359818260413,43.7225297969207 34.6015243382046,43.7212469271746 34.5670683775039,43.7199536705709 34.5326138541076,43.7186501567413 34.4981609476788,43.7173361895484 34.4637094785545,43.7160119637712 34.4292595365661,43.7146773484108 34.3948111217138,43.7133323427702 34.3603642339974,43.7119770764688 34.3259189632485,43.710611418483 34.2914753094672,43.7092354332634 34.2570331828218,43.7078490549306 34.2225926731439,43.7064524130947 34.1881537804336,43.7050453766983 34.1537165046908,43.7036280101769 34.1192808459154,43.7022003127952 34.0848468041076,43.7007622838122 34.0504144690989,43.6993139224819 34.0159838408891,43.6978552280528 33.9815548296469,43.6963861997682 33.9471275252037,43.694906836866 33.9127019275596,43.6934171385786 33.8782780367145,43.6919171041333 33.8438558526684,43.6904067327519 33.8094354652529,43.6888860236509 33.7750167846365,43.6873550412294 33.7405999006506,43.6858136543191 33.7061848132953,43.684261992498 33.671771432739,43.6826999897734 33.6373599386448,43.6811277105298 33.6029501513497,43.6795450235641 33.5685422505166,43.6779520584465 33.5341361463141,43.6763488143563 33.4997319285738,43.6747352252654 33.4653295972955,43.6731112903371 33.4309290626478,43.6714770739346 33.3965304144621,43.6698325100087 33.3621336527386,43.6681776629155 33.3277388673087,43.6665124665917 33.2933459683409,43.6648369853864 33.2589549558352,43.6631511532219 33.2245659196231,43.6614550344405 33.1901787698732,43.6597486281684 33.1557935964168,43.6580319335264 33.1214104890856,43.6563048844084 33.0870292682165,43.6545675451428 33.052650023641,43.6528199148348 33.0182728451907,43.651061992584 32.9838977328655,43.6492937122555 32.9495245070024,43.6475152033958 32.915153437096,43.6457263346277 32.8807844333148,43.6439272354948 32.8464174058272,43.6421177746018 32.8120525342962,43.6402980162503 32.7776896390589,43.6384680247445 32.7433289896098,43.6366277339047 32.7089703164544,43.6347770775377 32.6746138890871,43.6329161851796 32.640259527845,43.6310449906287 32.6059073225596,43.6291635581731 32.5715571833993,43.6272718215967 32.5372093798587,43.6253697799256 32.5028636424434,43.6234574321806 32.4685201508162,43.6215348426369 32.4341788151457,43.6196019450493 32.3998397252634,43.6176588036868 32.3655027913378,43.6157053522893 32.331168193032,43.6137415898513 32.2968357506828,43.6117676459032 32.2625056439533,43.6097833888964 32.2281777830121,43.6077888178097 32.1938522576906,43.6057839968937 32.1595289781573,43.6037689251232 32.1252079444123,43.6017436014679 32.0908893361185,43.5997079596083 32.0565729736129,43.597662129069 32.022258946727,43.5956059782342 31.9879473452924,43.5935395713364 31.9536380794776,43.5914629073192 31.9193311492825,43.5893759851211 31.8850266445386,43.587278803675 31.8507244754145,43.5851713619091 31.8164247317417,43.583053658746 31.7821274135201,43.5809256931034 31.7478326105813,43.5787875292001 31.7135401432623,43.5766390353326 31.6792501912261,43.5744803410182 31.6449626646411,43.5723114451609 31.6106776533389,43.5701322160274 31.576395067488,43.5679427831336 31.5421149969199,43.5657431453681 31.5078374416346,43.5635331709676 31.4735624914636,43.5613130547726 31.4392899667438,43.5590826650073 31.4050200471384,43.556842000532 31.3707526428158,43.554591125535 31.336487753776,43.5523300388739 31.3022255596821,43.550058739401 31.2679658808709,43.5477771606231 31.2337088071741,43.5454853667177 31.1994543385915,43.5431833565217 31.1652025649549,43.540871063519 31.130953306601,43.5385486172295 31.096706743193,43.5362159511294 31.0624628747308,43.5338729986795 31.028221611383,43.5315198893995 30.993983042981,43.5291565567427 30.9597472593564,43.52678299951 30.9255140808461,43.5243992164973 30.8912835972817,43.5220052064953 30.8570558984946,43.5196009682895 30.8228308946534,43.5171865660342 30.7886085857581,43.5147619985128 30.7543891514716,43.5123271337451 30.7201724121311,43.5098821012519 30.6859584575679,43.5074268998011 30.651747287782,43.5049614627686 30.6175389027736,43.5024858542939 30.5833333025425,43.5000000077373 30.5781880220897,43.5234411402615 30.573038699218,43.5468820554619 30.5678853339276,43.5703227425394 30.56272801605,43.5937631906967 30.557566565922,43.6172033891379 30.5524011632068,43.6406433270691 30.5472318079043,43.6640831241243 30.5420583203516,43.6875226389836 30.53688079038,43.7109618608577 30.5316992179897,43.734400909232 30.5265136031806,43.7578397731667 30.5213239459527,43.7812783115535 30.5161301564745,43.8047166437286 30.5109323245775,43.8281547587573 30.5057304502618,43.8515926457062 30.5005244436957,43.875030293644 30.4953143048793,43.8984676916406 30.4901001236442,43.9219048287681 30.4848818101588,43.9453417590049 30.479659364423,43.9687784713489 30.4744327864369,43.9922148899467 30.4692020762005,44.015651133532 30.4639673235454,44.0390870614272 30.4587283488084,44.0625227922665 30.4534852418211,44.0859583149791 30.448237912752,44.1093935537716 30.4429865412641,44.1328285623527 30.4377309476944,44.1562633296569 30.4324711320428,44.1796978446202 30.4272071841409,44.2031321608016 30.4219390141572,44.2265662024683 30.4166666220916,44.2500000231308 30.4033269994486,44.27814958524 30.3899745308969,44.3062975735044 30.3766093062683,44.3344440348732 30.3632312357311,44.3625888872877 30.3498402294537,44.3907322420593 30.3364363772679,44.4188740171087 30.3230196791734,44.447014194838 30.3095899555074,44.4751528219744 30.2961473859328,44.503289880837 30.282691700955,44.5314253537508 30.2692230802371,44.5595592230459 30.2557414339476,44.5876915352529 30.2422467620865,44.6158222084561 30.2287389748223,44.6439513532664 30.2152180721549,44.6720788877481 30.2016840540843,44.7002047941654 30.1881368307791,44.7283291188264 30.1745764920708,44.7564518439127 30.1610028582962,44.7845730155869 30.1474161091185,44.8126924880599 30.1338160648745,44.8408104353624 30.1202027255644,44.8689267117478 30.1065760911881,44.8970413632762 30.092936071914,44.9251544358876 30.0792827575737,44.9532658478282 30.0656160583357,44.9813756449869 30.0519359742,45.0094838094082 30.038242415335,45.0375903231429 30.0245353817407,45.0656951682473 30.0108148734172,45.0937984540426 29.9970808903644,45.1219000352122 29.9833333427508,45.150000020963 29.9574061670205,45.1667109243193 29.9314638995935,45.1834160046395 29.9055062709751,45.2001151992574 29.8795334608284,45.2168084455839 29.8535454691534,45.2334958715237 29.8275421162871,45.2501774144721 29.8015234920609,45.2668530119006 29.7754895964749,45.2835227281901 29.749440429529,45.3001865008531 29.7233759912234,45.316844330857 29.6972961018948,45.3334962825314 29.6712009412064,45.3501422301083 29.6450904193267,45.3667823012613 29.6189645362556,45.3834163703006 29.5928232919931,45.400044501543 29.5666666865393,45.4166666959655 29.5144114169675,45.4043445534254 29.4621789646039,45.3919986278726 29.4099693294485,45.3796289053696 29.3577826013329,45.3672354352777 29.3056186904254,45.3548182036542 29.2534777763893,45.3423771965332 29.2013597693929,45.3299125266536 29.1492646694362,45.3174241167088 29.0971925663508,45.3049120794896 29.0451435499682,45.2923764010637 28.9931174406254,45.2798170674759 28.9411144179854,45.2672341281827 28.8891344820481,45.2546275692256 28.8371776328137,45.2419975035492 28.7852439601136,45.2293438537576 28.7333333741163,45.2166666693584 28.7063683747383,45.2521056781836 28.6793697783687,45.2875383563503 28.6523374053444,45.3229646110983 28.6252712556654,45.3583845398446 28.5981711496686,45.3937980498328 28.5710370873542,45.4292051117404 28.5438689788904,45.4646058226914 28.5166666446144,45.5000000268235 28.5351298983119,45.5276512500693 28.5536112979782,45.5552994633094 28.5721109334448,45.5829447772848 28.5906287148801,45.6105870503048 28.6091648219472,45.6382263299841 28.6277192546461,45.6658626008349 28.6462919231453,45.6934959103304 28.6648830071078,45.7211261799818 28.6834925065336,45.7487533943238 28.7021204214228,45.776377600758 28.7207667517752,45.8039988465682 28.7394315874225,45.8316169905302 28.7581150181963,45.8592320799742 28.7768169542648,45.8868441621125 28.7955375752913,45.9144531586344 28.8142767016126,45.9420591167045 28.8330346027233,45.96966202073 28.851811188792,45.9972618551255 28.8706064598186,46.0248586043134 28.8894205954661,46.0524522527236 28.9082535059031,46.0800427847939 28.9271051911295,46.1076302474523 28.9459758308084,46.1352146250577 28.9648653351083,46.1627959019766 28.9837737938607,46.1903740625834 29.0027012968971,46.2179490912604 29.021647754386,46.2455209723975 29.0406132561589,46.2730897526861 29.0595978920474,46.3006553541755 29.0786016620514,46.3282178235098 29.097624566171,46.3557771450158 29.1166666942376,46.3833333030286 29.1791295203829,46.3856719219132 29.2415976465883,46.3879764995792 29.3040710728539,46.3902471025129 29.3665496195167,46.3924836728127 29.4290332865766,46.3946861525239 29.4915218943705,46.3968546700929 29.55401553273,46.3989891052857 29.6165139321605,46.4010895242645 29.679017092662,46.4031559309734 29.7415250142346,46.4051882050087 29.804037517215,46.4071864744806 29.8665546016035,46.4091506188666 29.9290760877368,46.4110807661399 29.991601975615,46.412976795659 30.0541322652381,46.4148387731292 30.1166666871115,46.4166666399251 30.1019986358263,46.4414675908143 30.0873171996433,46.4662666823932 30.0726223785627,46.4910639022334 30.0579141725842,46.5158591758955 30.0431925817081,46.5406526150194 30.0284575161027,46.5654441451468 30.0137088859365,46.5902338157976 29.9989468708726,46.61502155258 29.9841712912478,46.6398074049663 29.9693821470623,46.6645913604757 29.9545795281475,46.6893733448158 29.9397632548404,46.7141534691752 29.924933327141,46.7389317210014 29.9100898348808,46.7637079642866 29.8952326882283,46.7884823717638 29.8803617973519,46.8132548074635 29.8654772520832,46.8380253205826 29.8505789625907,46.8627938985925 29.8356669288743,46.8875605905571 29.8207410611025,46.9123252607548 29.8058014491069,46.9370880813473 29.790848003056,46.9618488551506 29.7758807229496,46.9866077541641 29.7608995189563,47.0113647042733 29.7459044809077,47.036119631483 29.7308955189722,47.0608726460773 29.7158725433182,47.0856237354002 29.7008356437773,47.1103728254715 29.6857848203495,47.135119903731 29.6707198933718,47.1598650801674 29.6556409526756,47.1846082195724 29.640547998261,47.2093494318296 29.6254409402964,47.2340885818557 29.6103196889504,47.2588258405864 29.5951844238859,47.2835610729773 29.5800348756084,47.3082942664176 29.5648712237809,47.3330255304426 29.549693378572,47.3577547301957 29.53450125015,47.3824819751074 29.519294838515,47.4072071914305 29.5040742334985,47.4319303664936 29.4888392554375,47.456651548557 29.4735899941635,47.4813707248731 29.4583263598449,47.5060878218306 29.4430482626502,47.5308029484591 29.4277558822425,47.5555160311287 29.4124489491272,47.5802271178951 29.3971276429674,47.6049360744433 29.3817918739315,47.6296430703175 29.366441552188,47.654347971242 29.3510767675684,47.6790508858447 29.3356973404097,47.7037516799763 29.3203033605434,47.7284504621596 29.304894738138,47.7531471589515 29.2894715630249,47.777841757581 29.2740336555412,47.8025343663267 29.2585811055184,47.8272248512682 29.2431139129564,47.8519132601149 29.2276318981922,47.8765996404658 29.2121351510574,47.9012838585902 29.1966235817204,47.9259660225043 29.1810972800128,47.9506461193011 29.1655560662714,47.975324136079 29.1500000303278,47.9999999996513 29.1055901972898,48.0143307743773 29.0611557504131,48.0286444074242 29.016696599866,48.0429408497994 28.9722127456487,48.0572201730135 28.9277042775925,48.0714823280866 28.883171105866,48.0857272660953 28.8386132304693,48.0999549983456 28.7940308310652,48.1141655361326 28.7494237279909,48.1283587704621 28.7047919212462,48.142534712708 28.6601355006627,48.1566934343392 28.6154544662405,48.1708347663899 28.570748728148,48.1849588404464 28.5260184660482,48.1990655477269 28.481263500278,48.2131548996501 28.4364839206691,48.2272268476011 28.391679817053,48.2412814630321 28.3468510097665,48.2553185773595 28.3019975886412,48.2693383220528 28.2571195536772,48.2833405886109 28.2122169947059,48.2973253885341 28.1672898218958,48.3112927333111 28.122338035247,48.3252425146047 28.0773617245908,48.3391748038701 28.0323608000959,48.3530895527363 27.9873352617622,48.3669867128867 27.9422851994213,48.3808662958996 27.8972106130731,48.3947283133418 27.8521114128861,48.4085727169593 27.8069876886918,48.4223994585521 27.7618394404903,48.4362085497492 27.7166666682815,48.4500000021675 27.6593408580885,48.4481300323938 27.6020193598088,48.4462316054708 27.544702083611,48.4443047181956 27.4873892989896,48.4423493075487 27.4300809161131,48.4403654897661 27.372777024813,48.4383532615081 27.3154776250893,48.4363124998357 27.2581829864366,48.4342433806335 27.2008930190234,48.4321457808646 27.1436078126813,48.4300197567736 27.0863273674101,48.4278652449962 27.029051862873,48.4256823614748 26.9717812990699,48.423471102543 26.9145157658324,48.4212313448995 26.8572553529921,48.4189632043593 26.7999999707173,48.4166666771129 26.7430961890448,48.3978243377903 26.6862344485275,48.3789539706538 26.6294149288286,48.360055611456 26.5726376299481,48.3411292960121 26.5159024620543,48.3221750002886 26.459209514979,48.3031928800246 26.4025586988904,48.2841829113346 26.3459501036203,48.2651451902628 26.2893836393369,48.2460796330052 26.2328593958719,48.226986395734 26.1763773732252,48.2078654547288 26.1199374815654,48.1887168463114 26.0635398107239,48.1695406669594 26.0071843607008,48.1503368930787 25.9508710416645,48.1311056213224 25.8946000332781,48.1118468281821 25.8383710660469,48.0925606104876 25.7821844094657,48.0732470050214 25.7260398838713,48.0539059884056 25.6699375790952,48.0345376577374 25.613877405306,48.0151420499998 25.5578594523351,47.9957191419474 25.5018837201826,47.9762690309479 25.4459501190169,47.956791754187 25.3900587386695,47.9372873489185 25.3342095791405,47.9177558524647 25.2784025505984,47.8981973022169 25.222637653043,47.878611735635 25.166914976306,47.8589991902486 25.1112345203874,47.8393596431775 25.0555961954556,47.8196932530257 25.0000000015106,47.7999999970761 24.937279897868,47.808345381991 24.874539671963,47.8166565634861 24.8117793237956,47.8249335574764 24.7489991228605,47.8331763798133 24.6861988894945,47.8413849253311 24.6233788931922,47.8495592098115 24.5605391339537,47.8576992489719 24.4976797016105,47.8658049375697 24.4348005961626,47.8738763516895 24.371901997273,47.8819133860262 24.3089839049418,47.8899160561251 24.2460463191688,47.8978843774667 24.1830895094488,47.9058183050656 24.1201133859502,47.9137177939086 24.0571181283361,47.9215827989548 23.9941036467748,47.9294133958813 23.9310702107611,47.9372095395346 23.8680178202948,47.9449711243776 23.8049464753761,47.9526982259183 23.7418562658364,47.9603907385518 23.6787473713388,47.9680487376633 23.6156197918833,47.975672117579 23.5524736173014,47.983260953561 23.4893089374246,47.9908150795644 23.4261258420846,47.9983346310465 23.3629242414496,48.0058195624762 23.2997044050144,48.0132697680167 23.236466332779,48.0206852623663 23.1732101145748,48.0280660601564 23.1099358402334,48.0354121157025 23.0466435995863,48.0427234435278 22.9833333028019,48.0499999978564 22.9315993255895,48.073092400298 22.8798189054769,48.0961615041667 22.8279920424641,48.1192073880653 22.7761186467195,48.142229889989 22.7241988080748,48.165229088635 22.6722323468668,48.1882048823785 22.6202192630956,48.2111571698043 22.5681595567611,48.23408602975 22.5160532278634,48.2569913609748 22.4639002764025,48.2798731224067 22.4117005227152,48.3027312730741 22.3594540566332,48.325565832012 22.3071607883248,48.3483766386079 22.2548207177902,48.3711637719757 22.2024337551977,48.3939271316354 22.149999990379,48.4166666771129 22.1716167798814,48.4360012466953 22.1932499187221,48.4553317039962 22.2148995865639,48.4746581653706 22.236565783407,48.4939805081639 22.2582485092513,48.5132988486458 22.2799476742654,48.5326130642595 22.3016634581121,48.5519232115508 22.3233958607917,48.5712292873611 22.3451447924724,48.5905312885351 22.3669104328175,48.6098291523502 22.3886926021638,48.6291229352732 22.4104915700058,48.6484125746338 22.4323070668492,48.6676981268593 22.4541393621883,48.6869795293313 22.4759883661917,48.7062568384378 22.4978540788594,48.7255299916124 22.5197365900229,48.7447989857937 22.5416358996822,48.7640638773102 22.5635520078374,48.7833246036738 22.5854849144883,48.8025811618325 22.6074347094666,48.8218335487374 22.6294013029407,48.8410817613427 22.6513848745737,48.8603257966059 22.673385334534,48.8795657107367 22.6954026828216,48.8988013821774 22.7174370092682,48.918032867167 22.739488224042,48.9372601626757 22.7615565068063,48.956483206519 22.783641857561,48.9757020548768 22.8057441864745,48.9949167047288 22.8278635833784,49.0141271530577 22.8499999584412,49.0333333377834 22.8427795696821,49.0656284349937 22.8355497486124,49.0979230819444 22.8283104952323,49.1302172418442 22.8210618993732,49.1625109957375 22.8138036915406,49.1948042477539 22.806536141229,49.2270970786928 22.7992589789438,49.2593894514662 22.7919723843482,49.291681328999 22.7846761777791,49.3239727916653 22.7773703592364,49.3562638021835 22.7700550185517,49.3885543232853 22.7627299760619,49.4208443763172 22.7553954114302,49.4531339824839 22.7480510551618,49.4854231043239 22.7406970869199,49.5177118213598 22.7333333270414,49.5499999790306 22.7742782681969,49.5773122294087 22.8152691132635,49.6046099922408 22.8563058622412,49.6318932102597 22.8973886049613,49.6591620012876 22.938517341424,49.6864161914857 22.9796922512924,49.7136557821701 23.0209134243978,49.74088077467 23.0621807709089,49.7680911121432 23.1034944704886,49.7952867960427 23.1448546129685,49.8224678278341 23.1862612881801,49.8496340347396 23.2277144961234,49.8767855346504 23.26921432663,49.9039222131288 23.3107607796998,49.9310440719858 23.3523541248275,49.9581510550911 23.3939942721815,49.9852432223001 23.4356813115933,50.0123204017957 23.4774154227259,50.0393826535894 23.519196515748,50.0664299219279 23.5610247703224,50.0934621512012 23.6029001864493,50.1204793437001 23.6448229437917,50.1474815017275 23.6867930423495,50.1744685122145 23.7288105719543,50.2014403776847 23.7708756224377,50.2283971006737 23.8129881937995,50.2553386261354 23.8551483758715,50.2822648991666 23.8973563483165,50.309175922535 23.9396120213032,50.3360716415247 23.981915664326,50.3629520015626 24.0242671875534,50.3898170630778 24.0666666808171,50.4166666567915 24.0524185020957,50.4515902733961 24.0381493926281,50.4865121182815 24.0238590829199,50.5214322014693 24.0095476628024,50.5563505328342 23.9952149526128,50.5912671792881 23.9808610421824,50.6261819788584 23.9664857518483,50.6610950554324 23.9520890816104,50.6960063612403 23.9376709416372,50.7309158485356 23.9232313319288,50.765823583538 23.9087701626535,50.8007295752208 23.8942873439799,50.8356337186398 23.8797828759079,50.8705360795737 23.865256668606,50.9054366666838 23.8507087220743,50.940335431727 23.8361388566496,50.9752323831994 23.821547072332,51.0101275294499 23.80693327929,51.0450208220526 23.7922974775235,51.0799123257772 23.7776396670325,51.1148019919902 23.7629595783225,51.1496898285824 23.7482573910564,51.1845757868418 23.7335328357399,51.2194599309086 23.7187860022042,51.2543422118635 23.704016800618,51.2892226934679 23.6892250513182,51.3241012703106 23.6744108441362,51.3589779496614 23.6595740892407,51.3938527948427 23.6447146967999,51.4287257565467 23.6298325769825,51.4635968416044 23.6149277297884,51.4984660567005 23.5999999755545,51.5333333523471 23.602203453115,51.558889184385 23.6044093561266,51.5844450279367 23.6066178642526,51.6100008057623 23.6088287079984,51.6355565525549 23.6110421568585,51.6611122470192 23.6132580311698,51.6866679237032 23.6154764207639,51.71222356123 23.6176973256409,51.7377791382294 23.6199207458006,51.763334633338 23.6221466812431,51.7888901366181 23.6243752218,51.8144456265294 23.6266061878081,51.8400010258924 23.628839669099,51.86555636889 23.6310757555042,51.8911116895847 23.6333143571922,51.9166669663682 23.6355555639946,51.9422222331582 23.6978908293695,51.9485181427143 23.7602436118925,51.9547811385946 23.8226137319004,51.9610111788415 23.8850011893933,51.9672082214582 23.9474058945397,51.9733723353681 24.0098276676765,51.979503478448 24.0722664189722,51.9856015530695 24.1347222382582,51.9916666834236 24.1689276588262,52.0010288607742 24.2031473626072,52.010381143364 24.2373813496013,52.0197235363566 24.2716297096399,52.0290559340891 24.3058922630599,52.0383784525833 24.3401691895246,52.0476910416005 24.3744603093707,52.0569936509433 24.4087658022613,52.06628628582 24.4430854885335,52.075569006787 24.4774194580186,52.0848417636667 24.5117677107168,52.0941045063223 24.546130246628,52.1033572399769 24.5805070657522,52.1126000251549 24.6148980782579,52.1218328117392 24.6493032841451,52.1310555496536 24.6837227732453,52.1402682994073 24.7181565455585,52.1494710109368 24.7526045112533,52.158663744718 24.7870666703295,52.1678463954622 24.8215430227872,52.17701896842 24.8560336584579,52.1861815240519 24.8905384875101,52.19533401236 24.9250575099438,52.2044764385793 24.9595907257589,52.2136088079395 24.9941382247871,52.2227310704956 25.0286998273653,52.2318432866589 25.0632756233249,52.2409453513501 25.0978656126661,52.2500373249812 25.1324697055572,52.2591191576658 25.1670879918298,52.2681909097824 25.2017204714838,52.2772525314567 25.2363671445194,52.2863040279439 25.2710279211049,52.2953453494154 25.3057028910719,52.3043765562171 25.3403919645889,52.313397598532 25.3750951416559,52.3224084265829 25.4098125121043,52.3314091557331 25.4445439861027,52.3403996261385 25.479289563651,52.34937995314 25.5140492447493,52.3583500869835 25.5488230293976,52.367310032943 25.5836109175958,52.3762597413096 25.618412909344,52.3851992723461 25.6532290046421,52.3941285213997 25.6880591136587,52.4030476036773 25.7229034160568,52.4119564145596 25.7577617321733,52.4208549593543 25.7926340620082,52.4297432433635 25.8275204953931,52.4386213267832 25.862421032328,52.447489105094 25.8973355829813,52.4563465836144 25.932264147353,52.4651938225235 25.9672067254431,52.4740307173849 26.0021634070833,52.4828573283771 26.0371341024418,52.4916736607958 26.0721187216873,52.5004796651091 26.1071174444827,52.5092753466343 26.142130091165,52.5180607106828 26.1771568413973,52.5268357625605 26.2121975155164,52.5356003980115 26.247252203354,52.5443547319298 26.2823208150786,52.5530987148478 26.3174034405215,52.561832297336 26.3524999898514,52.570555539471 26.3942964440648,52.5691946097564 26.4360902931638,52.5678189679432 26.4778815371486,52.5664286126433 26.5196700861875,52.565023542454 26.5614559402805,52.5636037559578 26.6032390994277,52.5621692517224 26.6450194737975,52.5607200283005 26.6867971532215,52.5592561389784 26.7285719580366,52.5577775275346 26.7703439780742,52.5562841924775 26.812113123503,52.5547761870544 26.8538793943228,52.5532535097499 26.8956427007023,52.5517161042757 26.9374031324728,52.550163969081 26.9791605099713,52.5485972121233 27.0209149230294,52.5470157223066 27.0626663716471,52.5454195528013 27.1044147659928,52.5438087020032 27.146160016235,52.5421831682936 27.1879022122052,52.5405428952669 27.229641264072,52.5388880455902 27.2713771718352,52.537218453285 27.3131098456634,52.5355341714455 27.3548392855566,52.533835253159 27.3965655813463,52.5321216419425 27.4382885533695,52.530393336074 27.4800082016261,52.52865044339 27.5217245261162,52.5268927977858 27.5634375268397,52.5251205070705 27.6051472037966,52.5233335694701 27.646853377324,52.5215319831956 27.6885561372532,52.5197157464436 27.7302554835844,52.5178848573959 27.7719512366545,52.5160392594173 27.8136435761264,52.5141790602629 27.8553323223373,52.5123042032704 27.8970175651185,52.5104146865632 27.9386991248071,52.5085105082499 27.9803770912345,52.5065917212386 28.0220513745692,52.5046582687993 28.0637220646429,52.5027102038158 28.1053889817923,52.500747469524 28.1470521260175,52.4987701736074 28.1887115871501,52.4967781496221 28.2303672753585,52.494771560054 28.2720191008111,52.4927503480784 28.3136670635081,52.4907145116796 28.3553111634493,52.4886639939912 28.3969514006348,52.4865989026395 28.438587685233,52.4845192355732 28.480220017244,52.4824248810374 28.5218483966677,52.4803159466306 28.5634727336727,52.4781924302579 28.6050931180904,52.4760542749577 28.6467093702578,52.4739015334534 28.6883215800064,52.4717342036068 28.7299296575048,52.4695522284048 28.7715336027528,52.4673556605352 28.813133325919,52.4651445526827 28.8547289168348,52.4629187929217 28.8963202856689,52.4606784887769 28.9379074324211,52.458423583157 28.9794902672599,52.4561541287003 29.0210687901854,52.4538700682809 29.0626430011975,52.4515713996307 29.1042128104647,52.449258175353 29.1457783078186,52.4469303931592 29.1873394034275,52.4445880507466 29.22889600746,52.4422311457978 29.2704482097477,52.4398596210834 29.3119959204589,52.4374735840502 29.3535391395937,52.4350729774429 29.3950777773206,52.4326578537938 29.4366118336395,52.430228100903 29.4781413085505,52.4277838810968 29.5196662020535,52.4253250272277 29.561186424317,52.4228517016118 29.6027019753411,52.4203637919766 29.6442127652941,52.4178614057121 29.6857188840077,52.4153444305049 29.7272202416502,52.4128129187971 29.7687168382218,52.4102669230295 29.8102086737224,52.4077063857649 29.8516956583204,52.4051313044804 29.8931777021843,52.4025417315835 29.9346548951458,52.3999376095847 29.9761272372047,52.3973189908696 30.0175946385295,52.394685872868 30.0590570092887,52.3920381980379 30.1005144393139,52.3893760736932 30.1419668387735,52.3866994422668 30.1834142076675,52.3840083011318 30.2248565459958,52.3813027026185 30.2662937639271,52.3785825341327 30.3077258614613,52.3758479579289 30.3491528385983,52.3730988613812 30.3905746055067,52.3703352967768 30.4319911621865,52.367557206426 30.4734025086376,52.3647646975865 30.51480864486,52.3619577125438 30.5562094810223,52.3591361935552 30.5976050171244,52.3563003028596 30.6389952531663,52.3534498726885 30.6803800993165,52.3505850102641 30.721759555575,52.3477057127974 30.7631336219418,52.3448119774849 30.8045022984169,52.3419037464888 30.8458654951688,52.338981071991 30.8872232121975,52.3360440061739 30.9285754495029,52.3330924911576 30.9699221172535,52.3301265240689 31.0112632154494,52.3271461020204 31.0525987440905,52.3241512771533 31.0939287031768,52.3211420465636 31.1352530028769,52.3181183522831 31.1765716431907,52.3150802464225 31.2178845342866,52.3120277810938 31.2591917659963,52.3089608432252 31.3004932484882,52.3058795399627 31.3417889817622,52.3027838132608 31.3830789658184,52.2996737151914 31.4243631108253,52.2965491876736 31.4656414167828,52.2934102827591 31.506913883691,52.2902569974166 31.5481804217183,52.2870893286009 31.5894410308647,52.28390721816 31.6306957111302,52.2807108282999 31.6719444625149,52.2774999906552 31.6269703078155,52.3029252312079 31.5819444101557,52.3283333306799 31.5929553300877,52.3693765144617 31.6039866417767,52.4104187080036 31.6150386147172,52.4514598767783 31.6261110692462,52.4924999861047 31.5918154578237,52.5051438325662 31.5574999936334,52.5177777777965 31.6160814689305,52.5400144544024 31.6747222330365,52.5622222444744 31.6209931874095,52.5793176973758 31.5672221904588,52.5963888939813 31.5504446253919,52.620628563991 31.5336483753671,52.6448658442333 31.5168335302159,52.6691007740517 31.5000000001067,52.6933333380968 31.5463669926542,52.7138979658597 31.5927778229875,52.7344444591329 31.5898630593852,52.7641667000123 31.5869444330271,52.793888879484 31.5442014239988,52.8240123879906 31.5013990363302,52.8541205804729 31.4585372700214,52.8842132885593 31.4156160352407,52.9142905615641 31.3726350624937,52.9443523944094 31.3295944416118,52.9743986193619 31.2864939031004,53.0044293401082 31.2433333571281,53.0344444434529 31.2797513282409,53.0503639478428 31.3161961589807,53.0662722966247 31.352667939179,53.0821694966313 31.3891666688358,53.0980555546928 31.3923547897792,53.1265279213521 31.3955470429728,53.1550001918545 31.3987436080798,53.1834723342791 31.4019444851002,53.2119444245701 31.4459168385948,53.2073853649504 31.489879939442,53.2028101219953 31.5338335181471,53.1982186906296 31.5777777543733,53.1936111197097 31.6030444887067,53.2123638068236 31.6283333215961,53.2311111066868 31.6648533413251,53.2149347989663 31.701345782775,53.1987472806039 31.7378106459456,53.1825486526862 31.7742480206685,53.1663389084935 31.8106578171122,53.1501179872996 31.8470400352767,53.1338860443937 31.883394854825,53.1176430191274 31.9197221859256,53.101388904834 31.9592682705208,53.1018167266215 31.9988151635997,53.1022314063663 32.0383626854993,53.1026329985145 32.0779110158827,53.1030215034344 32.1174600649182,53.1033969214822 32.1570097427745,53.1037591989393 32.1965601392831,53.1041083902017 32.2361110747808,53.1044444415275 32.2887913373135,53.1309377495479 32.3415365480413,53.1574077429385 32.3943467967956,53.1838544391639 32.4472222632396,53.2102778017608 32.4574831797409,53.2336124089939 32.4677553251833,53.2569462019497 32.4780386995667,53.280279110342 32.4883333028912,53.3036111178199 32.5496215818025,53.3108804735807 32.6109307016283,53.3181184085468 32.6722605725373,53.3253249382416 32.7336111046978,53.3325000243481 32.7395008190266,53.3638893180885 32.7453992470136,53.3952783747043 32.7513063886589,53.4266670974572 32.7572222439625,53.4580555506312 32.7218022112988,53.4693770372123 32.6863633140142,53.4806879883291 32.6509055521086,53.4919885175324 32.6154289255821,53.5032785240252 32.579933344603,53.5145580142053 32.544418899003,53.5258269944655 32.508885588782,53.5370854176792 32.4733333241085,53.5483333437716 32.4578061240856,53.5740308044195 32.4422600594416,53.5997262619429 32.4266950403452,53.6254196957966 32.4111110667963,53.6511110854458 32.4555347338896,53.6708415437834 32.4999999929806,53.6905555785153 32.4794541749599,53.7104184129294 32.4588888634975,53.730277796141 32.4122157251012,53.7244534892513 32.365555522445,53.7186111079258 32.3067671651379,53.7425432609873 32.2479117935106,53.7664466130292 32.1889894075631,53.7903210873441 32.1300000072954,53.8141666606059 32.085052891886,53.8120032430274 32.0401104477161,53.8098229655881 31.9951726747856,53.8076259319995 31.9502396629262,53.8054120864573 31.9053114121378,53.8031814794766 31.8603879224204,53.800934055207 31.8154692836055,53.7986698641295 31.7705555855247,53.7963889035317 31.785196956846,53.8292076941711 31.7998613250385,53.8620246738569 31.8145487799339,53.8948399017984 31.8292592317005,53.927653277846 31.8439928600014,53.960464913946 31.8587497546683,53.9932747098365 31.8735299157009,54.0260827241248 31.8883333430995,54.0588889094123 31.8528232094128,54.0705475754692 31.8172931331268,54.0821958229551 31.7817431142416,54.0938335527468 31.7461732425885,54.1054608769942 31.7105833385046,54.1170776438486 31.6749734918214,54.1286839126748 31.6393437025389,54.1402796900279 31.6036939706571,54.1518649297274 31.568024296176,54.1634396383628 31.5323346790956,54.1750037698173 31.4966250295843,54.1865573834003 31.4608955273053,54.1981003803432 31.4251459925954,54.2096328726163 31.3893766051177,54.2211547088577 31.3535871852092,54.2326660010125 31.3177777328699,54.2441666504532 31.3050362983745,54.2831269957685 31.2922706093665,54.3220860179595 31.2794807556773,54.3610436853427 31.2666666474755,54.4000000185019 31.3285507789147,54.4043890085198 31.3904481155886,54.4087464004656 31.4523584778342,54.4130720995402 31.5142818656513,54.4173661680872 31.5762182790401,54.421628563586 31.6381674485059,54.4258592434654 31.7001293740487,54.4300582174768 31.7621039658371,54.4342254952989 31.8240911340394,54.4383610865372 31.8860906989927,54.4424648960088 31.9481027505284,54.4465369855575 32.0101270191519,54.4505772598909 32.0721635048633,54.4545858330539 32.1342120279996,54.4585626096281 32.1962726783921,54.4625075988269 32.2583450967149,54.4664207574631 32.320429462631,54.4703021469402 32.3825255066458,54.4741516716168 32.4446332287592,54.477969392754 32.5067524493083,54.4817553192121 32.568883168293,54.4855093028699 32.6310252060503,54.4892314570793 32.6931785625802,54.4929217904935 32.7553430582197,54.4965801548268 32.8175186929686,54.5002066631941 32.8797051973325,54.5038012717616 32.9419026611428,54.5073639889144 33.0041109945681,54.5108947706932 33.0663299281137,54.5143936253477 33.1285595516112,54.5178605087925 33.190799595566,54.5212954291417 33.2530501498097,54.5246984466872 33.3153109448475,54.5280694648849 33.3775820705112,54.531408491638 33.439863257306,54.5347155347747 33.5021545950635,54.5379906020484 33.5644557244576,54.5412336489068 33.6267668251514,54.5444446829657 33.6890876276503,54.5476236595433 33.7514181319542,54.5507706383365 33.8137582482316,54.5538855745212 33.8761077968196,54.5569684232143 33.9384666878865,54.5600192438865 34.0008348316008,54.5630379915119 34.0632122279625,54.5660246732036 34.1255986973087,54.5689792959994 34.1879941498076,54.5719017624784 34.2503985854594,54.5747921839253 34.3128117347695,54.577650462783 34.3752335977378,54.5804766579895 34.4376640845328,54.5832706718617 34.5001031053231,54.586032615363 34.5625504804454,54.5887623906727 34.6250062997315,54.5914600042556 34.6874702038551,54.5941255146629 34.7499422826478,54.5967588238776 34.8124224462781,54.5993599381462 34.8749105150828,54.6019289157917 34.9374063992305,54.6044657107484 34.9999100088897,54.606970329034 35.0624212542288,54.6094427244466 35.1249401352478,54.6118829028608 35.1874663824521,54.6142909222116 35.2499999958418,54.6166666839435 35.2552750828532,54.5817725404099 35.2605411867117,54.5468781726746 35.2657982175859,54.5119835399405 35.2710463551388,54.4770887580264 35.2762855095389,54.4421936811728 35.2815157706176,54.4072984249526 35.286737138375,54.3724028953603 35.2919496128111,54.3375071553642 35.2971531939259,54.302611215429 35.3023480613824,54.2677150332915 35.3075340355176,54.2328186716174 35.3127113858261,54.1979220350909 35.3178798428133,54.1630251860412 35.3230396759738,54.1281281340696 35.3281908853075,54.0932308358258 35.3333332911514,54.0583333533348 35.4038663123147,54.0644449579543 35.4744199947294,54.0705152407764 35.5449942485642,54.0765443253279 35.6155889839874,54.0825320180386 35.6862039315045,54.0884784422086 35.7568390911155,54.0943834569361 35.8274943729889,54.1002471324741 35.8981694177985,54.106069380557 35.968864315376,54.1118502184201 36.0395788860581,54.1175896104019 36.1103129501819,54.1232875735156 36.1810664179158,54.1289440718918 36.2518391095968,54.1345590168152 36.3226308455619,54.140132477741 36.3934417156425,54.1456644184964 36.4642713605125,54.1511547500826 36.5351196903404,54.1566035416064 36.6059866152947,54.162010703871 36.6768720455439,54.1673763057427 36.7477758014249,54.1727002578256 36.8186977032746,54.1779825233512 36.8896376612615,54.1832231181439 36.9605954957226,54.1884220579036 37.0315711168263,54.1935793055288 37.1025644347411,54.1986947711494 37.1735752698039,54.2037685228145 37.2446034423517,54.2088004704495 37.3156487727215,54.2137906818595 37.3867112609132,54.218739119409 37.4577907272637,54.2236456927241 37.5288869921101,54.2285104166199 37.5999999656207,54.2333333584115 37.6609181386349,54.2108249981935 37.7217698363181,54.1882859758228 37.7825552383334,54.1657163105272 37.8432742548491,54.1431160743567 37.9039269756968,54.1204853395579 37.9645134907082,54.0978241257754 38.0250337998831,54.0751325055641 38.0854879032215,54.0524106045349 38.1458758905551,54.0296583370675 38.2061977618837,54.006875934887 38.2664536968704,53.9840633125985 38.3266435158523,53.9612205965545 38.3867673984923,53.9383478074194 38.4468253447905,53.9154450720075 38.5068173547468,53.8925123582675 38.5667435181927,53.8695497933902 38.6266039249599,53.8465574517671 38.6863985750483,53.8235353016945 38.7461275582894,53.8004834709763 38.8057907848517,53.7774019813222 38.8653884343983,53.754290961006 38.9249204170976,53.7311503255567 38.9843869126126,53.7079803101379 39.0437879209435,53.6847808305163 39.1031234420902,53.6615519623808 39.1623935658842,53.6382938884 39.2215982923255,53.6150064711974 39.2807378010771,53.5916899472465 39.3398119124761,53.5683442862146 39.398820896017,53.5449695112467 39.4577646618683,53.5215657526485 39.5166432998614,53.4981330339293 39.5754568099965,53.4746714322853 39.6342053719365,53.451180971503 39.69288889585,53.4276617291161 39.7515074715684,53.4041137828726 39.8100611889232,53.3805371033098 39.8685499580831,53.3569318759119 39.9269740485425,53.3332980177548 39.9853333704699,53.3096357147848 40.0436280136969,53.2859449380741 40.1018579782234,53.2622257663976 40.1600233538809,53.238478278748 40.2181241406696,53.2147024464911 40.2761605182523,53.190898456782 40.3341323967977,53.1670662813042 40.3920398661372,53.1432059997465 40.4498830161024,53.1193176379746 40.5076619365247,53.095401276028 40.5653765375727,53.0714569941672 40.6230269989094,53.0474848187411 40.6806133205348,53.0234847761996 40.7381355922805,52.9994570014836 40.7955938141464,52.9754014672036 40.8529880759641,52.9513182544622 40.9103184675651,52.9272074445859 40.9675848991178,52.90306906481 41.0247875502854,52.8789031968202 41.0819265108993,52.8547098681505 41.1390016911281,52.8304891064396 41.1960132706347,52.8062410483068 41.2529612494193,52.7819656673149 41.3098457173132,52.7576631005074 41.3666666743166,52.733333321689 41.3886257219423,52.7027064904087 41.4105539573538,52.6720756287037 41.432451560214,52.6414407670991 41.4543184406916,52.6108018267738 41.476154688618,52.5801588380645 41.4979604836562,52.5495118860897 41.5197358258063,52.5188608917458 41.5414808048999,52.4882059401549 41.5631955107683,52.4575470068621 41.5848800332432,52.4268840672801 41.6065343723245,52.3962172065936 41.6281586178438,52.3655464001798 41.6497528596327,52.3348716232834 41.6713171875226,52.3041929611511 41.6928516015135,52.2735103338862 41.7143562812685,52.2428237715939 41.735831136956,52.2121333595829 41.7572764380708,52.1814390176724 41.7786920947811,52.1507408311735 41.8000782867502,52.1200387749754 41.8214350139779,52.0893328238347 41.8427623662958,52.0586230077487 41.8640604335355,52.0279093567351 41.8853293055284,51.9971919008316 41.9065688924431,51.9664706146069 41.927779463774,51.9357454724968 41.9489610195214,51.9050165599344 41.970113559685,51.8742838513187 41.9912371740965,51.8435473209155 42.0123320424189,51.8128070542171 42.0333980748206,51.7820630254523 42.0544354509649,51.7513152087166 42.0754441708515,51.7205636337667 42.0964244141436,51.6898083303787 42.1173760910097,51.6590492724777 42.1382993811129,51.6282865456726 42.159194284453,51.5975200679039 42.1800608908617,51.566749868796 42.2008992901705,51.5359759779928 42.2217095722109,51.5051984251569 42.2424917369829,51.474417183871 42.2632457844865,51.4436322837216 42.2839719842163,51.412843754314 42.3046702463407,51.382051512846 42.3253406606914,51.3512556449836 42.3459832272682,51.3204561802745 42.3665982155658,51.2896530919577 42.3871855357527,51.2588463531387 42.4077452776603,51.2280359931929 42.4282774412887,51.1972220979556 42.448782206301,51.1664045839946 42.4692595726971,51.1355834806269 42.4897096303085,51.1047588171877 42.5101324689669,51.0739305664376 42.5305280886721,51.0430988142653 42.5508964894242,51.0122634767232 42.5712379407179,50.9814245829919 42.5915523527214,50.9505822190142 42.6118398152664,50.9197363005558 42.6321003283529,50.8888868567376 42.6523341614755,50.8580339735561 42.6725411349711,50.8271775095943 42.6927214285027,50.7963176076667 42.7128750420704,50.7654542399938 42.7330021553372,50.7345873786626 42.7531027683031,50.7037171097206 42.7731768809682,50.6728433481297 42.7932246729954,50.6419661228119 42.8132460545533,50.611085519867 42.8332412053048,50.5802014539694 42.8532101252501,50.5493139539802 42.8731529042206,50.5184230487778 42.8930696320479,50.4875287672576 42.9129603087319,50.4566310809839 42.9328249342727,50.4257300187731 42.9526637781649,50.3948255520354 42.9724766607453,50.3639177095083 42.9922638515086,50.3330065199467 43.0120252606232,50.3020920121221 43.0317610677523,50.2711740996741 43.0514711830642,50.2402528687943 43.0711556963905,50.2093283481918 43.0908147873943,50.1784004512179 43.1104484560756,50.1474692641142 43.1300567024343,50.1165348155269 43.149639616302,50.0855970185191 43.1691972875102,50.0546559593818 43.1887298058904,50.0237115509485 43.2082370816112,49.9927639374177 43.2277192943355,49.9618130315055 43.247176533895,49.9308588616185 43.266608710458,49.8999014561798 43.2860160036876,49.8689408436283 43.3053984135839,49.8379769362203 43.3247560299784,49.8070098203392 43.3440889427025,49.7760394661857 43.3633970619248,49.7450659602499 43.3826805673083,49.7140892144403 43.4019395486845,49.6831092569552 43.4211739162219,49.6521261160084 43.4403838495837,49.6211397614686 43.4595693487697,49.5901502798673 43.4787305036115,49.55915764103 43.4978674039406,49.528161814648 43.5169799599255,49.4971628287897 43.5360683512293,49.4661607115386 43.5551326676835,49.4351554909937 43.5741728194565,49.4041470780255 43.5931888963799,49.3731355591995 43.6121810781168,49.3421209625489 43.6311492748355,49.3111031986549 43.6500936661993,49.2800824128994 43.6690141623765,49.2490584569373 43.6879109430301,49.2180314762177 43.7067840081603,49.1870013809735 43.725633357767,49.1559681989936 43.7444591715132,49.1249319580822 43.763261449399,49.0938926860583 43.7820401914244,49.0628503517251 43.8007954874208,49.0318049828197 43.8195273373883,49.0007566070942 43.83823592099,48.9697051340315 43.8569211483942,48.9386507095483 43.8755831992642,48.9075932430086 43.8942220735998,48.8765327620005 43.9128377714011,48.8454692941266 43.9314303824996,48.8144028076772 43.9499999967268,48.7833333301727 43.9404361728859,48.7505327684959 43.9308848356275,48.7177314601081 43.9213459849516,48.6849293234354 43.9118195310265,48.6521263956451 43.9023053840209,48.6193227139181 43.8928037235977,48.5865182558504 43.8833142802624,48.5537129988957 43.873837233678,48.5209069800409 43.8643724041814,48.4881001765712 43.8549197917728,48.4552925656297 43.845479396452,48.4224841840091 43.836051218219,48.3896750685149 43.8266351672424,48.3568651362261 43.8172311536906,48.3240544836498 43.8078393572267,48.2912430875661 43.7984595981875,48.258430864627 43.7890917867417,48.2256179112612 43.7797361025521,48.1928042039382 43.7703922761244,48.1599897189851 43.7610604871214,48.1271744927276 43.7517405558802,48.0943585013242 43.7424325722323,48.0615417207913 43.7331363565146,48.0287242475166 43.7238520883901,47.9959059971684 43.7145794983644,47.9630870057864 43.7053187661004,47.9302673094222 43.6960698017666,47.8974468233177 43.6868325155315,47.8646255833176 43.6776069073952,47.8318036252785 43.6683929773575,47.7989809245423 43.6591907254185,47.766157516874 43.6499999719151,47.7333333168438 43.7004112697032,47.7355932849876 43.7508268794047,47.7378311573777 43.8012468908511,47.7400469974637 43.8516710345478,47.7422406868787 43.9020994901578,47.744412349609 43.9525321678497,47.7465618672419 44.0029688879603,47.748689303112 44.0534097403212,47.7507946599334 44.1038547249325,47.7528779403919 44.154303662131,47.7549390259893 44.2047565519168,47.7569781010963 44.2552134841213,47.7589949865877 44.30567418925,47.7609898061925 44.3561387571345,47.7629625018876 44.4066071877747,47.7649130156303 44.457079391339,47.7668414710513 44.5075552779961,47.7687477494878 44.5580348477458,47.770631913945 44.6085180107566,47.7724939668341 44.6590048568601,47.7743338499822 44.7094952063932,47.7761516263035 44.7599890593559,47.777947237573 44.8104864157483,47.7797206860949 44.8609870959071,47.7814720346917 44.9114912794956,47.78320122506 44.9619986970191,47.7849081988759 45.0125095281407,47.7865930794177 45.0630235033658,47.788255747764 45.1135407125259,47.7898962665914 45.164061155621,47.7915146380054 45.2145846529881,47.7931108640831 45.2651112944587,47.7946848863417 45.3156409003697,47.796236706807 45.3661735605527,47.797766388004 45.4167090953446,47.7992738713701 45.4672476844085,47.8007591588456 45.5177890582497,47.8022223128646 45.5683332168684,47.8036632747845 45.6188801602644,47.8050819859408 45.6694298884377,47.8064785691997 45.719982311557,47.8078529053221 45.7705374296221,47.8092051171106 45.82109506297,47.8105350852755 45.8716553912637,47.8118428720447 45.9222181450087,47.813128418592 45.9727834140365,47.8143917870851 46.0233511085156,47.8156329791503 46.0739211386144,47.8168518753747 46.1244935941645,47.818048658848 46.1750683853343,47.8192231495988 46.2256454222923,47.8203754701501 46.276224615207,47.8215056219854 46.3268060539099,47.8226134855623 46.3773896485696,47.8236991228123 46.4279753093543,47.8247625956333 46.4785630362642,47.8258037844045 46.5291527394677,47.8268228114612 46.5797444189649,47.8278195571305 46.6303379849242,47.8287940831941 46.680933527177,47.8297464514004 46.731530776229,47.8306764815081 46.782129911743,47.8315843561891 46.832730754056,47.832469955638 46.8833333031681,47.8333333414874 46.8967496419364,47.8081202642146 46.9101528653016,47.7829057047135 46.9235430630952,47.7576894959239 46.9369203251486,47.732471773458 46.950284651462,47.7072525519017 46.9636360420353,47.6820317245196 46.9769745867,47.6568093664238 46.9903001956247,47.631585431405 47.0036129586407,47.6063599946448 47.0169128757482,47.5811329491041 47.0301999469472,47.5559044307561 47.0434742620691,47.5306743932942 47.0567358211139,47.5054427902993 47.0699846240818,47.4802096361385 47.0832207608041,47.4549750061127 47.0964441414494,47.4297388537296 47.1096548558492,47.4045011323844 47.1228529040035,47.37926197841 47.1360383757438,47.3540212231487 47.1492111812386,47.3287790029729 47.1623714103194,47.3035352711804 47.1755191528178,47.2782900420907 47.1886542290706,47.2530432688647 47.2017769085726,47.2277950269368 47.2148870116606,47.2025453306414 47.2279846281661,47.1772940718149 47.2410698479207,47.1520413871872 47.2541425810928,47.1267871684873 47.2672030073456,47.1015314298935 47.2802509470159,47.0762742469576 47.2932865797668,47.0510155725576 47.3063098157668,47.0257554823136 47.3193207448474,47.0004938675984 47.3323194568401,46.9752307425267 47.345305772082,46.9499661827333 47.3582799600674,46.9247002024304 47.3712418411335,46.8994326926884 47.3841915051118,46.8741637291563 47.3971289520021,46.8488933259731 47.4100542716361,46.8236214972824 47.4229674640138,46.7983481338525 47.4358685291352,46.7730733731 47.4487574670002,46.7477971674344 47.4616342776089,46.7225195309306 47.4744991406243,46.6972404158618 47.4873518763834,46.6719598362249 47.5001925747176,46.6466778678866 47.5130213254586,46.6213944630465 47.5258381286063,46.5961095737926 47.5386428943292,46.5708233379573 47.5514358022903,46.5455355837048 47.5642167626582,46.5202464489057 47.5769858652643,46.4949558855501 47.5897430202772,46.4696639696531 47.6024884073598,46.4443705289612 47.6152219366806,46.4190757636348 47.6279436082398,46.3937795012557 47.6406535118687,46.368481879983 47.6533517373989,46.3431828515729 47.6660381051673,46.3178824299122 47.6787127948371,46.292580566621 47.6913757165766,46.2672773378083 47.704027050049,46.2419726950451 47.7166667054226,46.2166666521494 47.7401639383094,46.1839986329092 47.7636333234223,46.1513257987489 47.7870748607614,46.1186481748787 47.8104886401582,46.0859657865251 47.8338746616127,46.0532785963858 47.8572330149565,46.0205866296073 47.8805637001895,45.9878899113516 47.9038668969749,45.9551884667968 47.9271426053125,45.9224823211366 47.950390915034,45.8897713741192 47.9736118261394,45.8570557762818 47.99680542846,45.8243354900602 48.0199717219961,45.7916104777567 48.0431108864105,45.7588808272992 48.0662229217034,45.7261465009468 48.0893079177063,45.693407523779 48.112365874419,45.6606638579002 48.1353967918418,45.6279155913367 48.158400939469,45.5951627492141 48.1813781376378,45.5624052304695 48.2043286558426,45.5296431231751 48.2272524042519,45.4968764523908 48.2501494726973,45.4641051799785 48.2730199510103,45.4313293309171 48.2958638391909,45.3985489302006 48.3186812270705,45.3657640028376 48.3414722943124,45.3329745104914 48.3642368612534,45.3001804780897 48.3869751973881,45.267381930575 48.409687212885,45.2345789563761 48.4323729975755,45.2017713900511 48.4550327311228,45.1689593834556 48.4776663236954,45.1361428980092 48.5002738651247,45.1033219586171 48.5228554452423,45.0704965265437 48.5454110640483,45.0376666903055 48.567940811374,45.0048323473929 48.590444777051,44.9719936500805 48.6129229610794,44.9391504957404 48.6353754532907,44.9063029729835 48.6578023435164,44.8734510428295 48.6802036317565,44.8405947300783 48.702579318011,44.8077340595441 48.7249295819429,44.7748689920689 48.7472543337208,44.7419996164081 48.7695538428392,44.709125829299 48.7918279296351,44.6762477835844 48.8140767737714,44.6433653758834 48.8363004650799,44.6104786308744 48.8584989137288,44.5775876374558 48.8806723892128,44.5446922919589 48.9028207118689,44.5117926832732 48.9249440613601,44.4788887718171 48.9470424376864,44.4459806465807 48.9691160205108,44.4130682679368 48.9911647200019,44.3801515961258 49.0131886259911,44.3472307201788 49.03518782831,44.3143056002903 49.0571623269586,44.2813762610571 49.0791122117685,44.2484427270894 49.101037572571,44.2155049584037 49.1229384093663,44.1825630441713 49.1448147221544,44.1496169443625 49.1666666905982,44.116666683532 49.1073849785371,44.1305379357555 49.0480754187021,44.1443786110619 48.9887380110934,44.1581885347441 48.9293729353739,44.171967726206 48.8699801017121,44.1857161401739 48.810559689771,44.1994337960218 48.7511115198878,44.2131206484763 48.6916357717253,44.2267766522864 48.6321324452835,44.2404017622233 48.5726016303941,44.2539959976447 48.513043327057,44.2675593133201 48.4534575352721,44.2810916640406 48.3938442550396,44.2945930046182 48.3342036660225,44.3080632898859 48.2745356783892,44.3215026036767 48.2148403819712,44.3349108362999 48.1551178666002,44.3482879426044 48.095368132276,44.3616338774587 48.0355910891672,44.3749487246122 47.9757870067683,44.3882323100513 47.9159557054163,44.4014847175046 47.8560973647743,44.4147059018281 47.7962120746738,44.4278958178962 47.7362996554517,44.4410543562442 47.676360286771,44.4541816005116 47.6163940584634,44.4672775055827 47.5564009705287,44.4803420263585 47.4963809331356,44.4933750534579 47.4363342157785,44.506376734714 47.3762606387944,44.51934689645 47.3161603818463,44.5322855578893 47.2560334449344,44.5451926739716 47.19587991789,44.5580682638796 47.1356997108817,44.5709122183274 47.0754930035725,44.5837245564992 47.0152597959624,44.596505297537 46.9550000880514,44.6092543321988 46.8947139696711,44.6219716796265 46.8344014408214,44.6346573589193 46.7740625913339,44.6473111967487 46.7136974212086,44.6599332763687 46.653306020277,44.6725235527336 46.5928883885391,44.6850819808103 46.5324446158264,44.6976085796505 46.4719747021389,44.7101032401453 46.4114787373083,44.7225659813424 46.3509567213343,44.7349967582146 46.2904086542172,44.7473955897628 46.2298347156198,44.7597624309408 46.1692348157108,44.7720972367129 46.108609134153,44.7843999620537 46.0479575811151,44.7966705619483 45.9872802464286,44.8089091192873 45.9265772199249,44.8211155250584 45.8658485914357,44.833289734234 45.8050942711292,44.8454317657027 45.7443143488372,44.8575415105198 45.6835089143912,44.8696190514441 45.622677967791,44.8816643434009 45.5618215988684,44.8936772774698 45.5009398076231,44.9056579363117 45.4400326838869,44.9176062110078 45.3791002276597,44.9295220565127 45.3181425287729,44.9414055553881 45.2571596770583,44.9532565349481 45.1961516725156,44.9650751414873 45.135118515145,44.9768612023451 45.074060294778,44.9886147362139 45.0129771012461,45.0003357617385 44.9518688447178,45.0120241700742 44.8907357946876,45.023679979849 44.829577861324,45.0353032096434 44.7683950446271,45.0468937506256 44.7071875242599,45.0584516213579 44.6459553002223,45.0699767766977 44.5846983725144,45.081469171506 44.5234168309678,45.0929288242768 44.4621107654139,45.1043557534554 44.4007800860212,45.1157497866239 44.3394250622843,45.1271110058366 44.2780456043717,45.1384393658892 44.2166417122833,45.1497348851453 44.1552136555138,45.1609974548109 44.0937612544001,45.1722270296851 44.0322845987738,45.1834236916251 43.9707838682978,45.1945873953549 43.9092590629722,45.2057180320953 43.8477100929655,45.216815620099 43.7861372277722,45.2278801140897 43.7245403775608,45.2389115322564 43.6629197219944,45.2499098927371 43.6012751712414,45.2608750232944 43.5396068151335,45.2718070055049 43.477914743502,45.2827057940106 43.4161990461785,45.2935713434515 43.354459723163,45.3044036718571 43.2926968642872,45.3152027338253 43.2309103797193,45.3259684839504 43.1691005389541,45.3367008768233 43.1072673419915,45.3473999303756 43.0454106989999,45.3580655991538 42.9835307896425,45.368697901021 42.9216277037508,45.3792967904787 42.8597014413247,45.3898621587275 42.7977520023643,45.4003941501486 42.7357794767011,45.4108925926114 42.6737840439982,45.421357503857 42.611765614424,45.4317888383241 42.54972427781,45.4421866136822 42.4876601239878,45.4525508475472 42.4255731529574,45.4628814310533 42.3634635443819,45.4731783185764 42.3013312084296,45.4834415908665 42.2391762349322,45.4936711390351 42.1769988035527,45.5038669805673 42.1147988244596,45.5140290697375 42.0525763874844,45.5241573608112 41.9903316722901,45.5342519343118 41.9280645890452,45.5443126181738 41.8657752275813,45.5543394928561 41.8034637675614,45.5643325125181 41.741130119154,45.574291631309 41.6787743721906,45.5842168033672 41.6163966165028,45.5941081089524 41.5539968520904,45.6039653760046 41.4915752586167,45.6137887477599 41.4291318360816,45.6235780521465 41.3666666743166,45.6333333062338 41.334961894005,45.6049524255459 41.303289183549,45.5765627625717 41.2716484531172,45.5481643886123 41.2400397027094,45.5197572488101 41.2084628424943,45.491341414556 41.1769178724717,45.4629168941676 41.1454047028102,45.4344836959757 41.1139232436783,45.4060418283235 41.0824734950758,45.3775913628774 41.0510553671714,45.3491322447599 41.019668859965,45.3206644823523 40.988313883625,45.292188210862 40.95699034832,45.2637033120108 40.9256982540499,45.2352098576888 40.8944375109832,45.206707919927 40.8632080292885,45.178197380293 40.8320098987971,45.1496784379444 40.8008429398461,45.1211509108433 40.7697071524355,45.0926149983646 40.7386024467337,45.0640705819664 40.7075288227407,45.0355177339473 40.676486190625,45.0069565267465 40.6454744605551,44.9783868416678 40.614493632531,44.9498088149343 40.5835437065526,44.9212223915694 40.552624502957,44.8926276441905 40.5217361115756,44.8640245816688 40.4908783527454,44.8354131489692 40.4600512264664,44.8067934827932 40.429254642907,44.7781654641801 40.3984886020673,44.7495292299841 40.3677531039473,44.720884725188 40.3370479688838,44.6922319587378 40.306373196877,44.663571003702 40.2757287879268,44.6349018050051 40.2451146522016,44.6062244999783 40.21453069987,44.5775389693967 40.183976930932,44.548845286506 40.1534532555559,44.5201434604223 40.1229596737419,44.4914335002739 40.0924960956584,44.4627154795349 40.0620624314738,44.4339893430887 40.0316586811882,44.4052551644977 40.0012848448015,44.376512888606 39.9709407426508,44.3477625890644 39.9406264645675,44.3190042751706 39.9103419207201,44.29023789171 39.8800869314455,44.261463577022 39.8498615865753,44.2326812759483 39.819665796278,44.2038909978354 39.7894995605535,44.1750927520422 39.7593626997388,44.1462866126232 39.7292553036654,44.117472589057 39.6991772825019,44.088650626087 39.669128456585,44.0598207978997 39.6391090055779,44.0309830491993 39.6091186599861,44.0021375191024 39.579157509641,43.973284087495 39.549225464711,43.9444228936449 39.5193224353648,43.9155538822729 39.4894484216022,43.8866770629544 39.4596034234233,43.8577924452767 39.4297872611651,43.828900103872 39.4000000246589,43.7999999833823</coordinates></LinearRing></outerBoundaryIs></Polygon></MultiGeometry></Placemark></Folder></Document></kml>